cap-diameter,cap-shape,gill-attachment,gill-color,stem-height,stem-width,stem-color,season,class
219,0,0,3,0.633,381,11,0.943,1
303,0,0,9,0.215,391,11,0.888,1
315,0,0,10,0.108,399,11,0.888,1
282,0,0,10,0.286,414,11,0.888,1
320,0,0,10,0.092,415,11,0.888,1
283,0,0,10,0.323,385,11,0.888,1
338,0,0,3,0.223,401,11,0.943,1
268,0,0,9,0.148,400,11,0.943,1
317,0,0,3,0.04,403,11,0.888,1
272,0,0,9,0.243,380,11,0.943,1
412,0,0,3,0.079,407,11,0.943,1
348,0,0,3,0.056,401,11,0.888,1
257,0,0,3,0.585,373,11,0.943,1
345,0,0,9,0.171,391,11,0.943,1
330,0,0,9,0.132,405,11,0.943,1
321,0,0,3,0.164,392,11,0.943,1
259,0,0,10,0.243,380,11,0.943,1
287,0,0,9,0.251,374,11,0.943,1
397,0,0,10,0.537,399,11,0.943,1
311,0,0,9,0.172,389,11,0.943,1
255,0,0,9,0.621,383,11,0.943,1
296,0,0,10,0.079,394,11,0.888,1
267,0,0,10,0.263,397,11,0.943,1
334,0,0,3,0.127,380,11,0.943,1
249,0,0,9,0.271,385,11,0.943,1
242,0,0,9,0.195,376,11,0.943,1
325,0,0,3,0.291,377,11,0.943,1
288,0,0,3,0.239,393,11,0.888,1
290,0,0,9,0.335,380,11,0.943,1
342,0,0,9,0.291,390,11,0.888,1
294,0,0,9,0.115,384,11,0.943,1
306,0,0,10,0.45,411,11,0.888,1
355,0,0,3,0.051,410,11,0.943,1
200,0,0,3,0.557,374,11,0.943,1
268,0,0,3,0.116,411,11,0.888,1
316,0,0,3,0.036,393,11,0.943,1
303,0,0,10,0.039,382,11,0.888,1
357,0,0,3,0.088,389,11,0.888,1
335,0,0,3,0.318,419,11,0.943,1
307,0,0,9,0.211,390,11,0.888,1
224,0,0,3,0.263,362,11,0.943,1
289,0,0,3,0.347,370,11,0.888,1
241,0,0,9,0.056,394,11,0.943,1
249,0,0,3,0.032,415,11,0.943,1
303,0,0,10,0.168,393,11,0.943,1
268,0,0,10,0.179,383,11,0.888,1
275,0,0,3,0.187,379,11,0.888,1
289,0,0,9,0.422,387,11,0.943,1
217,0,0,10,0.087,400,11,0.943,1
316,0,0,10,0.052,391,11,0.943,1
326,0,0,10,0.278,398,11,0.943,1
276,0,0,3,0.359,379,11,0.943,1
272,0,0,10,0.02,406,11,0.888,1
306,0,0,10,0.071,390,11,0.888,1
288,0,0,10,0.183,385,11,0.888,1
437,0,0,3,0.409,417,11,0.888,1
349,0,0,9,0.067,389,11,0.943,1
256,0,0,10,0.027,411,11,0.943,1
226,0,0,10,0.299,405,11,0.888,1
274,0,0,9,0.466,380,11,0.943,1
368,0,0,10,0.148,412,11,0.888,1
362,0,0,9,0.218,382,11,0.943,1
347,0,0,10,0.461,410,11,0.943,1
272,0,0,3,0.131,393,11,0.888,1
353,0,0,10,0.124,392,11,0.888,1
299,0,0,3,0.104,384,11,0.888,1
300,0,0,3,0.152,412,11,0.943,1
291,0,0,10,0.355,394,11,0.888,1
343,0,0,10,0.282,417,11,0.943,1
250,0,0,9,0.112,373,11,0.888,1
304,0,0,10,0.131,409,11,0.943,1
292,0,0,3,0.024,403,11,0.943,1
355,0,0,9,0.66,425,11,0.888,1
404,0,0,10,0.433,429,11,0.888,1
328,0,0,9,0.044,404,11,0.943,1
304,0,0,10,0.068,390,11,0.943,1
310,0,0,3,0.179,401,11,0.888,1
264,0,0,9,0.446,367,11,0.888,1
307,0,0,9,0.251,385,11,0.888,1
289,0,0,9,0.394,387,11,0.943,1
323,0,0,3,0.203,386,11,0.943,1
348,0,0,9,0.311,384,11,0.888,1
190,0,0,3,0.546,348,11,0.888,1
285,0,0,3,0.067,397,11,0.943,1
346,0,0,10,0.231,415,11,0.943,1
207,0,0,10,0.227,391,11,0.888,1
316,0,0,10,0.067,410,11,0.888,1
285,0,0,9,0.242,410,11,0.888,1
263,0,0,3,0.311,382,11,0.943,1
411,0,0,10,0.068,406,11,0.943,1
310,0,0,9,0.12,391,11,0.943,1
342,0,0,9,0.215,391,11,0.943,1
304,0,0,9,0.155,417,11,0.888,1
343,0,0,10,0.027,396,11,0.943,1
235,0,0,3,0.303,367,11,0.943,1
407,0,0,10,0.29,437,11,0.943,1
321,0,0,10,0.406,374,11,0.888,1
289,0,0,3,0.148,395,11,0.943,1
256,0,0,10,0.214,411,11,0.943,1
202,0,0,9,0.036,396,11,0.888,1
367,0,0,3,0.314,442,11,0.943,1
303,0,0,9,0.063,376,11,0.943,1
266,0,0,3,0.168,377,11,0.888,1
338,0,0,3,0.052,397,11,0.943,1
265,0,0,3,0.287,381,11,0.943,1
349,0,0,3,0.422,410,11,0.943,1
239,0,0,3,0.486,376,11,0.888,1
321,0,0,9,0.258,409,11,0.943,1
333,0,0,3,0.06,404,11,0.943,1
277,0,0,10,0.144,401,11,0.888,1
282,0,0,10,0.271,407,11,0.943,1
256,0,0,10,0.087,398,11,0.943,1
271,0,0,10,0.195,411,11,0.888,1
363,0,0,3,0.124,390,11,0.888,1
244,0,0,10,0.055,415,11,0.888,1
295,0,0,3,0.254,398,11,0.888,1
231,0,0,3,0.327,395,11,0.943,1
284,0,0,9,0.023,387,11,0.888,1
226,0,0,10,0.426,370,11,0.943,1
295,0,0,10,0.307,397,11,0.943,1
298,0,0,3,0.343,388,11,0.943,1
264,0,0,3,0.123,388,11,0.888,1
331,0,0,10,0,417,11,0.943,1
275,0,0,3,0.366,385,11,0.888,1
305,0,0,3,0.072,399,11,0.943,1
257,0,0,3,0.275,406,11,0.888,1
343,0,0,3,0.315,400,11,0.888,1
336,0,0,9,0.25,402,11,0.888,1
287,0,0,10,0.502,395,11,0.943,1
335,0,0,10,0.148,384,11,0.888,1
387,0,0,9,0.238,413,11,0.943,1
299,0,0,3,0.004,392,11,0.943,1
286,0,0,9,0.059,403,11,0.888,1
269,0,0,9,0.055,402,11,0.943,1
245,0,0,9,0.063,405,11,0.888,1
226,0,0,10,0.223,380,11,0.943,1
316,0,0,3,0.478,362,11,0.943,1
244,0,0,9,0.279,371,11,0.943,1
221,0,0,10,0.283,388,11,0.888,1
254,0,0,10,0.303,390,11,0.943,1
281,0,0,3,0.084,392,11,0.888,1
357,0,0,10,0.063,397,11,0.888,1
315,0,0,10,0.295,372,11,0.943,1
362,0,0,9,0.199,401,11,0.888,1
334,0,0,9,0.302,398,11,0.888,1
299,0,0,9,0.234,401,11,0.943,1
240,0,0,9,0.414,386,11,0.943,1
288,0,0,9,0.152,413,11,0.888,1
318,0,0,10,0.163,394,11,0.943,1
363,0,0,3,0.203,398,11,0.888,1
280,0,0,9,0.498,398,11,0.943,1
335,0,0,10,0.055,423,11,0.888,1
296,0,0,9,0.323,403,11,0.943,1
251,0,0,10,0.418,384,11,0.943,1
344,0,0,9,0.035,393,11,0.943,1
343,0,0,9,0.064,400,11,0.943,1
372,0,0,3,0.131,400,11,0.888,1
323,0,0,9,0.031,401,11,0.943,1
230,0,0,3,0.836,348,11,0.888,1
298,0,0,9,0.199,401,11,0.888,1
339,0,0,3,0.234,393,11,0.943,1
357,0,0,3,0.116,393,11,0.888,1
281,0,0,10,0.43,390,11,0.888,1
215,0,0,3,0.426,376,11,0.943,1
416,0,0,3,0.172,415,11,0.888,1
233,0,0,10,0.096,386,11,0.888,1
402,0,0,10,0.238,406,11,0.943,1
337,0,0,3,0.031,405,11,0.943,1
301,0,0,9,0.514,377,11,0.888,1
249,0,0,3,0.132,380,11,0.888,1
334,0,0,10,0.331,379,11,0.888,1
327,0,0,10,0.334,407,11,0.943,1
303,0,0,9,0.092,392,11,0.888,1
300,0,0,9,0.187,415,11,0.888,1
165,0,0,3,0.319,365,11,0.888,1
243,0,0,10,0.231,401,11,0.943,1
300,0,0,9,0.203,392,11,0.888,1
322,0,0,3,0.207,420,11,0.888,1
218,0,0,9,0.291,387,11,0.943,1
293,0,0,9,0.482,378,11,0.888,1
262,0,0,10,0.176,388,11,0.943,1
335,0,0,10,0.176,411,11,0.943,1
253,0,0,9,0.49,384,11,0.943,1
250,0,0,10,0.339,378,11,0.943,1
328,0,0,10,0.139,417,11,0.943,1
364,0,0,9,0.115,392,11,0.888,1
317,0,0,9,0.156,396,11,0.943,1
237,0,0,10,0.127,405,11,0.888,1
321,0,0,10,0.35,422,11,0.943,1
327,0,0,9,0.148,395,11,0.943,1
296,0,0,3,0.028,402,11,0.943,1
345,0,0,10,0.632,421,11,0.943,1
304,0,0,3,0.518,382,11,0.943,1
267,0,0,9,0.148,397,11,0.943,1
307,0,0,3,0.019,407,11,0.888,1
325,0,0,3,0.139,403,11,0.943,1
303,0,0,10,0.179,388,11,0.888,1
353,0,0,10,0.191,414,11,0.943,1
328,0,0,10,0.027,394,11,0.943,1
272,0,0,9,0.059,410,11,0.888,1
318,0,0,10,0.02,385,11,0.943,1
211,0,0,3,0.247,366,11,0.943,1
326,0,0,9,0.124,404,11,0.943,1
359,0,0,9,0.33,406,11,0.943,1
356,0,0,9,0.116,401,11,0.943,1
254,0,0,9,0.111,409,11,0.943,1
423,0,0,3,0.238,421,11,0.888,1
286,0,0,3,0.315,390,11,0.888,1
239,0,0,10,0.191,380,11,0.943,1
331,0,0,9,0.291,387,11,0.943,1
327,0,0,10,0.072,398,11,0.888,1
207,0,0,3,0.446,367,11,0.888,1
262,0,0,9,0.124,397,11,0.888,1
310,0,0,10,0.362,406,11,0.943,1
173,0,0,9,0.279,395,11,0.888,1
377,0,0,9,0.135,412,11,0.888,1
262,0,0,9,0.048,389,11,0.943,1
273,0,0,9,0.099,400,11,0.888,1
316,0,0,3,0.148,401,11,0.943,1
190,0,0,3,0.573,358,11,0.888,1
267,0,0,10,0.454,380,11,0.888,1
279,0,0,3,0.124,394,11,0.888,1
183,0,0,3,0.144,372,11,0.888,1
274,0,0,9,0.426,395,11,0.943,1
321,0,0,10,0.008,410,11,0.943,1
338,0,0,10,0.119,420,11,0.943,1
331,0,0,10,0.16,391,11,0.943,1
279,0,0,10,0.183,405,11,0.943,1
336,0,0,9,0.37,398,11,0.943,1
299,0,0,3,0.036,394,11,0.943,1
349,0,0,3,0.123,395,11,0.943,1
303,0,0,3,0.027,408,11,0.888,1
299,0,0,10,0.327,391,11,0.943,1
288,0,0,3,0.103,429,11,0.888,1
292,0,0,9,0.1,388,11,0.943,1
354,0,0,3,0.266,418,11,0.943,1
307,0,0,9,0.298,417,11,0.888,1
313,0,0,9,0.176,380,11,0.943,1
337,0,0,9,0.079,396,11,0.888,1
327,0,0,10,0.175,414,11,0.888,1
275,0,0,3,0.238,414,11,0.888,1
298,0,0,3,0.08,359,11,0.888,1
333,0,0,9,0.167,390,11,0.888,1
260,0,0,9,0.522,367,11,0.888,1
219,0,0,3,0.303,380,11,0.888,1
244,0,0,9,0.136,396,11,0.943,1
356,0,0,10,0.529,406,11,0.943,1
235,0,0,10,0.597,363,11,0.943,1
297,0,0,10,0.39,375,11,0.943,1
304,0,0,9,0.02,398,11,0.888,1
392,0,0,9,0.008,419,11,0.943,1
364,0,0,9,0.27,421,11,0.943,1
322,0,0,3,0.144,403,11,0.888,1
295,0,0,9,0.083,422,11,0.888,1
361,0,0,10,0.164,390,11,0.888,1
286,0,0,10,0.008,401,11,0.943,1
289,0,0,3,0.172,383,11,0.943,1
400,0,0,10,0.33,408,11,0.943,1
229,0,0,9,0.251,378,11,0.943,1
256,0,0,9,0.311,380,11,0.943,1
361,0,0,10,0.072,404,11,0.888,1
266,0,0,3,0.311,392,11,0.943,1
371,0,0,3,0.23,393,11,0.943,1
286,0,0,9,0.211,390,11,0.888,1
357,0,0,3,0.119,394,11,0.888,1
345,0,0,9,0.104,410,11,0.943,1
338,0,0,3,0.076,412,11,0.943,1
313,0,0,10,0.155,393,11,0.943,1
317,0,0,10,0.068,396,11,0.943,1
355,0,0,3,0.044,410,11,0.888,1
348,0,0,3,0.481,422,11,0.943,1
318,0,0,9,0.323,405,11,0.943,1
295,0,0,9,0.104,386,11,0.888,1
289,0,0,10,0.152,401,11,0.943,1
279,0,0,10,0.052,382,11,0.888,1
216,0,0,10,0.144,384,11,0.943,1
274,0,0,10,0.024,390,11,0.888,1
335,0,0,9,0.211,392,11,0.888,1
201,0,0,10,0.486,374,11,0.888,1
325,0,0,9,0.175,401,11,0.943,1
255,0,0,9,0.044,398,11,0.943,1
357,0,0,3,0.179,408,11,0.943,1
239,0,0,10,0.1,375,11,0.888,1
344,0,0,9,0.116,404,11,0.943,1
272,0,0,9,0.581,369,11,0.888,1
239,0,0,10,0.128,380,11,0.943,1
312,0,0,9,0.307,376,11,0.943,1
337,0,0,10,0.179,396,11,0.888,1
320,0,0,3,0.163,418,11,0.888,1
354,0,0,10,0.326,409,11,0.943,1
354,0,0,9,0.008,416,11,0.888,1
305,0,0,9,0.103,383,11,0.943,1
405,0,0,3,0.6,433,11,0.943,1
361,0,0,10,0.199,400,11,0.943,1
198,0,0,3,0.152,390,11,0.943,1
310,0,0,10,0.04,394,11,0.943,1
235,0,0,10,0.359,377,11,0.943,1
368,0,0,10,0.648,428,11,0.943,1
280,0,0,9,0.064,399,11,0.943,1
274,0,0,3,0.231,392,11,0.888,1
374,0,0,9,0.27,426,11,0.943,1
366,0,0,10,0.31,414,11,0.888,1
360,0,0,10,0.354,395,11,0.888,1
250,0,0,3,0.227,408,11,0.943,1
437,0,0,3,0.116,406,11,0.888,1
372,0,0,3,0.008,404,11,0.943,1
308,0,0,3,0.124,382,11,0.888,1
304,0,0,3,0.004,400,11,0.888,1
320,0,0,9,0.339,402,11,0.888,1
364,0,0,10,0.096,403,11,0.943,1
285,0,0,3,0.442,376,11,0.943,1
238,0,0,3,0.315,393,11,0.943,1
321,0,0,9,0.004,386,11,0.888,1
291,0,0,10,0.335,393,11,0.943,1
342,0,0,10,0.092,382,11,0.943,1
366,0,0,3,0.116,405,11,0.888,1
269,0,0,3,0.076,401,11,0.888,1
228,0,0,3,0.207,389,11,0.888,1
331,0,0,10,0.075,406,11,0.888,1
366,0,0,10,0.163,409,11,0.888,1
238,0,0,9,0.283,378,11,0.888,1
294,0,0,10,0.164,401,11,0.888,1
269,0,0,3,0.255,370,11,0.943,1
351,0,0,9,0.087,412,11,0.943,1
367,0,0,9,0.096,404,11,0.943,1
315,0,0,3,0.032,398,11,0.888,1
346,0,0,10,0.124,405,11,0.943,1
226,0,0,10,0.303,373,11,0.888,1
351,0,0,9,0.043,387,11,0.888,1
389,0,0,3,0.294,415,11,0.888,1
353,0,0,9,0.156,383,11,0.888,1
245,0,0,3,0.649,357,11,0.943,1
265,0,0,3,0.291,376,11,0.888,1
303,0,0,3,0.315,393,11,0.888,1
295,0,0,9,0.052,400,11,0.943,1
316,0,0,10,0.019,410,11,0.943,1
357,0,0,9,0.039,415,11,0.943,1
322,0,0,3,0.199,398,11,0.888,1
264,0,0,3,0.207,375,11,0.943,1
300,0,0,10,0.068,404,11,0.943,1
197,0,0,4,0.06,206,11,1.804,0
187,0,0,4,0.075,244,11,0.888,0
251,0,0,4,0.274,272,11,1.804,0
222,0,0,5,0.055,256,11,0.888,0
262,0,0,5,0.219,192,11,0.027,0
276,0,0,5,0.096,200,11,1.804,0
249,0,0,5,0.278,268,11,1.804,0
255,0,0,4,0.167,277,11,1.804,0
246,0,0,4,0.23,267,11,0.943,0
244,0,0,4,0.071,243,11,0.888,0
241,0,0,5,0.019,251,11,0.943,0
319,0,0,4,0.397,283,11,0.888,0
254,0,0,4,0.004,265,11,0.943,0
220,0,0,4,0.127,232,11,1.804,0
303,0,0,5,0.493,279,11,1.804,0
246,0,0,5,0.565,313,11,0.943,0
220,0,0,4,0.131,244,11,0.027,0
314,0,0,4,0.457,314,11,0.943,0
280,0,0,5,0.02,230,11,1.804,0
260,0,0,4,0.327,229,11,0.943,0
199,0,0,4,0.079,204,11,0.888,0
258,0,0,4,0.019,214,11,0.943,0
215,0,0,5,0.004,198,11,0.027,0
278,0,0,5,0.012,204,11,1.804,0
230,0,0,5,0.207,226,11,1.804,0
261,0,0,4,0.071,295,11,0.943,0
260,0,0,4,0.334,300,11,0.943,0
242,0,0,5,0.143,218,11,0.888,0
238,0,0,4,0.091,280,11,0.888,0
268,0,0,5,0.107,259,11,0.027,0
220,0,0,4,0.159,263,11,0.888,0
229,0,0,5,0.355,199,11,0.943,0
267,0,0,4,0.103,254,11,0.027,0
249,0,0,5,0.019,249,11,1.804,0
279,0,0,5,0.266,252,11,0.943,0
210,0,0,4,0.012,229,11,0.888,0
256,0,0,5,0.326,278,11,1.804,0
236,0,0,4,0.124,271,11,0.888,0
191,0,0,4,0.402,166,11,1.804,0
232,0,0,4,0.12,173,11,0.888,0
224,0,0,5,0.282,285,11,0.027,0
180,0,0,4,0.124,247,11,0.027,0
276,0,0,4,0.191,310,11,0.888,0
243,0,0,5,0.306,236,11,0.943,0
238,0,0,4,0.139,230,11,0.943,0
205,0,0,4,0.048,175,11,1.804,0
250,0,0,5,0.457,275,11,0.888,0
215,0,0,5,0.302,278,11,0.027,0
303,0,0,4,0.326,271,11,0.027,0
263,0,0,5,0.358,291,11,0.888,0
259,0,0,5,0.163,218,11,0.027,0
291,0,0,4,0.318,279,11,1.804,0
272,0,0,5,0.068,216,11,1.804,0
315,0,0,4,0.135,231,11,1.804,0
230,0,0,4,0.163,254,11,0.888,0
221,0,0,4,0.409,252,11,0.027,0
199,0,0,5,0.147,254,11,0.943,0
198,0,0,4,0.152,201,11,1.804,0
237,0,0,5,0.072,247,11,0.888,0
242,0,0,5,0.083,279,11,0.027,0
259,0,0,4,0.338,250,11,0.027,0
274,0,0,5,0.004,233,11,0.888,0
212,0,0,4,0.071,263,11,1.804,0
188,0,0,5,0.096,196,11,0.888,0
267,0,0,4,0.143,237,11,1.804,0
303,0,0,4,0.199,280,11,0.888,0
259,0,0,5,0.143,244,11,0.888,0
224,0,0,5,0,256,11,1.804,0
252,0,0,5,0.087,215,11,0.027,0
227,0,0,5,0.203,237,11,0.888,0
261,0,0,5,0.254,241,11,0.888,0
271,0,0,4,0.035,237,11,0.943,0
282,0,0,4,0.306,283,11,0.943,0
233,0,0,4,0.175,283,11,0.943,0
287,0,0,4,0.095,240,11,1.804,0
297,0,0,5,0.254,274,11,1.804,0
241,0,0,4,0.171,235,11,0.027,0
236,0,0,4,0.151,250,11,0.888,0
271,0,0,5,0.004,219,11,0.888,0
252,0,0,5,0.413,292,11,0.943,0
284,0,0,5,0.437,290,11,1.804,0
209,0,0,4,0.092,210,11,0.027,0
196,0,0,5,0.152,196,11,0.027,0
277,0,0,5,0.159,248,11,0.027,0
247,0,0,5,0.183,199,11,0.027,0
201,0,0,4,0.036,224,11,1.804,0
222,0,0,5,0.075,231,11,0.888,0
250,0,0,4,0.155,282,11,0.943,0
272,0,0,4,0.012,267,11,1.804,0
250,0,0,5,0.318,310,11,1.804,0
297,0,0,4,0.393,266,11,0.943,0
276,0,0,5,0.338,283,11,0.027,0
271,0,0,4,0.131,265,11,0.943,0
269,0,0,4,0.163,269,11,1.804,0
294,0,0,5,0.191,283,11,1.804,0
215,0,0,4,0.171,290,11,0.027,0
271,0,0,4,0.29,246,11,0.888,0
270,0,0,5,0.056,268,11,0.888,0
250,0,0,5,0.028,275,11,0.943,0
333,0,0,5,0.306,292,11,0.027,0
255,0,0,4,0.183,177,11,0.943,0
267,0,0,5,0.143,264,11,0.027,0
257,0,0,5,0.087,249,11,0.943,0
330,0,0,4,0.095,272,11,0.943,0
255,0,0,4,0.218,210,11,0.943,0
261,0,0,4,0.051,236,11,0.027,0
255,0,0,5,0.175,246,11,0.027,0
221,0,0,5,0.052,177,11,0.027,0
310,0,0,5,0.068,245,11,0.943,0
254,0,0,4,0.143,245,11,0.943,0
259,0,0,5,0.055,218,11,0.027,0
281,0,0,4,0.031,247,11,0.943,0
290,0,0,4,0.405,347,11,0.027,0
266,0,0,4,0.139,230,11,0.888,0
247,0,0,5,0.187,278,11,0.027,0
280,0,0,4,0.6,307,11,0.943,0
304,0,0,4,0.27,308,11,0.888,0
330,0,0,5,0.521,291,11,0.943,0
231,0,0,4,0.004,225,11,0.027,0
294,0,0,5,0.103,268,11,0.943,0
298,0,0,4,0.131,231,11,0.943,0
278,0,0,5,0.195,259,11,0.888,0
294,0,0,5,0.421,284,11,0.943,0
261,0,0,4,0.203,270,11,0.888,0
291,0,0,4,0.266,231,11,0.027,0
234,0,0,4,0.043,261,11,0.943,0
242,0,0,4,0.008,220,11,0.888,0
269,0,0,4,0.103,210,11,0.943,0
259,0,0,4,0.242,266,11,0.943,0
242,0,0,5,0.453,280,11,0.027,0
287,0,0,5,0.282,233,11,0.943,0
255,0,0,5,0.023,227,11,0.027,0
252,0,0,5,0.032,231,11,0.027,0
230,0,0,5,0.199,210,11,0.943,0
232,0,0,4,0.155,253,11,1.804,0
249,0,0,4,0.179,189,11,0.943,0
260,0,0,4,0.043,250,11,1.804,0
240,0,0,4,0.199,219,11,0.888,0
278,0,0,5,0.437,284,11,1.804,0
219,0,0,4,0.091,236,11,1.804,0
308,0,0,5,0.39,288,11,1.804,0
255,0,0,5,0.132,175,11,0.888,0
268,0,0,5,0.23,246,11,0.943,0
207,0,0,4,0.183,222,11,0.027,0
262,0,0,5,0.215,196,11,1.804,0
259,0,0,4,0.346,243,11,0.027,0
255,0,0,5,0.179,251,11,1.804,0
216,0,0,4,0.104,243,11,0.888,0
201,0,0,5,0.052,237,11,0.027,0
239,0,0,4,0.147,227,11,1.804,0
273,0,0,4,0.167,295,11,0.888,0
266,0,0,5,0.254,266,11,0.027,0
207,0,0,5,0.016,230,11,0.888,0
242,0,0,4,0.071,217,11,0.888,0
245,0,0,5,0.171,241,11,1.804,0
228,0,0,4,0.215,203,11,0.027,0
255,0,0,5,0.128,164,11,0.888,0
228,0,0,5,0.068,193,11,0.943,0
268,0,0,5,0.322,263,11,0.943,0
298,0,0,4,0.226,282,11,0.888,0
254,0,0,4,0.027,268,11,0.888,0
262,0,0,4,0.103,260,11,0.027,0
267,0,0,4,0.044,240,11,1.804,0
233,0,0,4,0.23,283,11,0.888,0
265,0,0,5,0.592,275,11,0.027,0
243,0,0,5,0.027,212,11,0.888,0
267,0,0,4,0.123,224,11,0.943,0
270,0,0,4,0.044,285,11,0.027,0
250,0,0,5,0.108,256,11,0.943,0
190,0,0,5,0.172,224,11,0.027,0
277,0,0,4,0.124,238,11,0.888,0
267,0,0,4,0.234,257,11,1.804,0
197,0,0,5,0.068,203,11,0.888,0
226,0,0,4,0.222,263,11,0.027,0
297,0,0,5,0.191,231,11,0.888,0
218,0,0,5,0.016,238,11,0.888,0
255,0,0,5,0.266,236,11,0.027,0
288,0,0,4,0.25,248,11,0.943,0
153,0,0,5,0.227,213,11,0.943,0
216,0,0,5,0.143,264,11,0.943,0
229,0,0,4,0.295,220,11,0.943,0
252,0,0,5,0.127,230,11,0.943,0
244,0,0,5,0.282,229,11,0.943,0
262,0,0,4,0.322,289,11,0.888,0
196,0,0,5,0.267,237,11,0.027,0
291,0,0,4,0.254,228,11,1.804,0
256,0,0,4,0.334,295,11,0.027,0
255,0,0,5,0.068,194,11,0.888,0
234,0,0,5,0.238,234,11,0.027,0
282,0,0,4,0.29,294,11,1.804,0
359,0,0,4,0.397,268,11,0.027,0
253,0,0,4,0.012,266,11,0.888,0
203,0,0,4,0.152,249,11,0.027,0
252,0,0,4,0.179,226,11,0.027,0
212,0,0,4,0.031,216,11,0.888,0
292,0,0,5,0.409,273,11,1.804,0
237,0,0,5,0.06,224,11,1.804,0
233,0,0,5,0.12,277,11,0.943,0
272,0,0,5,0.063,255,11,0.888,0
281,0,0,4,0.262,236,11,0.027,0
234,0,0,5,0.331,196,11,0.943,0
236,0,0,5,0.171,242,11,0.943,0
259,0,0,4,0.012,219,11,0.888,0
273,0,0,4,0.155,253,11,0.943,0
225,0,0,4,0.291,204,11,0.027,0
245,0,0,4,0.032,213,11,0.943,0
289,0,0,4,0.218,246,11,0.888,0
280,0,0,5,0.052,255,11,0.888,0
299,0,0,4,0.079,258,11,1.804,0
309,0,0,4,0.152,199,11,0.888,0
334,0,0,4,0.286,281,11,0.027,0
234,0,0,5,0.176,227,11,1.804,0
252,0,0,5,0.06,204,11,0.888,0
244,0,0,4,0.374,280,11,0.888,0
268,0,0,5,0.238,275,11,0.943,0
257,0,0,5,0.072,231,11,0.888,0
202,0,0,4,0.179,250,11,0.027,0
273,0,0,4,0.075,228,11,0.888,0
273,0,0,5,0.159,247,11,0.027,0
245,0,0,4,0.222,221,11,1.804,0
270,0,0,4,0.271,194,11,0.027,0
272,0,0,5,0.246,247,11,0.888,0
233,0,0,4,0.262,265,11,1.804,0
260,0,0,4,0.151,273,11,0.943,0
238,0,0,4,0.358,253,11,0.888,0
247,0,0,4,0.461,272,11,0.943,0
288,0,0,4,0.012,218,11,1.804,0
288,0,0,5,0,247,11,1.804,0
331,0,0,5,0.25,242,11,0.943,0
257,0,0,4,0.286,224,11,0.888,0
225,0,0,5,0.087,211,11,0.943,0
262,0,0,4,0.21,231,11,1.804,0
253,0,0,4,0.023,256,11,0.943,0
322,0,0,4,0.048,244,11,1.804,0
302,0,0,5,0.123,249,11,0.027,0
269,0,0,4,0.234,207,11,0.888,0
287,0,0,4,0.386,305,11,0.027,0
265,0,0,5,0.393,309,11,0.027,0
259,0,0,4,0.314,258,11,0.943,0
227,0,0,4,0.06,230,11,0.888,0
290,0,0,4,0.31,259,11,0.943,0
259,0,0,5,0.107,285,11,0.027,0
229,0,0,4,0.048,238,11,0.888,0
241,0,0,5,0.008,225,11,1.804,0
240,0,0,5,0.044,241,11,0.027,0
274,0,0,4,0.23,245,11,1.804,0
266,0,0,4,0.019,254,11,0.888,0
211,0,0,5,0.242,262,11,0.888,0
285,0,0,5,0.242,236,11,0.027,0
257,0,0,4,0.362,251,11,0.027,0
316,0,0,4,0.175,227,11,0.888,0
288,0,0,4,0.008,259,11,1.804,0
233,0,0,5,0.335,182,11,0.888,0
194,0,0,5,0.052,213,11,0.888,0
306,0,0,4,0.286,290,11,0.943,0
249,0,0,5,0.175,254,11,0.027,0
260,0,0,4,0.314,333,11,0.027,0
312,0,0,5,0.31,285,11,0.943,0
305,0,0,4,0.262,283,11,0.027,0
278,0,0,5,0.143,301,11,1.804,0
234,0,0,4,0.044,227,11,0.888,0
255,0,0,4,0.115,210,11,0.027,0
247,0,0,4,0.067,260,11,0.943,0
253,0,0,5,0.02,255,11,0.943,0
217,0,0,4,0.048,231,11,0.888,0
238,0,0,4,0.083,255,11,0.943,0
291,0,0,5,0.278,269,11,0.027,0
192,0,0,5,0.115,221,11,0.027,0
256,0,0,5,0.151,245,11,0.027,0
200,0,0,4,0.247,187,11,0.943,0
314,0,0,4,0.561,311,11,1.804,0
381,0,0,5,0.37,316,11,0.027,0
218,0,0,4,0.429,254,11,0.943,0
320,0,0,4,0.278,268,11,0.027,0
249,0,0,4,0.067,266,11,0.888,0
204,0,0,4,0.028,232,11,1.804,0
241,0,0,5,0.187,244,11,0.888,0
331,0,0,5,0.696,324,11,0.027,0
262,0,0,4,0.533,277,11,0.888,0
264,0,0,5,0.457,280,11,0.943,0
209,0,0,5,0.238,206,11,0.888,0
285,0,0,4,0.374,281,11,0.943,0
241,0,0,5,0.306,249,11,0.888,0
265,0,0,4,0.274,296,11,1.804,0
265,0,0,5,0.095,235,11,1.804,0
287,0,0,5,0.019,258,11,0.888,0
228,0,0,4,0.29,278,11,0.943,0
266,0,0,4,0.135,222,11,0.888,0
242,0,0,4,0.064,254,11,0.888,0
202,0,0,4,0.267,221,11,0.027,0
221,0,0,5,0.096,213,11,0.027,0
234,0,0,4,0.445,265,11,0.027,0
295,0,0,4,0.33,286,11,0.888,0
321,0,0,4,0.469,312,11,1.804,0
239,0,0,4,0.052,211,11,1.804,0
242,0,0,5,0.012,215,11,1.804,0
224,0,0,4,0.028,192,11,0.943,0
269,0,0,5,0.449,270,11,0.943,0
253,0,0,4,0.044,252,11,0.943,0
256,0,0,4,0.135,203,11,0.888,0
278,0,0,5,0.485,275,11,0.027,0
230,0,0,5,0.052,244,11,1.804,0
324,0,0,5,0.449,256,11,0.888,0
221,0,0,4,0.048,232,11,0.888,0
284,0,0,5,0.505,288,11,0.027,0
234,0,0,5,0.112,255,11,0.888,0
257,0,0,4,0.004,197,11,0.888,0
220,0,0,5,0.172,214,11,1.804,0
261,0,0,4,0.29,288,11,1.804,0
229,0,0,4,0.199,210,11,0.943,0
255,0,0,4,0.481,307,11,0.888,0
182,0,0,5,0.111,228,11,0.943,0
273,0,0,5,0.067,211,11,0.943,0
254,0,0,5,0.326,237,11,0.943,0
273,0,0,5,0.095,266,11,1.804,0
187,0,0,4,0.008,183,11,0.027,0
233,0,0,5,0.103,237,11,0.027,0
247,0,0,4,0.238,281,11,0.027,0
247,0,0,5,0.218,290,11,0.027,0
294,0,0,4,0.195,235,11,1.804,0
250,0,0,4,0.147,226,11,0.027,0
243,0,0,4,0.047,261,11,1.804,0
299,0,0,5,0.234,258,11,0.888,0
288,0,0,4,0.358,321,11,1.804,0
191,0,0,4,0.454,174,11,0.888,0
215,0,0,5,0.156,230,11,0.888,0
258,0,0,4,0.144,230,11,0.888,0
202,0,0,4,0.136,213,11,0.888,0
274,0,0,5,0.064,201,11,0.943,0
295,0,0,4,0.226,284,11,0.888,0
272,0,0,5,0.437,246,11,0.888,0
259,0,0,4,0.405,293,11,0.943,0
181,0,0,5,0.223,199,11,0.027,0
252,0,0,4,0.012,231,11,0.943,0
213,0,0,4,0.051,218,11,0.027,0
322,0,0,5,0.425,275,11,0.888,0
222,0,0,4,0.278,286,11,0.027,0
255,0,0,5,0.04,216,11,0.943,0
221,0,0,4,0.219,183,11,1.804,0
221,0,0,4,0.031,212,11,1.804,0
255,0,0,4,0.155,246,11,0.888,0
257,0,0,4,0.111,247,11,0.027,0
305,0,0,5,0.577,280,11,1.804,0
281,0,0,5,0.203,189,11,1.804,0
215,0,0,4,0.015,223,11,0.027,0
263,0,0,4,0.039,246,11,0.027,0
203,0,0,4,0.322,203,11,0.027,0
303,0,0,5,0.294,322,11,0.027,0
239,0,0,4,0.099,234,11,0.027,0
283,0,0,5,0.246,218,11,0.943,0
301,0,0,5,0.509,315,11,0.943,0
252,0,0,4,0.144,198,11,0.027,0
223,0,0,5,0.083,204,11,0.943,0
55,4,0,3,1.361,93,11,0.027,0
69,0,0,3,1.047,99,11,0.943,0
35,4,0,3,1.226,75,11,0.888,0
53,4,0,3,1.278,95,11,0.888,0
70,0,0,3,1.099,108,11,0.888,0
45,0,0,3,1.079,121,11,0.943,0
51,4,0,3,1.003,105,11,1.804,0
38,0,0,3,1.465,68,11,0.027,0
55,0,0,3,1.333,86,11,0.943,0
51,0,0,3,1.226,100,11,0.888,0
73,0,0,3,1.035,112,11,0.027,0
59,0,0,3,1.174,95,11,1.804,0
44,4,0,3,1.246,94,11,1.804,0
48,0,0,3,1.19,113,11,0.888,0
62,4,0,3,1.357,89,11,1.804,0
88,0,0,3,1.202,126,11,0.943,0
65,0,0,3,1.246,110,11,0.943,0
53,0,0,3,1.238,109,11,0.027,0
64,0,0,3,1.186,85,11,0.943,0
61,0,0,3,1.194,103,11,1.804,0
68,0,0,3,1.405,89,11,0.943,0
71,0,0,3,1.361,103,11,0.027,0
52,0,0,3,1.099,120,11,0.943,0
53,4,0,3,1.401,90,11,1.804,0
50,4,0,3,1.198,124,11,0.027,0
78,0,0,3,1.126,112,11,0.943,0
14,4,0,3,1.473,68,11,1.804,0
60,0,0,3,1.146,97,11,0.943,0
82,4,0,3,1.138,123,11,0.943,0
9,0,0,3,1.52,73,11,0.027,0
12,0,0,3,1.52,71,11,0.888,0
96,0,0,3,0.999,101,11,1.804,0
57,4,0,3,1.146,104,11,0.027,0
29,0,0,3,1.306,95,11,0.027,0
32,4,0,3,1.325,87,11,1.804,0
65,0,0,3,1.306,111,11,0.888,0
44,0,0,3,1.166,100,11,1.804,0
55,0,0,3,1.278,113,11,0.027,0
77,4,0,3,1.528,78,11,1.804,0
57,0,0,3,1.202,104,11,0.943,0
48,4,0,3,1.146,107,11,1.804,0
56,4,0,3,1.186,117,11,1.804,0
59,4,0,3,1.274,101,11,0.888,0
38,0,0,3,1.433,67,11,0.027,0
42,4,0,3,1.31,80,11,0.027,0
56,0,0,3,0.991,134,11,0.027,0
85,4,0,3,1.409,90,11,1.804,0
76,0,0,3,1.246,106,11,0.943,0
58,4,0,3,1.238,100,11,0.943,0
39,0,0,3,1.329,79,11,0.943,0
56,4,0,3,1.17,92,11,0.888,0
40,4,0,3,1.54,91,11,1.804,0
42,0,0,3,1.325,95,11,0.027,0
33,0,0,3,1.357,76,11,0.027,0
71,4,0,3,1.238,88,11,1.804,0
52,4,0,3,1.146,106,11,0.943,0
68,4,0,3,1.321,86,11,1.804,0
62,4,0,3,1.381,86,11,0.888,0
23,4,0,3,1.397,64,11,1.804,0
54,0,0,3,1.425,58,11,0.027,0
54,4,0,3,1.095,125,11,0.027,0
45,4,0,3,1.294,110,11,0.888,0
48,0,0,3,1.075,105,11,1.804,0
68,4,0,3,1.25,115,11,0.888,0
72,0,0,3,1.234,111,11,0.943,0
59,4,0,3,1.162,113,11,0.027,0
56,4,0,3,1.437,79,11,0.027,0
95,0,0,3,0.943,118,11,0.943,0
53,0,0,3,1.202,116,11,1.804,0
41,4,0,3,1.23,107,11,0.027,0
74,0,0,3,1.182,91,11,0.888,0
74,0,0,3,1.182,103,11,0.943,0
48,0,0,3,1.353,88,11,0.943,0
78,0,0,3,1.17,122,11,1.804,0
39,4,0,3,1.329,82,11,0.943,0
69,4,0,3,1.115,123,11,0.888,0
56,0,0,3,1.115,110,11,0.027,0
43,4,0,3,1.365,76,11,0.943,0
8,4,0,3,1.417,55,11,1.804,0
56,4,0,3,1.361,79,11,0.943,0
83,0,0,3,1.282,88,11,1.804,0
86,4,0,3,1.154,99,11,0.027,0
34,4,0,3,1.21,104,11,0.888,0
42,4,0,3,1.365,61,11,1.804,0
71,0,0,3,1.401,77,11,0.943,0
59,4,0,3,1.226,98,11,0.027,0
38,0,0,3,1.489,73,11,1.804,0
49,0,0,3,1.429,64,11,0.027,0
57,4,0,3,1.119,113,11,0.888,0
57,0,0,3,1.353,95,11,0.888,0
84,0,0,3,1.095,109,11,0.888,0
67,4,0,3,1.162,93,11,0.027,0
29,0,0,3,1.548,55,11,0.027,0
48,0,0,3,1.266,97,11,0.027,0
75,0,0,3,1.146,135,11,1.804,0
55,4,0,3,1.134,122,11,0.888,0
58,4,0,3,1.254,102,11,1.804,0
93,0,0,3,1.079,135,11,0.027,0
44,0,0,3,1.349,89,11,0.888,0
49,4,0,3,1.282,92,11,1.804,0
59,0,0,3,1.246,97,11,0.943,0
69,0,0,3,1.142,101,11,0.027,0
39,4,0,3,1.313,84,11,0.888,0
33,4,0,3,1.345,77,11,1.804,0
64,0,0,3,1.512,91,11,0.888,0
30,4,0,3,1.417,89,11,1.804,0
58,0,0,3,1.186,99,11,0.027,0
60,4,0,3,1.027,131,11,0.888,0
39,4,0,3,1.222,88,11,1.804,0
29,4,0,3,1.552,64,11,0.888,0
58,0,0,3,1.317,103,11,1.804,0
75,4,0,3,1.306,92,11,0.888,0
68,4,0,3,1.075,98,11,0.027,0
85,4,0,3,1.325,94,11,0.943,0
38,0,0,3,1.29,106,11,0.027,0
51,4,0,3,1.489,81,11,0.027,0
63,4,0,3,1.234,105,11,1.804,0
66,0,0,3,1.306,94,11,0.888,0
75,0,0,3,1.035,120,11,0.888,0
53,4,0,3,1.254,108,11,0.888,0
40,4,0,3,1.441,66,11,0.943,0
67,0,0,3,1.186,117,11,0.943,0
44,0,0,3,1.138,95,11,0.888,0
63,4,0,3,1.142,114,11,0.943,0
86,4,0,3,1.282,92,11,0.027,0
67,4,0,3,1.218,124,11,1.804,0
26,0,0,3,1.616,88,11,0.888,0
45,0,0,3,1.27,102,11,0.888,0
39,0,0,3,1.501,65,11,0.943,0
76,0,0,3,0.963,116,11,0.027,0
52,0,0,3,1.433,77,11,1.804,0
43,0,0,3,1.298,85,11,0.943,0
78,0,0,3,1.178,139,11,1.804,0
50,4,0,3,1.23,100,11,0.888,0
51,0,0,3,1.298,90,11,1.804,0
53,0,0,3,1.357,103,11,0.027,0
75,4,0,3,0.983,113,11,0.888,0
61,0,0,3,1.214,95,11,0.943,0
33,4,0,3,1.337,84,11,0.943,0
36,4,0,3,1.095,113,11,1.804,0
45,0,0,3,1.15,115,11,0.943,0
62,4,0,3,1.246,96,11,0.888,0
38,4,0,3,1.194,104,11,0.943,0
65,4,0,3,1.178,102,11,0.943,0
56,0,0,3,1.385,92,11,0.943,0
86,4,0,3,1.103,109,11,0.888,0
74,0,0,3,1.015,122,11,1.804,0
35,0,0,3,1.493,63,11,0.027,0
36,4,0,3,1.317,95,11,0.027,0
64,0,0,3,1.329,92,11,0.027,0
65,4,0,3,1.365,91,11,0.888,0
51,0,0,3,1.194,107,11,0.943,0
39,4,0,3,1.29,109,11,1.804,0
69,4,0,3,1.234,99,11,0.943,0
39,0,0,3,1.333,83,11,0.027,0
64,4,0,3,1.485,78,11,0.027,0
45,0,0,3,1.333,86,11,0.888,0
46,4,0,3,1.313,100,11,0.943,0
77,0,0,3,1.079,119,11,0.943,0
73,4,0,3,1.369,93,11,0.943,0
52,4,0,3,1.19,115,11,1.804,0
66,0,0,3,1.294,89,11,0.943,0
35,4,0,3,1.405,85,11,1.804,0
23,4,0,3,1.286,79,11,1.804,0
52,0,0,3,1.103,123,11,0.943,0
54,4,0,3,1.186,104,11,0.888,0
37,0,0,3,1.341,96,11,0.943,0
81,0,0,3,1.142,115,11,0.027,0
70,0,0,3,1.481,92,11,0.943,0
44,4,0,3,1.21,85,11,1.804,0
53,0,0,3,1.433,103,11,0.888,0
80,4,0,3,1.449,84,11,0.943,0
45,0,0,3,1.385,88,11,0.943,0
41,4,0,3,1.445,87,11,1.804,0
55,4,0,3,1.294,97,11,0.943,0
64,0,0,3,1.254,97,11,0.943,0
46,0,0,3,1.481,57,11,0.027,0
45,0,0,3,1.317,108,11,1.804,0
55,0,0,3,1.254,76,11,0.888,0
55,4,0,3,1.194,98,11,0.888,0
55,4,0,3,1.254,76,11,0.888,0
56,0,0,3,1.27,96,11,1.804,0
18,0,0,3,1.497,85,11,0.027,0
41,0,0,3,1.313,92,11,0.943,0
47,0,0,3,1.385,64,11,0.888,0
53,0,0,3,1.222,94,11,1.804,0
47,4,0,3,1.282,96,11,0.943,0
75,4,0,3,1.214,99,11,0.027,0
75,0,0,3,1.134,112,11,0.888,0
49,0,0,3,1.373,73,11,0.888,0
37,4,0,3,1.186,100,11,0.888,0
82,4,0,3,1.17,102,11,0.027,0
84,0,0,3,1.25,102,11,0.943,0
36,4,0,3,1.536,87,11,0.943,0
67,0,0,3,1.218,97,11,1.804,0
50,4,0,3,1.238,109,11,0.027,0
63,4,0,3,1.202,118,11,1.804,0
61,0,0,3,1.361,95,11,0.943,0
36,4,0,3,1.54,62,11,0.943,0
51,0,0,3,1.091,115,11,0.943,0
36,0,0,3,1.27,104,11,0.027,0
41,4,0,3,1.381,89,11,1.804,0
63,4,0,3,1.138,116,11,1.804,0
39,0,0,3,1.286,91,11,0.027,0
53,0,0,3,1.142,119,11,0.888,0
64,4,0,3,1.294,103,11,0.027,0
52,0,0,3,1.142,94,11,0.027,0
56,4,0,3,1.278,98,11,0.943,0
45,0,0,3,1.286,83,11,1.804,0
25,4,0,3,1.489,69,11,0.943,0
57,0,0,3,1.186,105,11,1.804,0
43,0,0,3,1.302,96,11,0.943,0
59,4,0,3,1.019,119,11,0.027,0
58,4,0,3,1.119,105,11,0.888,0
72,0,0,3,1.393,95,11,0.027,0
47,0,0,3,1.345,111,11,0.027,0
43,4,0,3,1.202,80,11,0.943,0
88,4,0,3,1.087,121,11,0.943,0
46,4,0,3,1.298,84,11,0.027,0
50,0,0,3,1.349,72,11,0.027,0
51,4,0,3,1.27,104,11,1.804,0
63,0,0,3,1.278,76,11,0.943,0
47,0,0,3,1.138,108,11,1.804,0
65,0,0,3,1.361,100,11,0.027,0
44,0,0,3,1.218,97,11,1.804,0
42,0,0,3,1.321,73,11,0.888,0
51,0,0,3,1.552,64,11,0.943,0
49,4,0,3,1.381,89,11,0.027,0
41,4,0,3,1.321,80,11,1.804,0
89,0,0,3,1.302,89,11,0.943,0
73,0,0,3,1.019,122,11,0.943,0
38,4,0,3,1.437,98,11,0.888,0
39,4,0,3,1.055,115,11,0.943,0
40,0,0,3,1.433,91,11,0.027,0
72,0,0,3,1.329,128,11,0.888,0
76,4,0,3,1.198,106,11,0.027,0
84,0,0,3,1.075,88,11,0.888,0
43,4,0,3,1.417,93,11,0.888,0
47,0,0,3,1.321,81,11,0.943,0
65,4,0,3,1.345,80,11,0.027,0
36,0,0,3,1.111,108,11,0.888,0
54,4,0,3,1.266,119,11,0.888,0
32,0,0,3,1.552,60,11,1.804,0
91,4,0,3,1.23,97,11,1.804,0
44,4,0,3,1.298,75,11,1.804,0
66,0,0,3,1.15,105,11,0.943,0
64,4,0,3,1.27,108,11,0.888,0
61,4,0,3,1.222,105,11,0.943,0
64,0,0,3,1.286,96,11,0.888,0
51,4,0,3,1.21,116,11,1.804,0
70,0,0,3,1.254,91,11,0.943,0
48,0,0,3,1.433,86,11,1.804,0
26,0,0,3,1.417,95,11,0.027,0
54,0,0,3,1.182,100,11,1.804,0
80,0,0,3,1.202,116,11,0.888,0
58,4,0,3,1.457,95,11,0.027,0
70,0,0,3,1.278,93,11,0.888,0
65,0,0,3,1.107,135,11,0.027,0
52,0,0,3,1.373,81,11,0.027,0
75,0,0,3,0.955,117,11,0.888,0
43,0,0,3,1.254,82,11,0.027,0
40,4,0,3,1.377,95,11,0.027,0
52,4,0,3,1.174,96,11,0.888,0
39,4,0,3,1.425,85,11,0.943,0
87,4,0,3,1.25,97,11,1.804,0
60,0,0,3,1.246,86,11,0.888,0
60,0,0,3,1.258,106,11,0.888,0
53,4,0,3,1.282,106,11,1.804,0
87,0,0,3,0.955,132,11,0.943,0
56,0,0,3,1.194,123,11,0.943,0
76,4,0,3,1.254,76,11,1.804,0
41,4,0,3,1.214,108,11,0.943,0
50,4,0,3,1.306,110,11,0.943,0
85,0,0,3,1.25,95,11,1.804,0
85,4,0,3,0.943,122,11,0.888,0
49,4,0,3,1.298,100,11,1.804,0
34,4,0,3,1.337,95,11,1.804,0
41,4,0,3,1.353,88,11,1.804,0
48,4,0,3,1.385,88,11,0.943,0
94,0,0,3,0.975,117,11,0.943,0
60,4,0,3,0.991,126,11,0.888,0
65,4,0,3,1.067,125,11,0.943,0
59,0,0,3,1.134,89,11,1.804,0
54,4,0,3,1.174,110,11,0.943,0
76,0,0,3,1.262,120,11,0.943,0
64,0,0,3,1.15,103,11,0.888,0
55,0,0,3,1.202,107,11,1.804,0
73,0,0,3,1.071,102,11,0.943,0
54,4,0,3,1.298,100,11,0.027,0
71,4,0,3,1.13,122,11,0.027,0
48,4,0,3,1.532,42,11,0.943,0
49,0,0,3,1.345,72,11,0.888,0
47,4,0,3,1.409,60,11,1.804,0
40,4,0,3,1.242,81,11,1.804,0
74,0,0,3,1.182,101,11,1.804,0
42,4,0,3,1.079,129,11,0.027,0
70,0,0,3,1.214,115,11,0.943,0
42,0,0,3,1.23,79,11,0.027,0
56,4,0,3,1.266,106,11,0.888,0
59,4,0,3,1.258,111,11,0.888,0
57,0,0,3,1.206,99,11,0.943,0
17,4,0,3,1.361,89,11,0.888,0
61,0,0,3,1.023,122,11,0.027,0
93,0,0,3,1.126,116,11,0.943,0
50,4,0,3,1.473,77,11,0.027,0
47,4,0,3,1.461,76,11,0.027,0
58,0,0,3,1.266,95,11,1.804,0
29,4,0,3,1.17,96,11,1.804,0
64,4,0,3,1.222,81,11,0.943,0
68,4,0,3,1.262,92,11,0.888,0
40,0,0,3,1.349,85,11,0.943,0
49,0,0,3,1.389,80,11,0.027,0
69,0,0,3,1.174,116,11,0.027,0
58,4,0,3,1.079,102,11,0.027,0
19,0,0,3,1.528,62,11,0.027,0
41,4,0,3,1.298,83,11,0.888,0
45,4,0,3,1.17,85,11,0.943,0
102,4,0,3,0.995,145,11,0.888,0
48,4,0,3,1.238,103,11,0.888,0
69,0,0,3,1.031,144,11,1.804,0
79,0,0,3,1.067,115,11,0.888,0
74,0,0,3,1.182,106,11,0.888,0
52,0,0,3,1.333,101,11,0.888,0
80,0,0,3,1.027,95,11,1.804,0
46,4,0,3,1.365,85,11,0.943,0
74,0,0,3,1.126,106,11,0.888,0
72,4,0,3,1.158,102,11,1.804,0
78,0,0,3,0.932,123,11,0.943,0
80,4,0,3,1.123,114,11,0.888,0
61,0,0,3,1.214,101,11,0.027,0
25,4,0,3,1.246,88,11,0.943,0
37,4,0,3,1.317,98,11,0.888,0
55,0,0,3,1.345,84,11,0.027,0
43,4,0,3,1.29,111,11,0.027,0
58,4,0,3,1.142,106,11,0.027,0
74,0,0,3,1.23,114,11,1.804,0
63,0,0,3,1.007,122,11,0.888,0
39,0,0,3,1.298,86,11,0.888,0
65,0,0,3,1.564,79,11,0.027,0
37,4,0,3,1.19,97,11,0.888,0
88,0,0,3,1.162,121,11,0.943,0
43,0,0,3,1.254,86,11,1.804,0
57,4,0,3,1.294,87,11,0.027,0
63,0,0,3,1.234,106,11,1.804,0
73,0,0,3,1.023,118,11,0.027,0
63,0,0,3,1.357,105,11,1.804,0
54,0,0,3,1.091,100,11,0.943,0
54,0,0,3,1.202,97,11,0.943,0
68,4,0,3,1.349,90,11,1.804,0
49,4,0,3,1.425,80,11,0.888,0
58,0,0,3,1.461,77,11,0.943,0
48,4,0,3,1.25,121,11,0.888,0
57,0,0,3,1.262,96,11,1.804,0
101,6,0,3,0.49,220,11,1.804,0
118,2,0,4,0.366,204,11,0.888,0
110,6,0,3,0.319,226,11,0.888,0
106,2,0,3,0.697,186,11,0.888,0
114,6,0,3,0.378,199,11,0.943,0
122,2,0,4,0.37,199,11,0.888,0
118,2,0,3,0.53,189,11,0.888,0
88,6,0,4,0.406,211,11,0.027,0
104,6,0,4,0.474,175,11,0.943,0
95,2,0,4,0.565,181,11,0.027,0
101,2,0,3,0.581,196,11,0.888,0
105,6,0,3,0.374,219,11,0.943,0
76,6,0,3,0.589,168,11,0.943,0
105,2,0,3,0.45,197,11,1.804,0
93,2,0,4,0.629,162,11,0.888,0
97,2,0,4,0.498,186,11,0.943,0
129,6,0,3,0.49,204,11,0.943,0
116,6,0,3,0.557,199,11,0.943,0
85,2,0,3,0.645,196,11,0.888,0
104,2,0,4,0.343,198,11,0.888,0
107,6,0,4,0.514,182,11,1.804,0
87,2,0,4,0.506,174,11,0.888,0
116,6,0,4,0.43,207,11,0.943,0
111,2,0,4,0.315,189,11,0.027,0
84,2,0,4,0.709,191,11,1.804,0
102,6,0,3,0.363,201,11,1.804,0
113,2,0,3,0.577,187,11,0.888,0
87,6,0,4,0.557,183,11,0.027,0
100,2,0,4,0.402,191,11,0.943,0
111,6,0,4,0.577,179,11,0.888,0
122,2,0,3,0.534,210,11,0.888,0
134,6,0,3,0.438,223,11,1.804,0
114,6,0,3,0.454,191,11,0.027,0
110,6,0,4,0.366,193,11,0.027,0
91,2,0,3,0.538,199,11,0.888,0
85,6,0,3,0.43,203,11,0.027,0
105,2,0,3,0.454,196,11,1.804,0
61,6,0,3,0.979,141,11,0.888,0
96,6,0,3,0.398,194,11,0.888,0
100,6,0,4,0.561,216,11,1.804,0
106,6,0,4,0.307,197,11,0.888,0
119,6,0,3,0.283,221,11,0.888,0
126,2,0,3,0.247,230,11,1.804,0
85,6,0,4,0.705,172,11,0.027,0
111,6,0,3,0.359,212,11,0.027,0
90,6,0,4,0.526,181,11,0.943,0
90,2,0,4,0.641,177,11,0.943,0
133,2,0,4,0.47,215,11,0.943,0
110,2,0,4,0.41,190,11,0.027,0
137,2,0,4,0.394,198,11,0.943,0
83,2,0,4,0.581,187,11,0.943,0
130,2,0,3,0.43,213,11,0.943,0
111,6,0,4,0.43,201,11,0.888,0
117,6,0,3,0.374,240,11,0.943,0
68,6,0,4,0.534,188,11,1.804,0
108,6,0,3,0.442,200,11,0.888,0
98,6,0,4,0.279,203,11,0.888,0
94,2,0,3,0.557,181,11,1.804,0
125,2,0,3,0.45,200,11,0.888,0
116,6,0,4,0.621,191,11,0.943,0
112,2,0,3,0.534,195,11,0.888,0
126,6,0,4,0.526,190,11,0.027,0
100,6,0,3,0.434,187,11,1.804,0
90,2,0,4,0.565,196,11,1.804,0
82,2,0,3,0.744,163,11,0.027,0
103,2,0,3,0.422,212,11,0.888,0
107,2,0,3,0.235,208,11,0.943,0
107,6,0,4,0.426,201,11,0.888,0
123,2,0,3,0.378,203,11,1.804,0
84,6,0,4,0.542,170,11,0.027,0
120,2,0,4,0.366,215,11,1.804,0
127,2,0,4,0.152,233,11,1.804,0
122,2,0,4,0.331,202,11,0.943,0
119,2,0,3,0.438,188,11,0.027,0
102,2,0,3,0.498,209,11,0.888,0
100,6,0,4,0.621,186,11,0.027,0
79,6,0,4,0.291,206,11,0.888,0
95,6,0,3,0.446,193,11,0.027,0
94,6,0,4,0.653,191,11,0.888,0
115,2,0,4,0.207,192,11,0.943,0
129,2,0,3,0.482,210,11,0.888,0
105,2,0,3,0.554,205,11,1.804,0
80,6,0,4,0.593,174,11,1.804,0
85,6,0,3,0.434,204,11,0.888,0
101,2,0,3,0.343,215,11,0.027,0
128,6,0,3,0.518,191,11,0.943,0
122,6,0,3,0.434,205,11,0.888,0
81,6,0,3,0.649,172,11,1.804,0
103,2,0,4,0.335,193,11,1.804,0
119,2,0,3,0.418,204,11,0.027,0
92,2,0,3,0.41,199,11,0.943,0
108,6,0,4,0.267,193,11,0.943,0
116,2,0,4,0.263,208,11,0.027,0
86,6,0,3,0.482,171,11,0.027,0
100,6,0,4,0.335,199,11,0.027,0
101,6,0,4,0.486,197,11,0.888,0
99,2,0,4,0.486,190,11,0.888,0
117,2,0,4,0.39,198,11,1.804,0
100,6,0,3,0.247,214,11,0.888,0
104,6,0,3,0.561,204,11,0.943,0
115,2,0,4,0.235,239,11,0.943,0
92,2,0,4,0.271,203,11,0.943,0
127,6,0,3,0.363,195,11,0.027,0
79,2,0,4,0.502,187,11,0.943,0
87,2,0,3,0.45,211,11,0.943,0
97,6,0,3,0.637,169,11,0.888,0
124,6,0,4,0.394,221,11,0.888,0
69,6,0,4,0.725,177,11,1.804,0
135,2,0,4,0.219,220,11,1.804,0
117,6,0,3,0.577,207,11,1.804,0
105,2,0,3,0.402,195,11,1.804,0
106,6,0,3,0.514,174,11,0.027,0
99,2,0,4,0.756,157,11,0.027,0
99,2,0,4,0.613,196,11,1.804,0
112,2,0,3,0.426,198,11,0.027,0
90,6,0,3,0.462,214,11,0.027,0
99,6,0,3,0.542,207,11,0.943,0
138,2,0,4,0.231,224,11,0.888,0
132,6,0,3,0.725,179,11,0.027,0
99,2,0,4,0.438,204,11,0.027,0
86,2,0,4,0.573,191,11,0.943,0
96,2,0,3,0.609,194,11,0.943,0
79,6,0,3,0.43,191,11,0.027,0
109,2,0,4,0.343,196,11,0.943,0
92,2,0,4,0.681,171,11,0.888,0
113,6,0,4,0.442,203,11,0.888,0
106,6,0,4,0.581,166,11,0.943,0
111,2,0,4,0.466,186,11,0.027,0
107,6,0,4,0.275,222,11,0.943,0
67,2,0,4,0.434,180,11,0.888,0
111,2,0,3,0.458,211,11,0.888,0
97,6,0,4,0.55,194,11,0.027,0
108,6,0,3,0.343,189,11,0.027,0
120,6,0,3,0.49,202,11,1.804,0
71,2,0,3,0.565,174,11,0.027,0
130,2,0,3,0.434,191,11,0.027,0
71,6,0,4,0.442,187,11,0.027,0
103,6,0,3,0.637,191,11,0.943,0
115,6,0,4,0.498,191,11,1.804,0
104,2,0,3,0.359,211,11,1.804,0
126,6,0,3,0.251,210,11,0.888,0
107,2,0,3,0.49,205,11,0.027,0
123,6,0,3,0.581,188,11,1.804,0
121,2,0,3,0.418,197,11,1.804,0
103,6,0,4,0.442,192,11,0.888,0
126,6,0,3,0.299,204,11,0.888,0
92,2,0,3,0.53,199,11,0.943,0
78,2,0,4,0.478,174,11,0.943,0
119,2,0,3,0.247,212,11,0.027,0
109,6,0,4,0.502,199,11,0.888,0
93,6,0,3,0.534,168,11,1.804,0
92,6,0,3,0.55,186,11,0.943,0
101,6,0,4,0.366,210,11,0.943,0
119,2,0,4,0.458,210,11,1.804,0
86,2,0,3,0.609,172,11,0.888,0
107,6,0,4,0.53,209,11,0.027,0
117,2,0,3,0.271,219,11,0.027,0
102,2,0,3,0.617,188,11,1.804,0
66,2,0,3,0.47,186,11,0.888,0
103,6,0,4,0.621,175,11,1.804,0
89,6,0,3,0.637,167,11,0.943,0
114,6,0,4,0.414,212,11,0.943,0
85,2,0,4,0.323,213,11,0.888,0
128,2,0,3,0.227,230,11,1.804,0
93,6,0,4,0.669,188,11,0.888,0
122,6,0,4,0.311,211,11,1.804,0
118,2,0,3,0.331,207,11,0.943,0
117,6,0,3,0.347,211,11,1.804,0
130,2,0,3,0.394,231,11,0.943,0
98,2,0,3,0.605,184,11,0.888,0
97,6,0,4,0.446,181,11,0.943,0
90,2,0,3,0.458,210,11,1.804,0
107,6,0,4,0.343,201,11,1.804,0
124,6,0,4,0.359,236,11,1.804,0
102,6,0,3,0.363,209,11,0.888,0
90,2,0,3,0.673,175,11,0.888,0
75,6,0,3,0.498,202,11,0.943,0
114,6,0,3,0.565,207,11,0.888,0
106,6,0,3,0.378,198,11,0.027,0
117,6,0,3,0.426,195,11,0.027,0
112,2,0,4,0.426,218,11,1.804,0
117,2,0,4,0.657,174,11,0.888,0
98,6,0,3,0.681,160,11,1.804,0
128,2,0,3,0.275,213,11,0.027,0
104,2,0,4,0.366,198,11,0.888,0
116,6,0,3,0.494,209,11,1.804,0
91,2,0,3,0.434,177,11,0.888,0
93,2,0,4,0.446,190,11,0.943,0
81,2,0,3,0.374,182,11,0.888,0
115,6,0,3,0.239,227,11,0.027,0
101,6,0,4,0.299,211,11,0.943,0
108,6,0,3,0.402,192,11,0.943,0
91,2,0,3,0.752,163,11,0.027,0
139,2,0,3,0.207,241,11,0.027,0
93,6,0,3,0.315,208,11,0.888,0
88,2,0,4,0.649,183,11,0.027,0
90,2,0,4,0.514,198,11,1.804,0
113,6,0,4,0.486,195,11,0.888,0
101,6,0,3,0.474,195,11,1.804,0
82,6,0,3,0.446,182,11,0.943,0
123,6,0,3,0.538,183,11,0.888,0
107,2,0,3,0.267,218,11,0.888,0
113,2,0,3,0.414,204,11,0.888,0
107,2,0,3,0.506,197,11,0.027,0
90,6,0,4,0.442,193,11,0.888,0
106,6,0,4,0.418,210,11,0.888,0
77,2,0,4,0.737,158,11,0.943,0
111,6,0,4,0.526,200,11,0.943,0
103,2,0,4,0.454,192,11,0.027,0
104,6,0,4,0.486,183,11,0.943,0
106,2,0,4,0.398,210,11,0.943,0
104,2,0,3,0.557,217,11,0.943,0
130,6,0,3,0.303,223,11,0.888,0
82,6,0,4,0.486,179,11,0.943,0
103,6,0,4,0.661,188,11,0.027,0
109,2,0,3,0.613,174,11,1.804,0
110,2,0,3,0.386,206,11,1.804,0
79,2,0,4,0.506,206,11,0.027,0
113,6,0,4,0.538,206,11,0.943,0
130,2,0,4,0.211,211,11,0.943,0
107,6,0,4,0.546,198,11,0.943,0
93,2,0,4,0.462,192,11,0.027,0
88,6,0,4,0.446,207,11,0.027,0
66,2,0,4,0.737,155,11,0.888,0
124,2,0,3,0.243,219,11,0.027,0
113,6,0,3,0.402,202,11,0.027,0
67,6,0,4,0.323,196,11,0.027,0
130,2,0,3,0.482,201,11,0.027,0
85,6,0,4,0.764,180,11,0.027,0
108,6,0,3,0.637,189,11,1.804,0
83,6,0,4,0.665,189,11,0.027,0
103,6,0,3,0.323,199,11,0.027,0
73,2,0,3,0.55,188,11,0.888,0
120,6,0,3,0.47,206,11,0.943,0
109,2,0,4,0.243,218,11,0.943,0
113,6,0,3,0.291,189,11,0.888,0
111,2,0,3,0.426,203,11,1.804,0
118,6,0,3,0.343,203,11,0.888,0
110,6,0,4,0.422,188,11,0.888,0
84,6,0,3,0.589,188,11,0.888,0
96,2,0,3,0.406,208,11,1.804,0
94,6,0,4,0.55,198,11,0.888,0
99,2,0,4,0.633,185,11,0.027,0
111,2,0,3,0.382,210,11,1.804,0
97,6,0,3,0.394,199,11,0.943,0
86,2,0,4,0.478,180,11,0.027,0
104,2,0,3,0.593,187,11,0.888,0
116,2,0,4,0.275,220,11,1.804,0
111,2,0,3,0.422,190,11,0.888,0
102,6,0,3,0.621,178,11,1.804,0
101,2,0,3,0.474,198,11,0.888,0
122,6,0,4,0.279,208,11,0.027,0
120,2,0,3,0.55,192,11,0.943,0
84,2,0,3,0.494,205,11,0.027,0
120,6,0,4,0.462,196,11,0.027,0
70,6,0,4,0.327,196,11,0.888,0
109,2,0,4,0.51,201,11,0.943,0
114,2,0,3,0.327,208,11,0.943,0
98,6,0,4,0.474,216,11,0.027,0
116,6,0,3,0.534,203,11,0.888,0
104,6,0,4,0.386,211,11,0.027,0
91,6,0,4,0.673,182,11,1.804,0
126,2,0,4,0.378,201,11,0.888,0
96,6,0,4,0.466,195,11,0.888,0
131,6,0,4,0.382,211,11,0.943,0
90,2,0,4,0.526,177,11,0.888,0
106,6,0,4,0.542,193,11,0.943,0
79,2,0,3,0.478,184,11,0.027,0
95,2,0,3,0.458,187,11,0.888,0
94,2,0,3,0.474,183,11,0.943,0
108,2,0,4,0.569,190,11,0.027,0
96,6,0,3,0.589,193,11,0.943,0
131,2,0,4,0.633,179,11,0.943,0
105,2,0,4,0.37,209,11,0.888,0
101,2,0,3,0.542,170,11,0.943,0
96,6,0,3,0.482,187,11,1.804,0
102,6,0,3,0.522,166,11,1.804,0
86,2,0,3,0.526,185,11,1.804,0
154,6,0,3,0.303,232,11,1.804,0
112,6,0,3,0.227,214,11,0.027,0
102,2,0,3,0.331,201,11,0.943,0
112,6,0,4,0.498,205,11,0.027,0
87,2,0,4,0.705,173,11,0.943,0
103,6,0,4,0.307,203,11,0.888,0
133,6,0,4,0.144,228,11,0.888,0
104,2,0,3,0.518,151,11,1.804,0
93,2,0,3,0.351,205,11,0.888,0
97,6,0,4,0.43,192,11,1.804,0
117,6,0,4,0.522,183,11,0.888,0
80,6,0,3,0.681,160,11,0.027,0
112,6,0,4,0.331,218,11,0.888,0
101,6,0,4,0.506,182,11,0.027,0
116,2,0,3,0.45,202,11,0.888,0
99,2,0,3,0.311,214,11,0.027,0
116,2,0,4,0.613,190,11,0.888,0
104,6,0,3,0.51,185,11,0.943,0
149,2,0,4,0.37,201,11,1.804,0
102,6,0,3,0.577,183,11,0.027,0
113,2,0,3,0.275,213,11,0.027,0
107,6,0,4,0.422,202,11,0.027,0
95,6,0,4,0.673,200,11,0.888,0
96,2,0,3,0.152,207,11,1.804,0
81,2,0,4,0.554,182,11,0.943,0
91,2,0,4,0.498,191,11,0.027,0
114,2,0,4,0.466,207,11,0.888,0
114,2,0,4,0.426,200,11,1.804,0
100,2,0,4,0.617,192,11,0.943,0
97,6,0,4,0.319,201,11,0.888,0
103,2,0,3,0.561,217,11,0.888,0
111,2,0,4,0.613,180,11,0.943,0
84,2,0,3,0.482,212,11,0.027,0
96,6,0,3,0.625,174,11,0.888,0
131,6,0,4,0.557,200,11,0.027,0
115,2,0,4,0.374,214,11,0.888,0
120,6,0,3,0.355,203,11,0.027,0
105,2,0,3,0.398,193,11,0.027,0
121,6,0,4,0.327,212,11,1.804,0
124,6,0,4,0.374,202,11,0.943,0
111,2,0,3,0.561,192,11,0.943,0
113,2,0,4,0.526,188,11,1.804,0
113,6,0,4,0.569,190,11,1.804,0
78,2,0,4,0.601,183,11,0.888,0
115,2,0,4,0.47,209,11,0.943,0
64,6,0,3,0.649,172,11,0.943,0
112,6,0,4,0.47,191,11,0.888,0
106,6,0,4,0.195,229,11,1.804,0
124,6,0,4,0.418,199,11,0.943,0
92,6,0,4,0.601,180,11,0.027,0
102,6,0,4,0.482,199,11,0.943,0
94,6,0,4,0.514,175,11,1.804,0
114,6,0,4,0.183,211,11,0.027,0
118,6,0,4,0.343,208,11,1.804,0
78,6,0,3,0.406,203,11,0.027,0
72,6,0,3,0.677,194,11,0.943,0
110,6,0,4,0.486,211,11,0.027,0
80,2,0,3,0.701,173,11,0.943,0
79,2,0,4,0.267,206,11,0.888,0
111,2,0,4,0.565,184,11,0.027,0
107,6,0,4,0.593,190,11,0.027,0
127,2,0,3,0.339,233,11,0.943,0
109,2,0,3,0.478,200,11,1.804,0
119,6,0,3,0.366,208,11,0.943,0
118,6,0,3,0.478,205,11,0.888,0
99,2,0,3,0.386,209,11,0.943,0
83,6,0,3,0.78,179,11,1.804,0
138,6,0,4,0.426,194,11,1.804,0
133,2,0,4,0.164,223,11,1.804,0
106,6,0,3,0.311,197,11,0.943,0
119,2,0,4,0.394,199,11,0.943,0
110,2,0,4,0.41,216,11,0.943,0
123,2,0,3,0.458,221,11,0.888,0
144,2,0,3,0.247,225,11,0.943,0
99,2,0,4,0.307,207,11,0.888,0
380,6,6,5,0.274,353,11,0.943,0
437,2,6,9,0.171,348,11,0.888,0
398,2,6,10,0.096,311,11,0.943,0
461,6,6,3,0.318,365,11,0.943,0
423,6,6,5,0.171,338,11,0.943,0
422,2,6,5,0.043,323,11,0.943,0
377,6,6,9,0.107,365,11,0.888,0
417,6,6,9,0.028,334,11,0.943,0
445,2,6,10,0.322,388,11,0.943,0
465,2,6,10,0.25,382,11,0.888,0
432,2,6,5,0.072,353,11,0.943,0
367,2,6,10,0.254,378,11,0.888,0
438,6,6,5,0.107,334,11,0.888,0
402,6,6,5,0.187,377,11,0.943,0
340,6,6,5,0.099,312,11,0.943,0
400,2,6,5,0.405,356,11,0.888,0
454,6,6,10,0.163,355,11,0.943,0
405,2,6,9,0.075,326,11,0.888,0
450,6,6,5,0.179,355,11,0.888,0
376,2,6,9,0.159,350,11,0.888,0
430,2,6,9,0.23,364,11,0.943,0
526,2,6,10,0.509,414,11,0.943,0
394,6,6,10,0.187,314,11,0.943,0
373,6,6,5,0.048,338,11,0.888,0
470,6,6,3,0.302,354,11,0.943,0
365,6,6,10,0.195,334,11,0.943,0
439,2,6,10,0.187,371,11,0.943,0
368,6,6,3,0.258,391,11,0.888,0
471,6,6,3,0.036,365,11,0.943,0
420,2,6,5,0.294,365,11,0.888,0
434,2,6,5,0.553,403,11,0.943,0
359,6,6,10,0.039,348,11,0.943,0
441,2,6,3,0.155,374,11,0.888,0
488,6,6,10,0.298,364,11,0.943,0
376,2,6,10,0.179,355,11,0.888,0
454,6,6,10,0.103,383,11,0.888,0
398,2,6,5,0.02,327,11,0.943,0
403,2,6,5,0.326,334,11,0.888,0
446,2,6,10,0.266,355,11,0.943,0
426,2,6,9,0.076,325,11,0.943,0
369,2,6,3,0.104,306,11,0.888,0
299,2,6,5,0.124,302,11,0.888,0
419,6,6,9,0.047,361,11,0.943,0
414,6,6,5,0.123,307,11,0.943,0
432,2,6,9,0.087,365,11,0.888,0
405,6,6,9,0.386,381,11,0.888,0
448,2,6,5,0.116,345,11,0.943,0
467,2,6,10,0.409,369,11,0.943,0
470,2,6,5,0.238,404,11,0.888,0
429,6,6,9,0.25,333,11,0.888,0
443,6,6,10,0.119,306,11,0.888,0
339,6,6,9,0.267,281,11,0.888,0
367,2,6,5,0.096,306,11,0.943,0
420,6,6,5,0.226,368,11,0.888,0
315,6,6,5,0.175,337,11,0.888,0
400,6,6,9,0.294,367,11,0.888,0
276,2,6,9,0.307,253,11,0.888,0
398,6,6,5,0.151,343,11,0.943,0
486,6,6,3,0.413,347,11,0.888,0
327,2,6,5,0.214,352,11,0.943,0
350,2,6,10,0.088,317,11,0.888,0
452,6,6,5,0.541,348,11,0.888,0
388,6,6,10,0.155,324,11,0.943,0
351,2,6,10,0.099,336,11,0.943,0
333,2,6,9,0.075,360,11,0.943,0
420,6,6,3,0.274,375,11,0.888,0
370,2,6,5,0.278,370,11,0.943,0
429,2,6,5,0.095,364,11,0.943,0
459,6,6,9,0.076,362,11,0.943,0
405,2,6,10,0.127,358,11,0.943,0
376,6,6,9,0.067,342,11,0.888,0
443,2,6,3,0.21,398,11,0.943,0
338,6,6,9,0.235,302,11,0.888,0
453,2,6,9,0.29,324,11,0.888,0
340,6,6,5,0.136,296,11,0.943,0
419,2,6,5,0.027,320,11,0.943,0
442,2,6,5,0.171,366,11,0.943,0
364,2,6,10,0.004,334,11,0.888,0
439,6,6,3,0.004,353,11,0.943,0
342,2,6,9,0.323,269,11,0.943,0
465,6,6,9,0.063,354,11,0.888,0
394,6,6,3,0.167,348,11,0.943,0
425,6,6,5,0.274,357,11,0.888,0
415,6,6,10,0,319,11,0.943,0
460,2,6,10,0.203,346,11,0.888,0
420,2,6,10,0.079,374,11,0.943,0
476,2,6,10,0.234,378,11,0.888,0
401,2,6,3,0.083,329,11,0.943,0
429,6,6,9,0.413,378,11,0.888,0
370,2,6,3,0.116,300,11,0.943,0
421,2,6,5,0.012,283,11,0.943,0
461,2,6,5,0.282,391,11,0.888,0
358,2,6,3,0.242,327,11,0.943,0
337,6,6,3,0.163,297,11,0.943,0
411,6,6,9,0.366,382,11,0.888,0
535,2,6,10,0.366,375,11,0.943,0
428,2,6,5,0.107,386,11,0.943,0
407,2,6,9,0.115,328,11,0.888,0
357,6,6,3,0.151,343,11,0.943,0
304,6,6,5,0.478,284,11,0.943,0
435,6,6,5,0.191,369,11,0.943,0
433,6,6,10,0.191,314,11,0.943,0
412,6,6,9,0.024,319,11,0.943,0
321,2,6,10,0.199,302,11,0.943,0
373,6,6,5,0.191,345,11,0.888,0
423,6,6,10,0.234,345,11,0.943,0
409,2,6,3,0.214,364,11,0.943,0
466,2,6,9,0.286,343,11,0.888,0
322,2,6,9,0.287,282,11,0.888,0
420,2,6,10,0.091,298,11,0.943,0
329,6,6,3,0.028,352,11,0.888,0
365,6,6,5,0.318,339,11,0.888,0
433,2,6,5,0.043,299,11,0.888,0
331,6,6,10,0.247,285,11,0.943,0
391,6,6,5,0.33,376,11,0.888,0
388,2,6,10,0.342,340,11,0.888,0
369,6,6,10,0.275,279,11,0.943,0
497,6,6,5,0.195,374,11,0.888,0
518,2,6,10,0.234,402,11,0.943,0
413,2,6,9,0.159,307,11,0.943,0
385,2,6,10,0.107,338,11,0.943,0
410,2,6,10,0.068,337,11,0.888,0
524,6,6,9,0.306,355,11,0.943,0
366,2,6,5,0.044,286,11,0.943,0
460,6,6,5,0.278,390,11,0.943,0
487,6,6,9,0.318,394,11,0.943,0
350,6,6,10,0.203,296,11,0.888,0
404,2,6,3,0.079,345,11,0.943,0
431,2,6,10,0.151,400,11,0.943,0
455,6,6,5,0.453,444,11,0.943,0
336,2,6,10,0.067,331,11,0.888,0
467,6,6,9,0.274,367,11,0.943,0
463,6,6,5,0.008,314,11,0.888,0
442,2,6,3,0.433,402,11,0.888,0
391,6,6,10,0.023,335,11,0.888,0
395,2,6,9,0.063,335,11,0.943,0
464,6,6,5,0.306,367,11,0.888,0
351,6,6,5,0.083,353,11,0.943,0
426,2,6,9,0.095,360,11,0.943,0
499,6,6,3,0.533,401,11,0.888,0
471,2,6,10,0.485,378,11,0.943,0
418,2,6,9,0.143,390,11,0.888,0
369,2,6,10,0.044,323,11,0.888,0
464,6,6,5,0.119,310,11,0.943,0
450,6,6,10,0.111,356,11,0.943,0
381,6,6,9,0.107,307,11,0.888,0
448,2,6,9,0.119,334,11,0.943,0
444,2,6,3,0.195,379,11,0.943,0
458,6,6,10,0.047,319,11,0.943,0
383,6,6,10,0.259,295,11,0.888,0
477,2,6,10,0.604,424,11,0.943,0
451,2,6,9,0.047,345,11,0.943,0
375,2,6,3,0.219,355,11,0.943,0
367,6,6,3,0.139,331,11,0.888,0
332,6,6,10,0.047,349,11,0.943,0
441,6,6,10,0.298,388,11,0.888,0
485,2,6,3,0.334,373,11,0.888,0
390,2,6,10,0.127,361,11,0.888,0
360,6,6,9,0.08,324,11,0.888,0
444,2,6,5,0.274,383,11,0.888,0
343,6,6,10,0.06,365,11,0.943,0
418,2,6,3,0.036,331,11,0.888,0
334,6,6,3,0,317,11,0.888,0
388,6,6,9,0.135,319,11,0.888,0
426,2,6,10,0.378,389,11,0.888,0
336,2,6,5,0.092,296,11,0.888,0
353,6,6,10,0.334,340,11,0.943,0
501,6,6,3,0.278,406,11,0.888,0
376,2,6,10,0.115,347,11,0.888,0
493,6,6,9,0.35,396,11,0.943,0
405,2,6,3,0.298,340,11,0.943,0
357,2,6,9,0.056,297,11,0.888,0
413,2,6,9,0.059,375,11,0.943,0
476,2,6,3,0.23,378,11,0.943,0
419,2,6,9,0.343,274,11,0.888,0
481,6,6,3,0.032,368,11,0.888,0
385,6,6,5,0.302,353,11,0.943,0
383,6,6,9,0.008,328,11,0.888,0
421,2,6,10,0.096,318,11,0.943,0
361,6,6,10,0.179,342,11,0.943,0
472,6,6,9,0.155,341,11,0.888,0
406,6,6,3,0.095,340,11,0.943,0
411,6,6,9,0.318,391,11,0.943,0
325,2,6,5,0.112,320,11,0.943,0
360,6,6,5,0.168,282,11,0.888,0
407,2,6,3,0.191,355,11,0.888,0
330,2,6,5,0.008,294,11,0.943,0
405,6,6,10,0.214,311,11,0.943,0
502,6,6,5,0.195,376,11,0.888,0
390,2,6,9,0.183,327,11,0.888,0
360,2,6,10,0.147,380,11,0.943,0
356,2,6,5,0.27,382,11,0.943,0
261,6,6,10,0.176,297,11,0.943,0
410,2,6,9,0.176,293,11,0.943,0
508,2,6,5,0.505,395,11,0.943,0
394,6,6,9,0.079,324,11,0.888,0
482,6,6,5,0.25,374,11,0.888,0
350,2,6,10,0.203,292,11,0.943,0
448,6,6,10,0.35,382,11,0.888,0
394,2,6,3,0.012,340,11,0.943,0
394,2,6,9,0.199,346,11,0.888,0
402,6,6,5,0.207,315,11,0.888,0
435,2,6,10,0.167,360,11,0.943,0
405,6,6,10,0.015,336,11,0.943,0
424,2,6,3,0.131,325,11,0.943,0
386,6,6,10,0.214,335,11,0.943,0
364,6,6,9,0.35,361,11,0.888,0
410,2,6,9,0.079,310,11,0.888,0
423,6,6,10,0.509,362,11,0.888,0
300,2,6,5,0.035,378,11,0.888,0
455,2,6,3,0.481,347,11,0.888,0
441,2,6,3,0.314,402,11,0.943,0
372,2,6,10,0.068,324,11,0.943,0
355,2,6,5,0.14,344,11,0.943,0
415,2,6,9,0.131,345,11,0.943,0
429,6,6,10,0.039,368,11,0.888,0
430,6,6,5,0.171,328,11,0.888,0
397,2,6,3,0.191,371,11,0.943,0
400,6,6,9,0.008,335,11,0.888,0
400,6,6,9,0.103,349,11,0.943,0
385,6,6,5,0.314,334,11,0.943,0
461,6,6,9,0.25,368,11,0.943,0
352,6,6,5,0.047,321,11,0.888,0
492,2,6,5,0.175,321,11,0.943,0
424,6,6,3,0.107,351,11,0.888,0
397,2,6,3,0.131,334,11,0.943,0
304,6,6,10,0.052,293,11,0.943,0
358,6,6,5,0.092,351,11,0.943,0
286,6,6,3,0.012,351,11,0.888,0
474,6,6,10,0.155,351,11,0.888,0
382,2,6,3,0.103,354,11,0.943,0
533,6,6,9,0.123,345,11,0.943,0
406,6,6,9,0.103,336,11,0.943,0
486,2,6,3,0.457,400,11,0.943,0
485,2,6,10,0.274,326,11,0.888,0
342,6,6,5,0.096,294,11,0.888,0
398,6,6,5,0.306,346,11,0.943,0
436,2,6,10,0.262,395,11,0.943,0
385,2,6,3,0.104,299,11,0.943,0
425,6,6,9,0.203,336,11,0.888,0
388,6,6,10,0.254,312,11,0.888,0
360,2,6,5,0.27,376,11,0.888,0
459,6,6,3,0.131,339,11,0.888,0
415,2,6,9,0.084,301,11,0.888,0
416,6,6,5,0.107,352,11,0.888,0
340,2,6,10,0.12,349,11,0.943,0
416,6,6,3,0.052,316,11,0.943,0
450,6,6,10,0.108,336,11,0.943,0
471,2,6,5,0.155,387,11,0.943,0
431,6,6,10,0.135,338,11,0.943,0
431,6,6,10,0.354,372,11,0.943,0
368,2,6,10,0.051,322,11,0.943,0
421,2,6,10,0.092,334,11,0.888,0
506,6,6,5,0.151,365,11,0.888,0
472,2,6,9,0.449,373,11,0.943,0
515,2,6,9,0.354,378,11,0.943,0
373,6,6,9,0.008,344,11,0.943,0
323,6,6,9,0.187,364,11,0.888,0
432,6,6,10,0.139,350,11,0.943,0
359,6,6,9,0.047,364,11,0.943,0
399,2,6,10,0.015,298,11,0.888,0
462,2,6,5,0.298,390,11,0.888,0
383,2,6,3,0.012,330,11,0.943,0
359,2,6,5,0.155,315,11,0.943,0
417,6,6,10,0.358,396,11,0.888,0
426,6,6,3,0.02,340,11,0.888,0
468,2,6,10,0,321,11,0.888,0
355,2,6,10,0.044,329,11,0.888,0
454,6,6,10,0.294,359,11,0.943,0
472,6,6,9,0.298,345,11,0.943,0
415,6,6,3,0.035,357,11,0.888,0
405,6,6,3,0.27,342,11,0.888,0
480,2,6,3,0.23,398,11,0.888,0
465,6,6,10,0.489,374,11,0.943,0
403,6,6,10,0.346,373,11,0.943,0
408,6,6,5,0.307,306,11,0.943,0
337,6,6,10,0.071,357,11,0.888,0
427,6,6,10,0.143,310,11,0.888,0
250,2,6,3,0.136,303,11,0.943,0
417,6,6,3,0.095,367,11,0.943,0
470,6,6,10,0.254,371,11,0.888,0
439,2,6,10,0.35,360,11,0.888,0
324,6,6,9,0.08,278,11,0.888,0
488,6,6,3,0.115,320,11,0.943,0
466,6,6,10,0.453,394,11,0.943,0
400,6,6,10,0.262,358,11,0.943,0
418,2,6,5,0.505,388,11,0.943,0
438,6,6,3,0.206,366,11,0.888,0
489,6,6,10,0.457,408,11,0.888,0
389,2,6,5,0.144,307,11,0.943,0
392,6,6,5,0.425,374,11,0.943,0
386,6,6,9,0.274,363,11,0.943,0
411,2,6,10,0.048,316,11,0.943,0
321,6,6,5,0.191,308,11,0.888,0
454,2,6,9,0.298,334,11,0.943,0
418,6,6,3,0.092,357,11,0.943,0
383,6,6,3,0.071,344,11,0.943,0
343,2,6,5,0.179,386,11,0.943,0
427,6,6,3,0.108,288,11,0.888,0
330,2,6,9,0.056,302,11,0.888,0
400,2,6,5,0.183,355,11,0.943,0
384,2,6,9,0.239,315,11,0.943,0
446,6,6,3,0.6,421,11,0.888,0
427,2,6,10,0.044,323,11,0.888,0
457,6,6,10,0.254,366,11,0.943,0
416,2,6,5,0.14,340,11,0.888,0
393,6,6,3,0.147,349,11,0.943,0
374,2,6,9,0.096,312,11,0.943,0
361,2,6,10,0.092,344,11,0.943,0
397,6,6,9,0.179,355,11,0.888,0
428,2,6,3,0.374,393,11,0.943,0
390,6,6,5,0.199,363,11,0.888,0
381,2,6,5,0.015,339,11,0.943,0
433,2,6,5,0.298,384,11,0.943,0
354,6,6,5,0.306,388,11,0.943,0
449,6,6,9,0.358,343,11,0.888,0
448,6,6,9,0.37,412,11,0.888,0
412,2,6,9,0.242,358,11,0.943,0
375,2,6,3,0.533,379,11,0.888,0
422,6,6,3,0.25,340,11,0.943,0
352,2,6,5,0.438,258,11,0.888,0
417,2,6,3,0.111,360,11,0.943,0
403,6,6,5,0.067,387,11,0.888,0
388,6,6,10,0.116,315,11,0.943,0
433,2,6,9,0.008,364,11,0.888,0
417,2,6,10,0.112,318,11,0.888,0
385,2,6,9,0.139,364,11,0.943,0
486,2,6,3,0.238,363,11,0.943,0
354,6,6,10,0.032,316,11,0.943,0
453,6,6,5,0.199,371,11,0.888,0
358,6,6,9,0.183,320,11,0.943,0
345,6,6,3,0.008,343,11,0.888,0
431,6,6,10,0.378,354,11,0.888,0
390,6,6,10,0.262,383,11,0.888,0
472,2,6,9,0.346,355,11,0.888,0
435,6,6,3,0.266,362,11,0.943,0
476,2,6,3,0.33,383,11,0.943,0
453,6,6,9,0.29,376,11,0.943,0
414,6,6,10,0.064,299,11,0.943,0
434,6,6,9,0.02,332,11,0.943,0
498,6,6,10,0.672,405,11,0.943,0
428,6,6,10,0.187,355,11,0.888,0
478,6,6,3,0.62,432,11,0.943,0
407,2,6,5,0.21,333,11,0.888,0
351,2,6,10,0.175,356,11,0.888,0
414,2,6,10,0.262,383,11,0.943,0
358,6,6,9,0.012,329,11,0.943,0
478,6,6,10,0.195,359,11,0.888,0
512,6,6,10,0.278,376,11,0.943,0
328,6,6,5,0.004,322,11,0.943,0
404,2,6,10,0.175,334,11,0.943,0
356,2,6,10,0.179,300,11,0.888,0
476,2,6,5,0.147,345,11,0.888,0
268,6,0,5,0.035,681,11,0.888,0
273,2,0,4,0.16,555,11,0.888,0
259,2,0,4,0.024,627,11,0.888,0
362,2,0,5,0.218,626,11,0.943,0
291,2,0,4,0.1,616,11,0.943,0
326,6,0,5,0.124,599,11,0.943,0
223,6,0,4,0.705,516,11,0.943,0
276,6,0,5,0.339,519,11,0.888,0
325,2,0,5,0.167,665,11,0.943,0
292,6,0,5,0.331,569,11,0.943,0
436,2,0,4,0.298,709,11,0.888,0
349,6,0,4,0.031,613,11,0.888,0
295,2,0,5,0.116,518,11,0.943,0
235,6,0,4,0.096,603,11,0.943,0
284,2,0,4,0.027,614,11,0.888,0
378,2,0,4,0.259,606,11,0.943,0
332,6,0,5,0.124,592,11,0.943,0
320,6,0,4,0.323,517,11,0.888,0
336,6,0,4,0.278,614,11,0.943,0
297,6,0,5,0.144,565,11,0.888,0
343,6,0,5,0.084,590,11,0.888,0
375,2,0,5,0.23,650,11,0.888,0
340,2,0,4,0.051,590,11,0.888,0
362,6,0,4,0.199,632,11,0.888,0
235,6,0,5,0.374,539,11,0.888,0
231,2,0,5,0.156,511,11,0.943,0
324,6,0,4,0.179,581,11,0.888,0
214,2,0,4,0.116,594,11,0.943,0
398,2,0,5,0.465,664,11,0.888,0
377,6,0,5,0.167,639,11,0.888,0
344,6,0,5,0.226,677,11,0.943,0
358,2,0,5,0.131,642,11,0.943,0
343,6,0,4,0.111,585,11,0.888,0
281,6,0,5,0.147,599,11,0.888,0
393,6,0,4,0.048,598,11,0.888,0
295,2,0,4,0.262,640,11,0.943,0
272,6,0,5,0.298,686,11,0.888,0
389,2,0,4,0.092,658,11,0.888,0
208,6,0,4,0.164,557,11,0.888,0
234,2,0,4,0.438,503,11,0.943,0
264,2,0,5,0.203,561,11,0.943,0
336,2,0,5,0.092,637,11,0.943,0
281,6,0,4,0.008,602,11,0.943,0
298,6,0,5,0.223,574,11,0.888,0
229,6,0,4,0.132,558,11,0.943,0
311,6,0,5,0.044,639,11,0.943,0
302,6,0,5,0.37,534,11,0.888,0
280,6,0,5,0.064,554,11,0.943,0
313,6,0,5,0.164,557,11,0.943,0
331,2,0,5,0.135,544,11,0.943,0
327,2,0,5,0.035,558,11,0.888,0
301,2,0,5,0.031,585,11,0.943,0
303,2,0,5,0.441,692,11,0.888,0
188,6,0,4,0.752,514,11,0.888,0
302,2,0,5,0.031,581,11,0.943,0
237,6,0,5,0.172,603,11,0.888,0
293,6,0,4,0.023,633,11,0.888,0
218,2,0,5,0.152,617,11,0.943,0
338,6,0,5,0.179,631,11,0.888,0
295,6,0,5,0.043,599,11,0.888,0
352,6,0,4,0.35,643,11,0.943,0
315,2,0,4,0.522,516,11,0.888,0
300,6,0,4,0.028,647,11,0.943,0
332,2,0,4,0.187,614,11,0.888,0
278,2,0,4,0.191,576,11,0.943,0
386,2,0,5,0.537,714,11,0.943,0
279,2,0,4,0.41,552,11,0.943,0
268,6,0,5,0.665,485,11,0.888,0
407,2,0,5,0.08,627,11,0.888,0
275,6,0,4,0.29,640,11,0.888,0
383,6,0,5,0.326,649,11,0.888,0
245,2,0,4,0.295,520,11,0.943,0
315,6,0,5,0.179,638,11,0.943,0
329,6,0,4,0.35,685,11,0.888,0
362,2,0,4,0.043,610,11,0.943,0
350,6,0,4,0.071,621,11,0.888,0
292,2,0,4,0.099,597,11,0.888,0
394,6,0,5,0.453,693,11,0.943,0
318,2,0,4,0.294,646,11,0.943,0
213,6,0,4,0.195,560,11,0.888,0
313,2,0,5,0.355,568,11,0.888,0
281,2,0,5,0.187,559,11,0.888,0
217,2,0,5,0.048,617,11,0.943,0
264,2,0,4,0.067,653,11,0.943,0
305,2,0,4,0.099,616,11,0.943,0
223,2,0,4,0.088,576,11,0.943,0
282,6,0,5,0.179,605,11,0.888,0
268,2,0,5,0.303,553,11,0.943,0
260,2,0,4,0.024,546,11,0.943,0
198,2,0,5,0.557,533,11,0.943,0
262,2,0,5,0.291,554,11,0.943,0
263,6,0,5,0.063,581,11,0.888,0
349,6,0,5,0.318,634,11,0.888,0
392,6,0,5,0.171,703,11,0.943,0
397,2,0,5,0.199,665,11,0.943,0
253,6,0,5,0.669,535,11,0.943,0
390,6,0,5,0.072,598,11,0.888,0
291,2,0,4,0.203,599,11,0.943,0
266,2,0,4,0.474,561,11,0.888,0
353,6,0,5,0.016,626,11,0.888,0
371,2,0,4,0.278,635,11,0.943,0
319,2,0,5,0.231,591,11,0.888,0
358,6,0,5,0.465,617,11,0.943,0
306,6,0,5,0.294,574,11,0.888,0
424,2,0,4,0.099,570,11,0.943,0
316,6,0,5,0.108,568,11,0.943,0
272,2,0,5,0.454,623,11,0.943,0
310,6,0,4,0.25,583,11,0.888,0
322,6,0,4,0.16,563,11,0.888,0
359,2,0,4,0.322,697,11,0.888,0
279,6,0,5,0.557,547,11,0.888,0
300,2,0,4,0.12,617,11,0.888,0
357,2,0,5,0.119,577,11,0.888,0
313,6,0,5,0.16,605,11,0.943,0
382,6,0,5,0.139,609,11,0.943,0
360,2,0,4,0.183,734,11,0.888,0
284,2,0,5,0.076,548,11,0.888,0
377,6,0,5,0.191,642,11,0.888,0
222,6,0,4,0.231,562,11,0.943,0
343,6,0,4,0.063,602,11,0.943,0
364,6,0,5,0.397,623,11,0.888,0
264,2,0,5,0.223,571,11,0.888,0
277,2,0,5,0.128,523,11,0.943,0
263,6,0,5,0.004,657,11,0.943,0
197,2,0,4,0.621,548,11,0.888,0
284,2,0,5,0.088,598,11,0.943,0
360,6,0,5,0.409,606,11,0.888,0
316,6,0,5,0.486,545,11,0.888,0
282,2,0,4,0.282,595,11,0.943,0
227,6,0,5,0.211,560,11,0.943,0
396,6,0,4,0.06,579,11,0.888,0
209,2,0,4,0.147,632,11,0.888,0
349,6,0,5,0.091,591,11,0.888,0
320,2,0,4,0.386,667,11,0.943,0
261,2,0,5,0.347,569,11,0.888,0
206,2,0,4,0.366,503,11,0.943,0
413,2,0,5,0.04,634,11,0.888,0
333,2,0,5,0.032,655,11,0.888,0
346,2,0,5,0.016,631,11,0.943,0
249,2,0,5,0.087,622,11,0.888,0
294,6,0,4,0.172,576,11,0.943,0
277,2,0,4,0.461,622,11,0.888,0
235,6,0,5,0.339,580,11,0.943,0
205,2,0,5,0.299,495,11,0.943,0
232,2,0,5,0.589,528,11,0.888,0
292,6,0,5,0.227,577,11,0.943,0
230,2,0,4,0.235,553,11,0.943,0
312,6,0,5,0.139,633,11,0.943,0
306,6,0,5,0.246,627,11,0.888,0
283,6,0,5,0.557,548,11,0.943,0
410,2,0,5,0.473,666,11,0.943,0
209,6,0,4,0.088,539,11,0.888,0
361,2,0,5,0.25,640,11,0.943,0
269,6,0,5,0.255,498,11,0.943,0
299,6,0,4,0.339,534,11,0.943,0
371,6,0,5,0.179,639,11,0.943,0
310,2,0,5,0.179,608,11,0.943,0
256,2,0,5,0.363,542,11,0.888,0
255,6,0,5,0.039,522,11,0.943,0
322,6,0,5,0.144,569,11,0.888,0
361,6,0,5,0.087,680,11,0.943,0
301,6,0,5,0.446,596,11,0.888,0
357,6,0,5,0.29,676,11,0.888,0
327,6,0,5,0.144,604,11,0.943,0
362,2,0,4,0.043,654,11,0.888,0
329,2,0,4,0.211,607,11,0.943,0
281,2,0,4,0.347,585,11,0.888,0
212,6,0,5,0.191,559,11,0.888,0
359,2,0,5,0.23,683,11,0.943,0
355,6,0,5,0.067,604,11,0.943,0
362,6,0,4,0.075,625,11,0.888,0
347,6,0,5,0.446,595,11,0.888,0
287,2,0,5,0.323,577,11,0.943,0
355,6,0,5,0.119,564,11,0.888,0
354,6,0,4,0.203,626,11,0.888,0
282,6,0,5,0.152,618,11,0.888,0
376,6,0,5,0.262,627,11,0.943,0
303,6,0,4,0.315,556,11,0.943,0
342,6,0,5,0.346,641,11,0.888,0
316,2,0,4,0.012,582,11,0.888,0
245,2,0,4,0.307,564,11,0.888,0
285,2,0,4,0.307,586,11,0.888,0
316,2,0,5,0.226,655,11,0.888,0
314,6,0,4,0.012,596,11,0.888,0
349,2,0,4,0.191,583,11,0.888,0
243,2,0,5,0.072,606,11,0.943,0
264,2,0,4,0.096,562,11,0.943,0
368,6,0,5,0.047,648,11,0.943,0
242,6,0,5,0.394,573,11,0.943,0
257,2,0,5,0.394,508,11,0.888,0
308,2,0,4,0.128,633,11,0.943,0
303,6,0,4,0.303,541,11,0.888,0
400,2,0,4,0.055,686,11,0.888,0
330,6,0,5,0.346,670,11,0.888,0
304,2,0,5,0.401,695,11,0.943,0
315,2,0,5,0.135,706,11,0.943,0
263,6,0,4,0.056,528,11,0.943,0
216,2,0,5,0.295,537,11,0.943,0
405,2,0,5,0.012,602,11,0.943,0
307,2,0,5,0.199,582,11,0.943,0
319,2,0,4,0.175,538,11,0.888,0
313,2,0,4,0.176,587,11,0.888,0
284,2,0,4,0.092,613,11,0.943,0
207,6,0,4,0.059,617,11,0.888,0
339,2,0,4,0.043,549,11,0.943,0
267,6,0,4,0.136,641,11,0.943,0
323,6,0,4,0.172,615,11,0.943,0
341,2,0,5,0.215,584,11,0.943,0
389,6,0,5,0.322,710,11,0.943,0
287,2,0,4,0.176,594,11,0.888,0
315,6,0,5,0.12,626,11,0.888,0
359,2,0,4,0.163,697,11,0.888,0
328,6,0,4,0.116,638,11,0.943,0
368,6,0,5,0.095,672,11,0.888,0
302,2,0,5,0.187,628,11,0.888,0
320,2,0,4,0.247,568,11,0.943,0
318,2,0,4,0.028,549,11,0.943,0
317,2,0,5,0.151,657,11,0.888,0
254,2,0,5,0.056,534,11,0.888,0
284,6,0,4,0.319,586,11,0.943,0
288,2,0,5,0.725,527,11,0.943,0
287,6,0,4,0.546,533,11,0.943,0
322,6,0,5,0.128,545,11,0.888,0
268,6,0,4,0.426,578,11,0.943,0
344,6,0,5,0.036,670,11,0.943,0
356,2,0,4,0.111,615,11,0.888,0
288,2,0,5,0.151,651,11,0.943,0
384,2,0,5,0.35,661,11,0.888,0
295,6,0,4,0.043,525,11,0.943,0
340,6,0,5,0.234,667,11,0.943,0
359,2,0,4,0.263,516,11,0.943,0
289,6,0,4,0.135,590,11,0.943,0
285,6,0,4,0.254,693,11,0.888,0
340,6,0,4,0.139,607,11,0.888,0
285,2,0,4,0.064,640,11,0.888,0
237,6,0,4,0.191,587,11,0.943,0
357,6,0,5,0.047,569,11,0.943,0
235,6,0,4,0.319,621,11,0.888,0
170,2,0,5,0.621,474,11,0.888,0
255,2,0,5,0.335,582,11,0.888,0
377,6,0,4,0.318,725,11,0.888,0
306,6,0,5,0.223,603,11,0.888,0
298,6,0,5,0.064,612,11,0.888,0
280,2,0,4,0.016,621,11,0.888,0
335,2,0,5,0.354,598,11,0.943,0
198,6,0,5,0.251,605,11,0.888,0
318,2,0,5,0.537,652,11,0.943,0
275,6,0,5,0.103,618,11,0.888,0
351,2,0,4,0.286,655,11,0.888,0
250,6,0,5,0.116,616,11,0.943,0
304,2,0,4,0.366,573,11,0.888,0
258,2,0,4,0.02,516,11,0.943,0
297,2,0,5,0.191,597,11,0.943,0
209,2,0,5,0.601,547,11,0.943,0
293,6,0,4,0.008,641,11,0.888,0
290,2,0,4,0.613,528,11,0.888,0
290,2,0,4,0.051,557,11,0.888,0
369,2,0,5,0.068,612,11,0.888,0
255,2,0,4,0.744,560,11,0.888,0
303,2,0,5,0.218,594,11,0.888,0
395,2,0,4,0.119,597,11,0.888,0
286,6,0,4,0.295,569,11,0.888,0
276,2,0,5,0.144,605,11,0.888,0
310,6,0,5,0.203,619,11,0.943,0
276,2,0,4,0.351,554,11,0.888,0
277,2,0,4,0.43,518,11,0.943,0
277,2,0,5,0.019,644,11,0.943,0
281,6,0,5,0.092,625,11,0.888,0
244,6,0,5,0.319,535,11,0.888,0
209,2,0,5,0.223,530,11,0.943,0
310,2,0,5,0.414,599,11,0.943,0
294,6,0,4,0.187,558,11,0.943,0
304,6,0,5,0.441,595,11,0.943,0
283,6,0,5,0.191,625,11,0.943,0
259,6,0,5,0.613,562,11,0.888,0
379,6,0,4,0.263,619,11,0.888,0
248,2,0,5,0.279,546,11,0.888,0
297,2,0,4,0.092,585,11,0.943,0
318,6,0,4,0.497,686,11,0.943,0
376,6,0,4,0.139,672,11,0.888,0
299,6,0,5,0.16,621,11,0.943,0
265,6,0,4,0.222,587,11,0.888,0
303,2,0,5,0.147,530,11,0.888,0
285,2,0,4,0.219,606,11,0.888,0
286,2,0,4,0.064,575,11,0.943,0
226,6,0,5,0.351,497,11,0.888,0
331,6,0,5,0.063,627,11,0.943,0
233,2,0,4,0.522,514,11,0.943,0
218,2,0,5,0.303,566,11,0.888,0
318,2,0,4,0.051,645,11,0.888,0
379,6,0,5,0.068,569,11,0.888,0
328,2,0,4,0.307,537,11,0.888,0
349,6,0,4,0.075,693,11,0.943,0
344,6,0,4,0.31,654,11,0.943,0
255,6,0,5,0.386,538,11,0.943,0
343,6,0,5,0.183,617,11,0.943,0
269,2,0,5,0.08,562,11,0.888,0
311,2,0,4,0.327,585,11,0.943,0
296,6,0,4,0.031,560,11,0.943,0
258,6,0,5,0.243,590,11,0.888,0
263,6,0,4,0.366,586,11,0.943,0
244,6,0,4,0.43,518,11,0.888,0
299,2,0,4,0.23,659,11,0.943,0
201,2,0,4,0.243,591,11,0.888,0
378,6,0,4,0.298,623,11,0.943,0
363,6,0,4,0.187,685,11,0.888,0
260,6,0,4,0.534,542,11,0.888,0
375,2,0,5,0.1,620,11,0.888,0
244,6,0,5,0.279,571,11,0.888,0
277,2,0,4,0.115,558,11,0.888,0
351,2,0,4,0.104,589,11,0.943,0
365,2,0,4,0.437,653,11,0.888,0
344,2,0,4,0.112,613,11,0.888,0
241,2,0,5,0.1,613,11,0.943,0
347,6,0,5,0.096,591,11,0.888,0
284,6,0,4,0.255,591,11,0.943,0
339,6,0,5,0.226,657,11,0.888,0
394,6,0,5,0.226,636,11,0.943,0
305,6,0,5,0.064,627,11,0.888,0
306,2,0,5,0.247,594,11,0.943,0
224,6,0,5,0,625,11,0.943,0
290,2,0,4,0.148,525,11,0.888,0
323,6,0,5,0.016,575,11,0.888,0
282,2,0,5,0.068,618,11,0.943,0
341,6,0,5,0.338,660,11,0.888,0
320,2,0,4,0.116,564,11,0.888,0
242,6,0,4,0.405,583,11,0.888,0
309,6,0,5,0.167,577,11,0.943,0
303,2,0,4,0.426,600,11,0.943,0
339,6,0,4,0.059,607,11,0.888,0
235,2,0,5,0.179,566,11,0.943,0
384,2,0,4,0.346,647,11,0.943,0
332,2,0,5,0.311,517,11,0.943,0
329,6,0,4,0.008,619,11,0.943,0
272,2,0,5,0.442,545,11,0.943,0
420,6,0,5,0.116,567,11,0.888,0
312,6,0,5,0.055,655,11,0.943,0
321,2,0,4,0.043,544,11,0.888,0
327,6,0,4,0.039,603,11,0.943,0
220,2,0,5,0.327,547,11,0.943,0
363,6,0,5,0.31,587,11,0.888,0
313,6,0,4,0.052,563,11,0.943,0
310,6,0,5,0.466,576,11,0.888,0
337,6,0,4,0.187,648,11,0.943,0
347,2,0,5,0.028,602,11,0.943,0
315,2,0,5,0.124,579,11,0.888,0
292,2,0,4,0.554,610,11,0.888,0
293,6,0,4,0.199,678,11,0.888,0
362,2,0,5,0.354,607,11,0.888,0
396,2,0,4,0.159,566,11,0.888,0
209,6,0,5,0.366,552,11,0.943,0
348,6,0,5,0.023,674,11,0.888,0
279,6,0,4,0.339,587,11,0.888,0
97,6,0,5,0.47,193,6,0.888,1
99,6,0,4,0.498,197,6,0.888,1
67,6,0,4,0.657,181,6,0.943,1
141,6,0,4,0.227,230,6,0.888,1
133,6,0,4,0.394,200,6,0.888,1
87,6,0,5,0.303,209,6,0.943,1
86,6,0,4,0.474,213,6,0.888,1
89,6,0,4,0.884,161,6,0.888,1
110,6,0,4,0.311,218,6,0.943,1
114,6,0,4,0.386,200,6,0.888,1
137,6,0,5,0.422,199,6,0.888,1
137,6,0,4,0.378,214,6,0.943,1
131,6,0,4,0.546,201,6,0.888,1
102,6,0,4,0.613,185,6,0.888,1
80,6,0,5,0.629,168,6,0.888,1
109,6,0,4,0.613,200,6,0.943,1
133,6,0,4,0.394,208,6,0.888,1
121,6,0,4,0.434,195,6,0.943,1
107,6,0,5,0.359,217,6,0.888,1
97,6,0,5,0.386,192,6,0.888,1
76,6,0,5,0.49,180,6,0.943,1
97,6,0,4,0.55,172,6,0.888,1
111,6,0,5,0.458,190,6,0.943,1
117,6,0,5,0.573,177,6,0.943,1
98,6,0,4,0.593,200,6,0.888,1
100,6,0,5,0.542,209,6,0.888,1
93,6,0,5,0.585,197,6,0.888,1
111,6,0,5,0.538,210,6,0.888,1
97,6,0,5,0.601,173,6,0.888,1
88,6,0,5,0.593,189,6,0.943,1
98,6,0,4,0.557,170,6,0.943,1
89,6,0,4,0.569,207,6,0.943,1
87,6,0,5,0.601,196,6,0.888,1
108,6,0,5,0.557,180,6,0.888,1
121,6,0,5,0.347,200,6,0.888,1
108,6,0,4,0.366,208,6,0.943,1
94,6,0,4,0.51,193,6,0.943,1
102,6,0,5,0.514,184,6,0.943,1
95,6,0,4,0.561,185,6,0.943,1
126,6,0,4,0.311,230,6,0.888,1
104,6,0,5,0.37,210,6,0.888,1
120,6,0,5,0.343,215,6,0.943,1
112,6,0,5,0.498,180,6,0.888,1
92,6,0,4,0.41,193,6,0.943,1
91,6,0,5,0.665,169,6,0.943,1
126,6,0,5,0.442,194,6,0.943,1
129,6,0,5,0.267,214,6,0.888,1
131,6,0,5,0.247,222,6,0.943,1
96,6,0,4,0.363,199,6,0.943,1
92,6,0,5,0.697,182,6,0.888,1
118,6,0,4,0.394,216,6,0.888,1
123,6,0,5,0.299,189,6,0.888,1
121,6,0,5,0.315,218,6,0.943,1
130,6,0,4,0.418,219,6,0.888,1
74,6,0,4,0.665,151,6,0.888,1
103,6,0,5,0.37,218,6,0.888,1
95,6,0,4,0.351,217,6,0.888,1
147,6,0,4,0.239,225,6,0.888,1
120,6,0,4,0.494,195,6,0.943,1
82,6,0,4,0.78,170,6,0.943,1
112,6,0,4,0.426,184,6,0.888,1
94,6,0,5,0.275,223,6,0.943,1
109,6,0,4,0.573,204,6,0.888,1
106,6,0,5,0.275,212,6,0.888,1
121,6,0,4,0.235,211,6,0.888,1
115,6,0,4,0.363,195,6,0.943,1
106,6,0,5,0.311,227,6,0.943,1
140,6,0,5,0.47,219,6,0.888,1
99,6,0,5,0.422,211,6,0.943,1
101,6,0,5,0.402,198,6,0.943,1
104,6,0,5,0.382,206,6,0.943,1
111,6,0,4,0.366,198,6,0.943,1
112,6,0,4,0.136,221,6,0.888,1
97,6,0,4,0.709,173,6,0.943,1
90,6,0,4,0.446,195,6,0.943,1
134,6,0,5,0.191,231,6,0.943,1
90,6,0,4,0.458,214,6,0.943,1
103,6,0,4,0.561,176,6,0.943,1
79,6,0,4,0.561,161,6,0.943,1
105,6,0,4,0.386,202,6,0.943,1
112,6,0,5,0.486,208,6,0.943,1
116,6,0,4,0.394,192,6,0.943,1
118,6,0,5,0.394,193,6,0.943,1
121,6,0,4,0.47,215,6,0.943,1
113,6,0,5,0.776,159,6,0.888,1
95,6,0,4,0.374,189,6,0.943,1
135,6,0,4,0.287,226,6,0.888,1
124,6,0,5,0.374,205,6,0.943,1
121,6,0,4,0.458,208,6,0.888,1
106,6,0,5,0.49,190,6,0.943,1
97,6,0,4,0.542,168,6,0.943,1
127,6,0,4,0.247,213,6,0.943,1
131,6,0,5,0.307,203,6,0.888,1
124,6,0,5,0.454,208,6,0.888,1
102,6,0,4,0.613,210,6,0.888,1
104,6,0,5,0.299,213,6,0.943,1
70,6,0,5,0.426,179,6,0.888,1
105,6,0,4,0.434,197,6,0.888,1
104,6,0,5,0.625,190,6,0.888,1
127,6,0,4,0.283,212,6,0.943,1
130,6,0,5,0.307,210,6,0.888,1
109,6,0,5,0.339,224,6,0.943,1
89,6,0,4,0.474,201,6,0.888,1
116,6,0,5,0.41,181,6,0.888,1
105,6,0,5,0.661,171,6,0.943,1
100,6,0,4,0.275,203,6,0.888,1
135,6,0,4,0.144,220,6,0.888,1
95,6,0,4,0.331,225,6,0.943,1
82,6,0,5,0.339,188,6,0.943,1
111,6,0,5,0.227,214,6,0.888,1
124,6,0,5,0.231,216,6,0.943,1
102,6,0,4,0.41,196,6,0.888,1
102,6,0,4,0.557,185,6,0.888,1
141,6,0,4,0.239,221,6,0.888,1
86,6,0,5,0.589,184,6,0.888,1
104,6,0,5,0.534,170,6,0.888,1
99,6,0,4,0.263,197,6,0.943,1
116,6,0,5,0.283,212,6,0.888,1
73,6,0,5,0.466,190,6,0.943,1
84,6,0,4,0.561,200,6,0.943,1
113,6,0,4,0.538,185,6,0.888,1
80,6,0,4,0.374,182,6,0.943,1
94,6,0,5,0.442,198,6,0.943,1
109,6,0,5,0.438,204,6,0.888,1
72,6,0,5,0.542,183,6,0.888,1
121,6,0,4,0.442,202,6,0.943,1
122,6,0,4,0.617,177,6,0.888,1
112,6,0,4,0.319,194,6,0.943,1
146,6,0,5,0.398,218,6,0.943,1
104,6,0,5,0.53,205,6,0.888,1
113,6,0,4,0.649,177,6,0.888,1
95,6,0,4,0.279,199,6,0.888,1
109,6,0,5,0.47,209,6,0.888,1
88,6,0,5,0.414,189,6,0.943,1
140,6,0,4,0.398,201,6,0.943,1
108,6,0,5,0.613,183,6,0.888,1
109,6,0,5,0.378,203,6,0.943,1
130,6,0,4,0.331,217,6,0.943,1
116,6,0,4,0.462,196,6,0.888,1
96,6,0,5,0.51,205,6,0.943,1
96,6,0,4,0.609,187,6,0.943,1
137,6,0,5,0.183,224,6,0.888,1
106,6,0,4,0.514,205,6,0.943,1
94,6,0,5,0.506,196,6,0.943,1
91,6,0,4,0.733,168,6,0.943,1
93,6,0,4,0.601,179,6,0.943,1
106,6,0,5,0.386,184,6,0.888,1
122,6,0,4,0.359,227,6,0.943,1
120,6,0,4,0.378,239,6,0.943,1
96,6,0,4,0.335,213,6,0.888,1
110,6,0,4,0.327,214,6,0.943,1
134,6,0,5,0.402,211,6,0.888,1
104,6,0,4,0.506,191,6,0.943,1
122,6,0,4,0.446,200,6,0.943,1
100,6,0,4,0.438,210,6,0.943,1
94,6,0,5,0.557,178,6,0.888,1
94,6,0,4,0.534,181,6,0.943,1
113,6,0,5,0.394,210,6,0.943,1
123,6,0,4,0.37,217,6,0.943,1
123,6,0,5,0.195,205,6,0.943,1
127,6,0,5,0.51,200,6,0.943,1
92,6,0,5,0.538,168,6,0.888,1
124,6,0,4,0.45,177,6,0.888,1
104,6,0,5,0.366,203,6,0.888,1
122,6,0,4,0.355,196,6,0.943,1
96,6,0,4,0.374,186,6,0.888,1
84,6,0,4,0.597,178,6,0.943,1
83,6,0,5,0.597,192,6,0.888,1
93,6,0,4,0.581,180,6,0.888,1
117,6,0,4,0.275,222,6,0.888,1
100,6,0,5,0.561,213,6,0.888,1
128,6,0,4,0.343,197,6,0.888,1
114,6,0,4,0.402,191,6,0.943,1
95,6,0,5,0.713,178,6,0.943,1
80,6,0,4,0.47,172,6,0.888,1
98,6,0,4,0.307,218,6,0.943,1
104,6,0,4,0.231,226,6,0.943,1
100,6,0,4,0.585,201,6,0.888,1
98,6,0,5,0.601,185,6,0.943,1
92,6,0,4,0.585,190,6,0.943,1
108,6,0,5,0.442,197,6,0.943,1
117,6,0,4,0.522,194,6,0.888,1
107,6,0,4,0.482,196,6,0.888,1
107,6,0,5,0.414,213,6,0.888,1
113,6,0,4,0.605,166,6,0.943,1
105,6,0,5,0.398,185,6,0.943,1
115,6,0,5,0.402,198,6,0.943,1
87,6,0,5,0.418,206,6,0.888,1
114,6,0,5,0.287,215,6,0.943,1
87,6,0,4,0.43,205,6,0.943,1
125,6,0,4,0.251,231,6,0.888,1
117,6,0,4,0.39,197,6,0.943,1
112,6,0,5,0.132,232,6,0.888,1
83,6,0,4,0.625,182,6,0.943,1
109,6,0,4,0.565,189,6,0.943,1
104,6,0,4,0.374,227,6,0.888,1
113,6,0,4,0.573,209,6,0.943,1
90,6,0,5,0.681,173,6,0.888,1
97,6,0,5,0.569,180,6,0.943,1
79,6,0,4,0.422,219,6,0.943,1
106,6,0,5,0.442,211,6,0.888,1
102,6,0,4,0.422,201,6,0.888,1
98,6,0,5,0.625,167,6,0.888,1
86,6,0,5,0.494,197,6,0.943,1
120,6,0,5,0.47,199,6,0.888,1
120,6,0,4,0.263,227,6,0.888,1
114,6,0,5,0.526,172,6,0.943,1
112,6,0,4,0.482,193,6,0.943,1
120,6,0,5,0.434,217,6,0.888,1
60,6,0,5,0.45,155,6,0.943,1
133,6,0,5,0.394,193,6,0.943,1
90,6,0,5,0.597,200,6,0.943,1
91,6,0,5,0.41,207,6,0.943,1
117,6,0,4,0.466,202,6,0.888,1
104,6,0,4,0.267,199,6,0.888,1
104,6,0,5,0.355,202,6,0.943,1
120,6,0,4,0.359,212,6,0.943,1
102,6,0,5,0.542,190,6,0.943,1
119,6,0,4,0.359,198,6,0.888,1
136,6,0,4,0.43,223,6,0.943,1
145,6,0,4,0.247,221,6,0.943,1
100,6,0,4,0.621,187,6,0.943,1
111,6,0,4,0.506,204,6,0.888,1
69,6,0,4,0.673,164,6,0.943,1
87,6,0,4,0.458,190,6,0.943,1
103,6,0,5,0.53,210,6,0.943,1
101,6,0,5,0.454,210,6,0.943,1
94,6,0,4,0.542,198,6,0.888,1
70,6,0,4,0.752,163,6,0.943,1
137,6,0,4,0.207,235,6,0.943,1
106,6,0,5,0.494,208,6,0.943,1
99,6,0,4,0.526,184,6,0.943,1
82,6,0,5,0.466,196,6,0.943,1
105,6,0,5,0.534,189,6,0.888,1
106,6,0,5,0.442,187,6,0.888,1
134,6,0,5,0.474,181,6,0.943,1
120,6,0,4,0.327,205,6,0.888,1
116,6,0,5,0.271,200,6,0.888,1
89,6,0,5,0.705,169,6,0.888,1
95,6,0,4,0.534,197,6,0.888,1
113,6,0,5,0.498,193,6,0.943,1
121,6,0,4,0.458,187,6,0.888,1
73,6,0,5,0.721,173,6,0.888,1
107,6,0,4,0.474,184,6,0.943,1
89,6,0,4,0.538,186,6,0.943,1
109,6,0,4,0.311,206,6,0.888,1
96,6,0,4,0.378,200,6,0.888,1
93,6,0,5,0.609,184,6,0.888,1
114,6,0,5,0.398,214,6,0.943,1
99,6,0,4,0.43,207,6,0.888,1
98,6,0,5,0.498,188,6,0.943,1
117,6,0,5,0.343,208,6,0.943,1
88,6,0,5,0.494,183,6,0.943,1
101,6,0,4,0.319,211,6,0.888,1
130,6,0,5,0.43,210,6,0.888,1
81,6,0,4,0.593,187,6,0.888,1
96,6,0,5,0.406,193,6,0.888,1
114,6,0,5,0.331,222,6,0.888,1
76,6,0,5,0.374,200,6,0.888,1
124,6,0,5,0.315,222,6,0.888,1
106,6,0,5,0.49,199,6,0.943,1
102,6,0,5,0.593,194,6,0.943,1
83,6,0,4,0.462,207,6,0.943,1
90,6,0,4,0.434,169,6,0.888,1
103,6,0,5,0.474,204,6,0.943,1
86,6,0,5,0.53,177,6,0.888,1
110,6,0,4,0.534,178,6,0.943,1
69,6,0,5,0.621,172,6,0.888,1
103,6,0,5,0.374,203,6,0.943,1
104,6,0,4,0.494,185,6,0.943,1
88,6,0,4,0.577,193,6,0.888,1
135,6,0,4,0.39,217,6,0.943,1
118,6,0,4,0.299,232,6,0.943,1
134,6,0,5,0.323,212,6,0.888,1
112,6,0,4,0.339,230,6,0.943,1
119,6,0,4,0.637,180,6,0.943,1
113,6,0,5,0.569,212,6,0.888,1
108,6,0,4,0.351,207,6,0.943,1
82,6,0,4,0.748,177,6,0.888,1
124,6,0,4,0.434,196,6,0.943,1
88,6,0,4,0.593,170,6,0.888,1
98,6,0,5,0.434,177,6,0.888,1
110,6,0,5,0.474,200,6,0.888,1
114,6,0,4,0.446,211,6,0.943,1
115,6,0,5,0.359,239,6,0.943,1
92,6,0,4,0.494,198,6,0.943,1
107,6,0,5,0.275,201,6,0.943,1
82,6,0,5,0.557,191,6,0.943,1
112,6,0,4,0.394,212,6,0.888,1
90,6,0,5,0.613,183,6,0.943,1
108,6,0,4,0.649,181,6,0.888,1
125,6,0,4,0.434,208,6,0.943,1
99,6,0,5,0.414,196,6,0.888,1
106,6,0,4,0.363,202,6,0.943,1
100,6,0,4,0.315,227,6,0.888,1
103,6,0,4,0.394,204,6,0.888,1
146,6,0,5,0.39,195,6,0.943,1
99,6,0,5,0.398,195,6,0.943,1
111,6,0,4,0.45,208,6,0.888,1
91,6,0,5,0.701,179,6,0.943,1
108,6,0,4,0.585,193,6,0.888,1
100,6,0,4,0.514,175,6,0.888,1
121,6,0,4,0.366,202,6,0.888,1
84,6,0,4,0.506,189,6,0.943,1
154,6,0,5,0.291,225,6,0.943,1
85,6,0,4,0.665,169,6,0.943,1
111,6,0,4,0.311,206,6,0.888,1
114,6,0,5,0.414,193,6,0.888,1
84,6,0,5,0.482,192,6,0.888,1
118,6,0,5,0.486,200,6,0.943,1
142,6,0,5,0.207,222,6,0.943,1
88,6,0,5,0.649,166,6,0.943,1
108,6,0,5,0.442,174,6,0.888,1
131,6,0,5,0.374,216,6,0.943,1
91,6,0,5,0.589,176,6,0.888,1
137,6,0,4,0.108,242,6,0.888,1
123,6,0,4,0.486,210,6,0.943,1
111,6,0,4,0.522,205,6,0.888,1
114,6,0,5,0.251,202,6,0.888,1
95,6,0,5,0.621,183,6,0.888,1
85,6,0,4,0.494,186,6,0.888,1
87,6,0,4,0.386,190,6,0.943,1
102,6,0,4,0.398,201,6,0.943,1
96,6,0,5,0.573,179,6,0.888,1
119,6,0,4,0.462,187,6,0.943,1
118,6,0,4,0.601,189,6,0.888,1
108,6,0,5,0.378,212,6,0.943,1
92,6,0,5,0.462,208,6,0.943,1
126,6,0,5,0.386,210,6,0.888,1
116,6,0,5,0.414,189,6,0.943,1
94,6,0,5,0.649,198,6,0.888,1
84,6,0,5,0.462,192,6,0.943,1
86,6,0,5,0.689,179,6,0.888,1
99,6,0,5,0.426,209,6,0.943,1
129,6,0,5,0.251,250,6,0.888,1
116,6,0,4,0.526,187,6,0.888,1
95,6,0,4,0.343,203,6,0.943,1
77,6,0,4,0.565,204,6,0.943,1
103,6,0,5,0.526,192,6,0.888,1
102,6,0,5,0.498,197,6,0.888,1
117,6,0,4,0.406,196,6,0.943,1
122,6,0,4,0.335,204,6,0.943,1
131,6,0,4,0.203,217,6,0.888,1
95,6,0,4,0.661,192,6,0.943,1
72,6,0,5,0.609,187,6,0.888,1
143,6,0,4,0.172,219,6,0.888,1
114,6,0,4,0.502,198,6,0.888,1
110,6,0,5,0.172,209,6,0.943,1
133,6,0,4,0.39,195,6,0.888,1
107,6,0,4,0.466,192,6,0.888,1
133,6,0,5,0.275,212,6,0.888,1
112,6,0,4,0.343,195,6,0.943,1
128,6,0,5,0.251,208,6,0.943,1
236,0,0,4,1.352,214,6,0.943,1
288,0,0,5,1.042,214,6,0.888,1
306,0,0,5,1.631,208,6,0.888,1
248,0,0,5,0.787,180,6,0.888,1
245,0,0,4,0.672,207,6,0.888,1
249,0,0,4,0.919,200,6,0.943,1
204,0,0,5,1.106,190,6,0.888,1
266,0,0,4,1.603,204,6,0.888,1
264,0,0,5,0.588,211,3,0.888,1
211,0,0,4,1.281,190,6,0.888,1
326,0,0,4,1.635,205,3,0.943,1
241,0,0,5,1.169,186,3,0.943,1
314,0,0,4,1.615,221,6,0.888,1
294,0,0,4,1.535,210,6,0.943,1
334,0,0,5,2.029,247,3,0.888,1
206,0,0,4,1.563,219,3,0.888,1
302,0,0,4,1.13,196,3,0.943,1
267,0,0,5,1.305,219,3,0.943,1
252,0,0,4,1.384,205,3,0.943,1
254,0,0,5,1.802,203,6,0.943,1
238,0,0,4,1.301,198,3,0.943,1
246,0,0,4,1.571,211,3,0.943,1
300,0,0,4,1.062,200,3,0.888,1
255,0,0,5,0.175,167,6,0.943,1
257,0,0,5,1.161,197,3,0.888,1
269,0,0,4,0.855,197,6,0.888,1
297,0,0,5,0.974,207,3,0.888,1
260,0,0,4,1.408,198,3,0.943,1
290,0,0,4,1.348,208,6,0.943,1
229,0,0,4,0.382,171,3,0.888,1
261,0,0,5,0,171,6,0.888,1
223,0,0,4,0.947,179,6,0.888,1
272,0,0,4,0.962,188,6,0.888,1
251,0,0,4,0.7,193,6,0.888,1
300,0,0,4,0.843,194,6,0.943,1
221,0,0,5,0.764,182,3,0.943,1
251,0,0,4,0.839,192,3,0.888,1
286,0,0,4,0.696,189,3,0.943,1
288,0,0,5,1.524,201,6,0.943,1
251,0,0,5,1.4,226,6,0.943,1
185,0,0,4,0.943,165,6,0.888,1
274,0,0,5,0.66,187,6,0.943,1
256,0,0,4,1.265,210,3,0.943,1
252,0,0,5,1.042,197,6,0.888,1
214,0,0,4,0.962,212,3,0.943,1
270,0,0,5,1.046,187,6,0.888,1
253,0,0,4,1.13,202,6,0.943,1
244,0,0,4,0.779,190,6,0.888,1
279,0,0,4,1.46,198,3,0.888,1
233,0,0,5,1.356,212,3,0.943,1
206,0,0,4,0.584,171,3,0.943,1
305,0,0,5,1.241,198,3,0.888,1
306,0,0,4,1.476,212,3,0.888,1
250,0,0,5,0.473,174,6,0.943,1
278,0,0,4,0.891,191,3,0.888,1
315,0,0,4,1.468,218,6,0.888,1
237,0,0,4,0.485,203,3,0.888,1
280,0,0,5,0.724,175,3,0.943,1
240,0,0,5,1.165,199,6,0.943,1
282,0,0,4,1.002,213,3,0.943,1
260,0,0,4,0.911,180,6,0.943,1
261,0,0,4,1.317,216,6,0.943,1
268,0,0,5,1.126,203,3,0.943,1
279,0,0,4,1.539,213,6,0.888,1
267,0,0,4,0.608,173,6,0.943,1
216,0,0,5,0.728,179,6,0.943,1
265,0,0,4,0.799,182,3,0.943,1
236,0,0,4,1.333,200,3,0.943,1
199,0,0,4,0.799,176,3,0.888,1
278,0,0,5,1.301,208,6,0.888,1
266,0,0,4,1.715,218,3,0.943,1
247,0,0,4,0.672,199,6,0.888,1
273,0,0,4,1.138,186,6,0.943,1
255,0,0,5,1.699,200,3,0.888,1
253,0,0,4,1.452,207,6,0.888,1
252,0,0,5,0.839,183,3,0.943,1
257,0,0,5,0.915,170,3,0.943,1
266,0,0,5,0.732,193,6,0.943,1
255,0,0,5,1.15,206,6,0.888,1
233,0,0,5,1.48,216,3,0.888,1
205,0,0,5,0.891,171,3,0.888,1
271,0,0,4,1.002,189,6,0.943,1
245,0,0,5,0.815,191,3,0.943,1
318,0,0,5,1.997,209,3,0.888,1
287,0,0,5,1.265,211,3,0.943,1
251,0,0,5,1.034,201,3,0.888,1
229,0,0,5,0.68,195,6,0.888,1
268,0,0,5,1.193,189,3,0.888,1
286,0,0,5,0.839,196,3,0.943,1
267,0,0,5,0.974,206,6,0.943,1
242,0,0,4,1.082,191,3,0.943,1
183,0,0,4,1.046,189,3,0.943,1
309,0,0,4,1.456,208,6,0.943,1
284,0,0,4,0.803,188,6,0.888,1
282,0,0,4,1.273,219,3,0.888,1
280,0,0,4,1.237,219,3,0.943,1
196,0,0,5,0.608,186,3,0.888,1
284,0,0,4,1.695,215,6,0.888,1
253,0,0,5,0.879,172,6,0.888,1
285,0,0,5,1.058,196,6,0.888,1
247,0,0,5,0.923,180,6,0.943,1
256,0,0,5,0.867,189,3,0.943,1
176,0,0,5,0.7,175,6,0.943,1
239,0,0,4,1.142,176,3,0.888,1
250,0,0,5,1.229,206,6,0.888,1
322,0,0,5,1.01,192,3,0.943,1
237,0,0,4,1.106,197,6,0.943,1
296,0,0,5,0.736,197,3,0.943,1
311,0,0,4,1.611,203,6,0.943,1
198,0,0,5,0.214,155,3,0.888,1
181,0,0,4,0.541,171,3,0.888,1
275,0,0,4,1.424,202,6,0.888,1
275,0,0,5,1.309,195,6,0.943,1
305,0,0,5,1.77,218,3,0.943,1
260,0,0,5,0.648,174,6,0.888,1
242,0,0,4,0.374,180,6,0.888,1
246,0,0,4,0.644,178,6,0.888,1
239,0,0,4,1.209,189,6,0.888,1
358,0,0,4,2.081,220,3,0.943,1
307,0,0,4,1.432,206,6,0.888,1
254,0,0,4,1.257,199,3,0.888,1
317,0,0,4,1.229,223,3,0.943,1
276,0,0,5,1.42,211,6,0.888,1
266,0,0,5,1.273,226,6,0.943,1
244,0,0,4,1.201,194,6,0.943,1
267,0,0,4,1.587,212,6,0.888,1
249,0,0,5,1.098,197,6,0.888,1
234,0,0,4,0.783,186,6,0.888,1
237,0,0,4,0.648,181,6,0.943,1
258,0,0,5,1.273,201,6,0.888,1
263,0,0,4,1.253,198,3,0.943,1
169,0,0,4,0.557,175,6,0.943,1
258,0,0,5,0.959,201,6,0.943,1
229,0,0,4,0.799,185,6,0.888,1
222,0,0,4,0.529,183,3,0.888,1
231,0,0,4,0.875,194,3,0.943,1
268,0,0,4,1.838,223,3,0.888,1
299,0,0,5,2.013,224,3,0.888,1
246,0,0,5,0.493,165,3,0.888,1
283,0,0,5,1.225,221,6,0.943,1
282,0,0,5,0.827,204,6,0.943,1
230,0,0,5,0.72,186,6,0.888,1
242,0,0,4,1.233,170,3,0.943,1
260,0,0,5,1.806,210,6,0.888,1
204,0,0,5,0.688,194,3,0.888,1
227,0,0,5,1.364,191,6,0.943,1
325,0,0,4,1.42,199,6,0.888,1
247,0,0,5,0.258,173,6,0.888,1
262,0,0,4,1.902,214,6,0.943,1
266,0,0,4,1.898,204,3,0.943,1
288,0,0,5,0.859,198,3,0.888,1
251,0,0,4,0.99,219,3,0.888,1
263,0,0,5,1.337,200,3,0.943,1
336,0,0,4,1.428,224,3,0.888,1
238,0,0,5,1.153,188,3,0.888,1
238,0,0,5,1.15,191,6,0.888,1
263,0,0,5,1.078,201,6,0.943,1
251,0,0,4,0.962,196,6,0.888,1
282,0,0,4,0.855,178,6,0.888,1
200,0,0,4,0.457,162,6,0.888,1
254,0,0,5,0.871,183,6,0.888,1
227,0,0,4,1.09,193,3,0.943,1
265,0,0,5,1.277,199,3,0.888,1
245,0,0,4,0.839,192,6,0.888,1
256,0,0,4,2.061,245,3,0.888,1
264,0,0,4,1.114,194,3,0.888,1
276,0,0,5,1.73,210,3,0.888,1
317,0,0,4,1.699,209,3,0.888,1
311,0,0,5,1.802,223,3,0.888,1
210,0,0,4,0.473,188,3,0.888,1
287,0,0,4,0.907,211,3,0.888,1
282,0,0,5,1.273,177,6,0.943,1
271,0,0,5,0.982,197,6,0.943,1
267,0,0,5,1.372,213,3,0.888,1
319,0,0,4,1.718,218,6,0.943,1
287,0,0,4,1.452,207,3,0.888,1
258,0,0,5,1.197,213,3,0.943,1
234,0,0,5,1.301,197,3,0.943,1
277,0,0,4,1.221,180,6,0.943,1
238,0,0,4,0.915,186,6,0.888,1
246,0,0,5,1.153,201,3,0.888,1
215,0,0,4,1.551,188,3,0.943,1
162,0,0,4,0.592,159,3,0.943,1
242,0,0,4,1.667,213,3,0.943,1
222,0,0,4,0.401,175,6,0.888,1
224,0,0,5,0.704,170,6,0.888,1
263,0,0,5,1.551,196,6,0.888,1
293,0,0,4,1.591,230,3,0.888,1
270,0,0,4,1.245,218,3,0.888,1
249,0,0,5,1.134,208,3,0.888,1
246,0,0,5,1.086,206,3,0.888,1
190,0,0,4,0.76,169,3,0.943,1
273,0,0,4,1.333,213,6,0.888,1
264,0,0,5,0.919,181,3,0.888,1
315,0,0,4,0.927,202,6,0.943,1
262,0,0,5,1.52,203,6,0.888,1
224,0,0,5,1.022,178,6,0.943,1
219,0,0,5,1.643,198,6,0.943,1
278,0,0,4,1.317,205,3,0.943,1
308,0,0,4,1.189,197,6,0.943,1
209,0,0,5,0.517,184,6,0.943,1
276,0,0,5,1.547,217,6,0.888,1
252,0,0,5,1.249,209,3,0.943,1
209,0,0,4,0.803,182,3,0.943,1
342,0,0,4,1.448,203,6,0.888,1
262,0,0,5,1.627,218,6,0.943,1
277,0,0,4,0.998,183,3,0.943,1
264,0,0,4,0.636,163,6,0.943,1
231,0,0,4,0.895,185,6,0.943,1
209,0,0,4,0.895,173,6,0.943,1
302,0,0,5,1.599,214,6,0.888,1
282,0,0,4,1.555,201,3,0.888,1
220,0,0,5,1.325,202,3,0.888,1
261,0,0,5,0.966,205,6,0.888,1
203,0,0,5,0.401,192,6,0.888,1
296,0,0,5,1.89,222,3,0.888,1
250,0,0,4,0.97,192,6,0.888,1
247,0,0,4,1.38,199,6,0.943,1
220,0,0,4,1.134,178,3,0.943,1
216,0,0,5,0.875,190,3,0.888,1
258,0,0,4,1.539,219,6,0.888,1
283,0,0,4,1.098,214,3,0.888,1
310,0,0,5,1.504,193,6,0.888,1
264,0,0,5,0.708,187,3,0.888,1
224,0,0,4,0.489,174,6,0.888,1
202,0,0,4,0.692,177,6,0.943,1
229,0,0,4,1.066,203,6,0.943,1
233,0,0,5,1.344,190,3,0.943,1
315,0,0,5,1.583,210,3,0.888,1
212,0,0,4,0.473,174,6,0.888,1
200,0,0,4,1.014,183,6,0.943,1
250,0,0,4,0.493,181,3,0.888,1
290,0,0,4,1.563,214,6,0.943,1
221,0,0,5,1.122,225,6,0.943,1
226,0,0,5,1.464,211,6,0.888,1
276,0,0,4,1.03,195,6,0.888,1
296,0,0,4,1.15,186,6,0.943,1
252,0,0,4,1.09,175,3,0.943,1
350,0,0,4,1.432,208,6,0.943,1
237,0,0,4,0.68,176,6,0.888,1
236,0,0,4,0.887,206,3,0.943,1
206,0,0,4,0.688,180,3,0.943,1
184,0,0,5,0.787,185,3,0.943,1
290,0,0,5,1.269,209,3,0.943,1
212,0,0,4,0.998,199,3,0.888,1
232,0,0,5,0.899,192,6,0.888,1
229,0,0,4,1.062,196,3,0.888,1
265,0,0,4,1.269,199,6,0.943,1
297,0,0,4,0.927,190,6,0.943,1
287,0,0,5,1.344,200,3,0.888,1
215,0,0,5,0.656,170,6,0.888,1
259,0,0,5,0.839,187,6,0.888,1
301,0,0,5,1.122,190,3,0.943,1
260,0,0,5,1.054,181,6,0.888,1
252,0,0,5,1.611,221,6,0.943,1
205,0,0,4,1.571,213,3,0.943,1
231,0,0,5,0.911,183,3,0.943,1
280,0,0,5,1.472,223,3,0.943,1
213,0,0,4,0.672,162,3,0.943,1
229,0,0,4,0.911,202,3,0.943,1
290,0,0,4,1.746,236,3,0.888,1
262,0,0,5,1.329,189,6,0.888,1
203,0,0,4,1.309,205,3,0.943,1
291,0,0,5,1.595,223,3,0.943,1
265,0,0,5,0.553,186,3,0.943,1
321,0,0,4,1.539,214,3,0.943,1
256,0,0,5,1.619,228,3,0.888,1
260,0,0,5,1.106,214,3,0.943,1
254,0,0,4,0.843,191,3,0.888,1
293,0,0,5,1.512,188,6,0.943,1
265,0,0,5,1.241,185,3,0.888,1
239,0,0,5,0.752,177,3,0.888,1
249,0,0,4,1.034,191,3,0.943,1
278,0,0,4,1.571,218,6,0.943,1
282,0,0,5,0.974,180,6,0.888,1
271,0,0,5,1.46,211,6,0.943,1
257,0,0,4,0.986,199,3,0.943,1
314,0,0,5,1.647,239,6,0.943,1
285,0,0,5,1.567,198,6,0.943,1
213,0,0,5,1.006,189,3,0.943,1
219,0,0,4,0.493,165,6,0.943,1
224,0,0,4,1.317,188,6,0.888,1
272,0,0,5,1.185,213,3,0.888,1
243,0,0,4,0.222,147,3,0.943,1
233,0,0,5,0.27,148,6,0.888,1
241,0,0,4,1.293,192,3,0.888,1
252,0,0,4,0.915,187,3,0.943,1
251,0,0,5,1.329,213,6,0.943,1
251,0,0,4,1.114,179,6,0.943,1
302,0,0,4,1.949,232,6,0.888,1
254,0,0,5,1.376,204,6,0.943,1
292,0,0,4,1.11,209,3,0.943,1
294,0,0,4,1.384,204,6,0.888,1
208,0,0,5,0.397,159,6,0.943,1
263,0,0,5,1.535,207,3,0.888,1
232,0,0,4,0.764,191,6,0.943,1
205,0,0,4,0.899,193,3,0.888,1
262,0,0,5,0.429,188,6,0.943,1
285,0,0,5,1.615,200,6,0.888,1
304,0,0,4,1.925,228,6,0.943,1
234,0,0,5,0.322,184,3,0.888,1
268,0,0,5,1.5,218,3,0.943,1
249,0,0,4,0.931,186,3,0.943,1
199,0,0,5,0.473,145,6,0.943,1
275,0,0,5,1.488,206,6,0.943,1
252,0,0,4,0.696,186,3,0.888,1
308,0,0,4,1.722,212,6,0.943,1
215,0,0,5,0.875,183,3,0.888,1
277,0,0,5,1.539,204,3,0.943,1
264,0,0,5,0.779,201,6,0.943,1
256,0,0,4,1.472,227,3,0.943,1
266,0,0,4,1.965,224,6,0.943,1
278,0,0,4,1.185,193,3,0.888,1
247,0,0,4,1.627,201,6,0.888,1
273,0,0,5,1.528,220,3,0.888,1
243,0,0,4,1.01,180,6,0.943,1
245,0,0,5,0.891,191,3,0.943,1
196,0,0,5,0.959,179,3,0.943,1
260,0,0,5,1.432,204,6,0.888,1
284,0,0,4,1.388,219,6,0.888,1
206,0,0,5,0.879,186,3,0.943,1
220,0,0,4,0.604,190,3,0.888,1
262,0,0,5,0.982,199,3,0.888,1
274,0,0,4,1.34,214,6,0.888,1
263,0,0,5,1.508,208,3,0.888,1
273,0,0,5,1.456,205,6,0.888,1
245,0,0,4,1.635,209,3,0.943,1
259,0,0,4,0.911,188,3,0.888,1
254,0,0,4,1.428,198,6,0.888,1
243,0,0,5,1.233,181,6,0.943,1
290,0,0,4,1.416,208,6,0.943,1
262,0,0,4,1.34,185,6,0.943,1
273,0,0,4,1.114,211,6,0.888,1
217,0,0,4,1.11,186,6,0.943,1
254,0,0,4,0.998,181,3,0.943,1
272,0,0,4,1.555,228,6,0.888,1
266,0,0,5,1.249,184,6,0.943,1
315,0,0,4,1.778,212,6,0.888,1
257,0,0,5,1.416,199,3,0.943,1
281,0,0,5,1.703,196,6,0.888,1
228,0,0,5,1.086,199,6,0.943,1
249,0,0,5,1.587,186,3,0.888,1
268,0,0,4,1.456,194,3,0.943,1
255,0,0,4,1.404,192,6,0.888,1
259,0,0,4,0.959,197,6,0.943,1
201,0,0,5,1.416,191,3,0.888,1
294,0,0,4,0.819,205,3,0.888,1
255,0,0,4,1.436,205,6,0.943,1
266,0,0,4,0.764,183,3,0.943,1
261,0,0,4,1.102,212,3,0.943,1
243,0,0,4,0.97,182,6,0.888,1
208,0,0,4,0.573,176,3,0.888,1
176,0,0,4,0.668,165,6,0.888,1
392,0,0,5,2.677,600,11,0.888,1
279,0,0,4,1.233,491,11,0.943,1
245,0,0,4,1.742,535,11,1.804,1
473,0,0,5,2.204,581,11,1.804,1
392,0,0,4,2.291,652,11,1.804,1
364,0,0,4,1.44,598,11,1.804,1
274,0,0,5,1.699,511,11,0.888,1
250,0,0,4,0.437,512,11,0.888,1
401,0,0,5,2.669,573,11,0.943,1
341,0,0,5,1.953,583,11,0.943,1
435,0,0,5,1.496,545,11,0.943,1
473,0,0,4,1.221,578,11,0.943,1
460,0,0,5,1.44,603,11,0.888,1
368,0,0,4,3.736,711,11,0.888,1
487,0,0,5,2.18,602,11,0.888,1
334,0,0,4,0.712,491,11,0.943,1
226,0,0,5,1.138,453,11,1.804,1
428,0,0,4,3.047,643,11,1.804,1
241,0,0,4,0.374,365,11,0.943,1
350,0,0,5,2.395,647,11,0.943,1
402,0,0,4,1.293,522,11,1.804,1
324,0,0,4,0.111,444,11,1.804,1
277,0,0,4,0.811,440,11,0.888,1
439,0,0,5,0.74,449,11,1.804,1
346,0,0,4,1.161,438,11,1.804,1
328,0,0,4,2.089,570,11,0.943,1
295,0,0,5,0.768,496,11,1.804,1
485,0,0,5,2.097,555,11,1.804,1
306,0,0,5,1.659,600,11,1.804,1
350,0,0,4,1.484,494,11,0.888,1
366,0,0,5,1.985,717,11,0.888,1
343,0,0,5,1.305,533,11,0.943,1
403,0,0,5,0.083,432,11,0.943,1
428,0,0,4,1.492,547,11,0.943,1
294,0,0,4,1.655,494,11,0.888,1
493,0,0,5,2.538,601,11,0.888,1
402,0,0,4,1.882,541,11,1.804,1
283,0,0,5,1.428,462,11,1.804,1
385,0,0,4,1.094,488,11,0.943,1
417,0,0,5,1.846,539,11,0.943,1
244,0,0,4,0.425,427,11,1.804,1
334,0,0,4,1.563,584,11,0.943,1
379,0,0,4,2.252,506,11,0.943,1
364,0,0,5,0.386,556,11,0.888,1
343,0,0,4,1.567,541,11,0.888,1
394,0,0,5,1.746,642,11,0.943,1
201,0,0,4,0.123,528,11,0.943,1
263,0,0,4,0.744,572,11,1.804,1
334,0,0,5,0.616,518,11,0.943,1
377,0,0,4,0.823,547,11,0.888,1
269,0,0,5,1.655,532,11,1.804,1
457,0,0,5,1.559,570,11,0.943,1
385,0,0,4,2.411,591,11,0.943,1
345,0,0,5,0.939,510,11,1.804,1
311,0,0,4,1.317,546,11,1.804,1
438,0,0,4,1.277,612,11,0.943,1
298,0,0,5,0.143,524,11,1.804,1
355,0,0,5,1.09,567,11,1.804,1
290,0,0,4,1.898,602,11,1.804,1
335,0,0,4,0.855,513,11,0.943,1
316,0,0,4,1.559,579,11,0.943,1
435,0,0,5,2.853,687,11,0.888,1
367,0,0,4,1.293,564,11,1.804,1
261,0,0,5,1.094,476,11,0.943,1
527,0,0,4,2.351,562,11,0.888,1
284,0,0,4,0.911,470,11,0.943,1
349,0,0,4,0.947,569,11,0.888,1
393,0,0,4,1.846,656,11,0.888,1
144,0,0,4,0.955,440,11,1.804,1
307,0,0,5,0.931,490,11,0.888,1
233,0,0,5,0.534,456,11,1.804,1
363,0,0,4,1.671,530,11,0.943,1
345,0,0,4,0.768,433,11,1.804,1
450,0,0,5,1.595,550,11,0.943,1
375,0,0,4,3.167,620,11,0.943,1
260,0,0,5,1.555,606,11,0.888,1
416,0,0,5,2.081,611,11,0.888,1
249,0,0,5,1.329,547,11,0.943,1
264,0,0,5,1.555,532,11,0.888,1
482,0,0,4,2.204,652,11,0.888,1
453,0,0,5,2.005,582,11,0.943,1
314,0,0,4,0.405,433,11,0.888,1
353,0,0,4,1.201,501,11,0.943,1
319,0,0,5,0.187,523,11,0.888,1
440,0,0,5,1.806,603,11,0.943,1
437,0,0,4,2.498,579,11,1.804,1
245,0,0,4,1.13,551,11,1.804,1
306,0,0,5,1.416,464,11,0.888,1
517,0,0,5,2.363,559,11,0.943,1
377,0,0,5,0.823,511,11,1.804,1
410,0,0,5,1.699,551,11,1.804,1
475,0,0,5,1.786,591,11,0.888,1
316,0,0,5,1.11,600,11,1.804,1
336,0,0,5,1.452,502,11,1.804,1
399,0,0,5,2.204,595,11,0.888,1
320,0,0,4,0.927,513,11,0.943,1
418,0,0,4,1.257,548,11,0.888,1
409,0,0,5,1.563,539,11,0.888,1
422,0,0,4,2.864,669,11,0.943,1
576,0,0,5,2.936,669,11,0.943,1
363,0,0,4,2.291,602,11,0.888,1
455,0,0,5,1.245,638,11,1.804,1
308,0,0,4,1.774,522,11,0.943,1
348,0,0,5,1.245,592,11,1.804,1
384,0,0,4,0.939,559,11,1.804,1
410,0,0,5,2.093,584,11,0.943,1
384,0,0,5,1.734,552,11,1.804,1
280,0,0,4,0.354,450,11,1.804,1
393,0,0,4,1.48,552,11,0.888,1
347,0,0,4,1.913,544,11,0.888,1
317,0,0,4,1.078,481,11,0.888,1
249,0,0,5,1.404,502,11,1.804,1
379,0,0,4,1.917,562,11,0.888,1
279,0,0,5,1.802,606,11,0.943,1
263,0,0,5,2.104,531,11,0.943,1
411,0,0,5,1.273,538,11,0.888,1
469,0,0,5,1.42,500,11,1.804,1
371,0,0,4,1.464,529,11,0.888,1
397,0,0,5,2.749,592,11,0.888,1
341,0,0,4,1.277,578,11,0.888,1
408,0,0,5,1.571,529,11,0.943,1
414,0,0,5,3.302,637,11,0.943,1
379,0,0,4,2.037,646,11,1.804,1
313,0,0,4,1.014,482,11,0.888,1
479,0,0,4,1.528,546,11,0.888,1
446,0,0,5,2.924,680,11,0.943,1
271,0,0,5,1.38,495,11,0.943,1
371,0,0,5,1.225,515,11,0.888,1
261,0,0,4,0.549,455,11,0.943,1
249,0,0,4,0.501,397,11,0.888,1
451,0,0,5,1.583,590,11,0.888,1
297,0,0,5,1.675,562,11,0.943,1
319,0,0,5,1.313,489,11,1.804,1
347,0,0,5,0.409,469,11,0.888,1
244,0,0,4,1.392,523,11,0.888,1
260,0,0,4,1.364,431,11,0.943,1
376,0,0,4,1.333,534,11,0.888,1
240,0,0,5,0.437,435,11,1.804,1
446,0,0,5,1.81,619,11,0.888,1
365,0,0,5,1.882,643,11,1.804,1
382,0,0,5,0.151,475,11,0.888,1
219,0,0,4,1.13,442,11,0.943,1
377,0,0,5,2.299,591,11,1.804,1
412,0,0,4,1.086,570,11,1.804,1
238,0,0,4,0.99,435,11,0.943,1
370,0,0,5,0.569,495,11,0.888,1
265,0,0,5,1.917,480,11,0.943,1
345,0,0,4,1.838,562,11,0.888,1
335,0,0,4,2.097,621,11,1.804,1
395,0,0,5,1.547,518,11,0.888,1
423,0,0,4,2.252,609,11,1.804,1
295,0,0,5,1.273,475,11,0.888,1
189,0,0,4,0.521,367,11,0.888,1
361,0,0,4,2.459,605,11,0.943,1
284,0,0,5,1.436,607,11,1.804,1
328,0,0,5,1.894,528,11,1.804,1
408,0,0,4,1.4,546,11,0.888,1
287,0,0,4,1.388,531,11,0.943,1
429,0,0,4,2.073,659,11,0.943,1
309,0,0,5,0.736,537,11,0.943,1
315,0,0,4,1.945,612,11,0.888,1
435,0,0,5,1.838,537,11,1.804,1
406,0,0,4,1.77,519,11,1.804,1
381,0,0,5,1.571,591,11,0.888,1
270,0,0,4,0.732,420,11,0.888,1
268,0,0,5,1.233,517,11,0.888,1
406,0,0,5,1.814,646,11,1.804,1
288,0,0,4,0.795,476,11,1.804,1
368,0,0,4,1.277,524,11,1.804,1
389,0,0,5,1.921,548,11,0.888,1
278,0,0,5,2.132,558,11,0.943,1
321,0,0,4,1.894,632,11,0.943,1
417,0,0,4,1.412,561,11,0.943,1
338,0,0,4,1.627,527,11,1.804,1
245,0,0,5,1.496,481,11,0.888,1
321,0,0,5,1.086,512,11,0.943,1
268,0,0,5,1.965,597,11,0.888,1
419,0,0,4,0.839,502,11,0.888,1
292,0,0,4,0.891,477,11,1.804,1
291,0,0,4,1.48,482,11,0.888,1
457,0,0,4,1.611,605,11,0.888,1
362,0,0,5,1.703,518,11,0.888,1
466,0,0,4,2.61,646,11,0.943,1
353,0,0,5,1.937,572,11,0.888,1
264,0,0,5,1.372,510,11,0.888,1
319,0,0,5,1.615,531,11,1.804,1
333,0,0,4,1.563,557,11,0.943,1
506,0,0,5,3.37,640,11,0.888,1
360,0,0,5,0.529,467,11,1.804,1
386,0,0,4,1.734,481,11,1.804,1
414,0,0,4,1.802,509,11,0.888,1
444,0,0,4,1.225,531,11,0.943,1
416,0,0,4,2.236,670,11,0.888,1
222,0,0,4,1.169,481,11,0.888,1
366,0,0,5,1.524,602,11,0.888,1
357,0,0,5,1.703,586,11,0.888,1
294,0,0,5,1.285,500,11,0.943,1
263,0,0,4,0.553,387,11,1.804,1
226,0,0,4,1.066,517,11,0.943,1
305,0,0,4,1.229,538,11,1.804,1
412,0,0,5,1.846,656,11,0.943,1
372,0,0,4,1.766,533,11,0.943,1
214,0,0,5,1.078,511,11,0.943,1
371,0,0,5,1.169,447,11,0.943,1
411,0,0,4,1.754,567,11,1.804,1
425,0,0,5,1.496,580,11,0.943,1
384,0,0,5,1.444,504,11,0.943,1
407,0,0,4,2.467,637,11,0.943,1
347,0,0,5,1.476,517,11,0.888,1
358,0,0,4,2.745,556,11,0.943,1
262,0,0,5,1.452,519,11,0.888,1
484,0,0,4,2.57,649,11,0.943,1
287,0,0,5,1.484,571,11,1.804,1
386,0,0,5,1.814,536,11,0.943,1
390,0,0,4,1.842,517,11,0.888,1
330,0,0,5,1.177,473,11,0.888,1
409,0,0,4,1.663,578,11,0.943,1
259,0,0,4,1.909,533,11,1.804,1
333,0,0,4,2.116,589,11,0.943,1
288,0,0,4,0.756,485,11,0.888,1
258,0,0,5,1.138,524,11,0.943,1
283,0,0,5,0.998,493,11,1.804,1
307,0,0,4,1.611,587,11,0.888,1
308,0,0,5,1.344,512,11,0.943,1
315,0,0,5,1.229,423,11,0.943,1
295,0,0,5,1.985,573,11,0.943,1
289,0,0,5,2.053,553,11,0.888,1
354,0,0,5,1.878,516,11,1.804,1
441,0,0,5,2.037,675,11,0.943,1
333,0,0,4,1.925,551,11,0.888,1
293,0,0,5,1.042,553,11,0.943,1
263,0,0,4,0.712,458,11,0.943,1
318,0,0,4,1.957,541,11,0.888,1
466,0,0,5,2.972,718,11,1.804,1
335,0,0,4,1.89,552,11,1.804,1
412,0,0,4,1.599,593,11,1.804,1
314,0,0,5,0.688,603,11,0.888,1
251,0,0,4,1.321,508,11,0.888,1
280,0,0,5,1.189,561,11,0.888,1
463,0,0,4,2.534,724,11,0.888,1
281,0,0,4,0.724,529,11,0.888,1
383,0,0,4,0.867,565,11,1.804,1
475,0,0,4,1.333,491,11,0.888,1
483,0,0,5,2.626,733,11,0.888,1
228,0,0,4,0.39,429,11,1.804,1
348,0,0,4,2.013,549,11,0.888,1
299,0,0,5,0.859,521,11,0.943,1
271,0,0,4,1.297,492,11,1.804,1
375,0,0,4,2.335,653,11,0.888,1
378,0,0,4,1.169,564,11,0.888,1
226,0,0,4,1.504,508,11,0.943,1
279,0,0,5,0.318,512,11,0.943,1
466,0,0,5,2.797,613,11,0.888,1
279,0,0,4,1.4,506,11,0.888,1
510,0,0,4,3.091,655,11,1.804,1
364,0,0,5,1.623,524,11,1.804,1
309,0,0,4,0.573,453,11,0.943,1
428,0,0,5,2.689,621,11,1.804,1
319,0,0,5,1.138,587,11,0.943,1
400,0,0,4,1.933,588,11,1.804,1
325,0,0,5,0.664,494,11,0.943,1
407,0,0,5,1.583,588,11,0.888,1
415,0,0,4,2.029,628,11,0.888,1
382,0,0,5,2.339,664,11,0.943,1
284,0,0,5,1.396,514,11,1.804,1
279,0,0,4,0.931,451,11,0.888,1
325,0,0,4,0.807,465,11,1.804,1
381,0,0,4,1.969,570,11,0.888,1
455,0,0,4,1.718,558,11,0.888,1
276,0,0,4,1.193,470,11,0.888,1
360,0,0,4,3.119,664,11,1.804,1
370,0,0,4,0.7,537,11,1.804,1
403,0,0,5,1.321,518,11,1.804,1
264,0,0,4,1.022,519,11,0.943,1
223,0,0,4,1.42,573,11,1.804,1
425,0,0,5,1.83,592,11,1.804,1
356,0,0,5,0.254,499,11,0.888,1
478,0,0,5,2.132,583,11,0.943,1
330,0,0,4,1.277,550,11,0.888,1
351,0,0,5,0.326,425,11,0.888,1
407,0,0,4,1.842,588,11,0.888,1
304,0,0,5,1.126,492,11,1.804,1
344,0,0,4,1.985,507,11,0.943,1
240,0,0,4,1.5,438,11,0.888,1
321,0,0,5,1.317,528,11,0.943,1
316,0,0,5,1.822,575,11,0.888,1
201,0,0,5,0.322,416,11,0.943,1
399,0,0,5,1.961,542,11,0.888,1
328,0,0,4,1.273,507,11,0.943,1
356,0,0,4,0.708,549,11,0.943,1
466,0,0,5,2.077,509,11,1.804,1
365,0,0,4,1.313,552,11,1.804,1
354,0,0,4,2.65,612,11,1.804,1
383,0,0,5,2.065,588,11,1.804,1
419,0,0,4,1.949,576,11,1.804,1
326,0,0,4,0.879,483,11,0.888,1
570,0,0,4,2.801,772,11,0.943,1
283,0,0,5,0.33,391,11,0.943,1
388,0,0,4,2.053,508,11,0.943,1
281,0,0,4,1.078,559,11,1.804,1
389,0,0,5,0.815,471,11,1.804,1
417,0,0,5,2.638,609,11,0.943,1
405,0,0,4,1.886,593,11,1.804,1
438,0,0,5,1.496,658,11,0.888,1
293,0,0,4,0.811,388,11,1.804,1
316,0,0,4,0.286,444,11,0.943,1
338,0,0,5,1.591,566,11,0.888,1
244,0,0,5,2.053,532,11,0.943,1
317,0,0,4,1.603,582,11,0.943,1
273,0,0,5,0.048,397,11,0.943,1
265,0,0,5,0.127,463,11,0.888,1
415,0,0,4,1.671,596,11,0.888,1
458,0,0,5,2.307,643,11,1.804,1
405,0,0,4,2.347,660,11,0.943,1
503,0,0,4,2.853,694,11,0.943,1
320,0,0,4,1.305,442,11,0.888,1
406,0,0,4,1.603,538,11,0.888,1
298,0,0,5,0.596,500,11,0.888,1
443,0,0,4,1.631,555,11,0.888,1
377,0,0,4,1.297,452,11,0.888,1
301,0,0,5,2.104,617,11,0.943,1
389,0,0,4,2.526,598,11,0.888,1
322,0,0,4,1.977,567,11,0.888,1
428,0,0,5,2.646,589,11,1.804,1
329,0,0,5,0.867,429,11,1.804,1
372,0,0,4,1.313,483,11,0.888,1
312,0,0,4,0.449,475,11,0.888,1
464,0,0,5,2.55,616,11,0.943,1
394,0,0,5,2.212,640,11,0.888,1
281,0,0,5,0.732,519,11,0.943,1
244,0,0,4,0.616,462,11,1.804,1
496,0,0,5,2.669,639,11,0.943,1
449,0,0,5,1.301,510,11,1.804,1
372,0,0,4,1.854,475,11,1.804,1
429,0,0,4,1.623,552,11,1.804,1
356,0,0,4,1.655,627,11,1.804,1
463,0,0,5,2.463,679,11,0.888,1
344,0,0,4,1.177,570,11,1.804,1
404,0,0,5,1.981,581,11,0.888,1
260,0,0,4,2.053,540,11,0.943,1
484,0,0,5,2.837,599,11,0.888,1
364,0,0,4,1.528,533,11,0.943,1
308,0,0,5,1.786,502,11,0.943,1
295,0,0,5,1.929,569,11,1.804,1
324,0,0,5,1.189,515,11,0.943,1
500,0,0,5,1.679,543,11,0.888,1
450,0,0,4,1.707,575,11,1.804,1
349,0,0,4,1.428,532,11,0.888,1
396,0,0,5,1.468,499,11,1.804,1
455,0,0,5,2.837,666,11,0.943,1
307,0,0,5,1.177,504,11,0.888,1
401,0,0,4,2.112,590,11,0.943,1
209,0,0,4,0.163,462,11,0.943,1
1276,6,4,11,1.52,2314,6,0.888,0
895,6,4,11,0.847,2253,6,0.943,0
943,6,4,11,0.795,2270,6,0.888,0
1122,6,4,11,1.547,2245,6,0.888,0
1022,6,4,11,0.493,2089,6,0.888,0
1081,6,4,11,1.269,2273,6,0.943,0
939,6,4,11,0.752,2169,6,0.943,0
1113,6,4,11,1.321,2246,6,0.943,0
1132,6,4,11,1.516,2295,6,0.888,0
1049,6,4,11,1.114,2207,6,0.943,0
985,6,4,11,1.142,2262,6,0.888,0
1213,6,4,11,1.412,2322,6,0.888,0
1313,6,4,11,1.902,2244,6,0.943,0
1007,6,4,11,0.108,2124,6,0.888,0
1165,6,4,11,1.651,2374,6,0.943,0
1039,6,4,11,1.651,2277,6,0.943,0
1078,6,4,11,0.895,2116,6,0.943,0
1227,6,4,11,1.114,2220,6,0.943,0
895,6,4,11,0.664,2177,6,0.943,0
993,6,4,11,0.119,2039,6,0.943,0
1139,6,4,11,0.573,2249,6,0.888,0
914,6,4,11,0.994,2124,6,0.943,0
1000,6,4,11,1.265,2271,6,0.943,0
1076,6,4,11,1.138,2231,6,0.888,0
1312,6,4,11,0.752,2129,6,0.888,0
1102,6,4,11,1.05,2125,6,0.943,0
1021,6,4,11,1.313,2200,6,0.888,0
1194,6,4,11,0.947,2247,6,0.888,0
1205,6,4,11,1.213,2197,6,0.888,0
997,6,4,11,1.368,2323,6,0.888,0
1282,6,4,11,1.118,2313,6,0.943,0
1188,6,4,11,1.074,2179,6,0.943,0
962,6,4,11,0.445,2124,6,0.888,0
1086,6,4,11,1.098,2130,6,0.888,0
1116,6,4,11,1.794,2248,6,0.888,0
1045,6,4,11,0.557,2207,6,0.943,0
782,6,4,11,0.075,2079,6,0.888,0
1093,6,4,11,0.346,2189,6,0.888,0
1231,6,4,11,1.508,2384,6,0.888,0
713,6,4,11,0.915,2096,6,0.888,0
1290,6,4,11,0.899,2175,6,0.888,0
1432,6,4,11,1.126,2322,6,0.943,0
1156,6,4,11,0.437,2310,6,0.943,0
1119,6,4,11,1.134,2337,6,0.888,0
1212,6,4,11,0.779,2323,6,0.888,0
1186,6,4,11,1.428,2259,6,0.943,0
998,6,4,11,1.512,2127,6,0.943,0
1121,6,4,11,1.114,2257,6,0.888,0
1184,6,4,11,0.839,2220,6,0.943,0
1267,6,4,11,1.396,2368,6,0.888,0
1152,6,4,11,0.847,2211,6,0.888,0
888,6,4,11,1.026,2150,6,0.943,0
1020,6,4,11,1.364,2212,6,0.943,0
1067,6,4,11,0.998,2244,6,0.943,0
1200,6,4,11,1.181,2200,6,0.943,0
910,6,4,11,0.584,2174,6,0.943,0
1086,6,4,11,0.915,2371,6,0.888,0
1007,6,4,11,0.577,2134,6,0.943,0
1229,6,4,11,1.177,2211,6,0.943,0
1190,6,4,11,0.915,2157,6,0.943,0
875,6,4,11,0.549,2102,6,0.943,0
1131,6,4,11,0.294,2109,6,0.888,0
829,6,4,11,0.7,2178,6,0.888,0
985,6,4,11,0.891,2006,6,0.888,0
872,6,4,11,0.835,2208,6,0.888,0
1024,6,4,11,1.46,2342,6,0.888,0
1149,6,4,11,1.488,2416,6,0.888,0
1021,6,4,11,0.485,2157,6,0.943,0
908,6,4,11,0.927,2235,6,0.943,0
1071,6,4,11,0.823,2183,6,0.943,0
1134,6,4,11,0.891,2201,6,0.888,0
915,6,4,11,0.465,2148,6,0.888,0
1151,6,4,11,0.517,2132,6,0.943,0
944,6,4,11,0.819,2069,6,0.943,0
1004,6,4,11,1.432,2264,6,0.888,0
1203,6,4,11,1.79,2352,6,0.943,0
950,6,4,11,0.752,2199,6,0.888,0
1259,6,4,11,0.819,2189,6,0.943,0
974,6,4,11,1.404,2199,6,0.888,0
1150,6,4,11,1.118,2206,6,0.888,0
1006,6,4,11,1.038,2079,6,0.888,0
814,6,4,11,0.616,2141,6,0.943,0
1172,6,4,11,1.042,2140,6,0.943,0
1200,6,4,11,0.668,2168,6,0.888,0
968,6,4,11,0.199,1985,6,0.888,0
1064,6,4,11,0.752,2260,6,0.888,0
1052,6,4,11,0.883,2234,6,0.888,0
905,6,4,11,0.7,2156,6,0.943,0
1064,6,4,11,0.417,2211,6,0.888,0
997,6,4,11,1.13,2183,6,0.943,0
953,6,4,11,0.978,2169,6,0.888,0
1078,6,4,11,0.172,2062,6,0.943,0
819,6,4,11,0.596,2104,6,0.888,0
1301,6,4,11,0.644,2261,6,0.888,0
1070,6,4,11,0.943,2279,6,0.888,0
920,6,4,11,0.195,2156,6,0.943,0
1003,6,4,11,0.875,2225,6,0.888,0
1221,6,4,11,0.441,2139,6,0.943,0
929,6,4,11,0.839,2111,6,0.943,0
912,6,4,11,0.76,2116,6,0.943,0
926,6,4,11,1.356,2356,6,0.888,0
983,6,4,11,0.163,2138,6,0.888,0
911,6,4,11,0.107,2131,6,0.888,0
829,6,4,11,0.441,2100,6,0.888,0
1117,6,4,11,1.376,2339,6,0.888,0
1205,6,4,11,0.907,2206,6,0.943,0
1111,6,4,11,0.76,2200,6,0.888,0
1268,6,4,11,1.185,2322,6,0.888,0
918,6,4,11,0.955,2170,6,0.888,0
989,6,4,11,0.795,2095,6,0.943,0
1258,6,4,11,1.715,2343,6,0.943,0
1125,6,4,11,1.937,2361,6,0.888,0
1059,6,4,11,1.094,2257,6,0.888,0
1063,6,4,11,0.827,2256,6,0.943,0
1371,6,4,11,1.508,2427,6,0.943,0
1053,6,4,11,1.09,2240,6,0.943,0
1136,6,4,11,1.221,2257,6,0.888,0
1103,6,4,11,0,2182,6,0.888,0
1357,6,4,11,1.703,2350,6,0.943,0
1176,6,4,11,0.803,2243,6,0.888,0
942,6,4,11,0.099,2004,6,0.888,0
1293,6,4,11,1.683,2288,6,0.888,0
1109,6,4,11,1.352,2233,6,0.888,0
923,6,4,11,1.317,2440,6,0.943,0
1150,6,4,11,1.134,2252,6,0.888,0
878,6,4,11,0.485,2059,6,0.943,0
988,6,4,11,0.417,2128,6,0.943,0
1024,6,4,11,1.4,2156,6,0.943,0
899,6,4,11,0.517,2145,6,0.943,0
1097,6,4,11,0.664,2200,6,0.888,0
921,6,4,11,0.437,2165,6,0.943,0
1057,6,4,11,1.086,2244,6,0.888,0
1068,6,4,11,0.887,2169,6,0.888,0
1110,6,4,11,1.11,2259,6,0.943,0
932,6,4,11,0.465,2168,6,0.888,0
1281,6,4,11,1.412,2284,6,0.888,0
1088,6,4,11,0.843,2134,6,0.943,0
1041,6,4,11,1.13,2144,6,0.943,0
992,6,4,11,0.855,2184,6,0.888,0
1031,6,4,11,0.927,2274,6,0.943,0
1147,6,4,11,1.257,2210,6,0.943,0
1164,6,4,11,0.939,2191,6,0.943,0
1246,6,4,11,1.4,2386,6,0.888,0
1218,6,4,11,1.233,2214,6,0.888,0
1034,6,4,11,0.417,2158,6,0.888,0
1048,6,4,11,1.134,2278,6,0.943,0
986,6,4,11,0.144,2047,6,0.943,0
978,6,4,11,0.859,2102,6,0.888,0
898,6,4,11,0.545,2100,6,0.943,0
976,6,4,11,1.189,2224,6,0.888,0
1039,6,4,11,0.915,2326,6,0.943,0
1038,6,4,11,0.143,2217,6,0.943,0
1319,6,4,11,1.524,2383,6,0.888,0
1221,6,4,11,2.065,2369,6,0.943,0
1017,6,4,11,0.839,2177,6,0.888,0
1034,6,4,11,0.684,2226,6,0.888,0
1202,6,4,11,1.225,2301,6,0.888,0
952,6,4,11,0.127,2060,6,0.943,0
1354,6,4,11,1.384,2251,6,0.888,0
1241,6,4,11,0.278,2163,6,0.888,0
1161,6,4,11,1.142,2305,6,0.888,0
1002,6,4,11,0.891,2197,6,0.943,0
889,6,4,11,0.855,2160,6,0.888,0
1037,6,4,11,1.273,2242,6,0.943,0
1155,6,4,11,0.955,2268,6,0.943,0
1199,6,4,11,1.102,2235,6,0.888,0
960,6,4,11,0.43,2072,6,0.888,0
1014,6,4,11,0.485,2157,6,0.943,0
930,6,4,11,1.547,2269,6,0.943,0
1145,6,4,11,1.078,2212,6,0.943,0
1194,6,4,11,1.643,2258,6,0.943,0
955,6,4,11,1.452,2236,6,0.888,0
997,6,4,11,1.014,2236,6,0.888,0
1100,6,4,11,1.249,2210,6,0.888,0
1182,6,4,11,0.951,2154,6,0.943,0
919,6,4,11,1.062,2173,6,0.888,0
802,6,4,11,0.024,2035,6,0.888,0
848,6,4,11,1.237,2312,6,0.888,0
798,6,4,11,1.348,2246,6,0.943,0
1148,6,4,11,0.501,2086,6,0.888,0
1051,6,4,11,0.628,2198,6,0.888,0
1261,6,4,11,1.599,2323,6,0.888,0
1091,6,4,11,0.823,2111,6,0.888,0
1075,6,4,11,1.273,2310,6,0.943,0
1217,6,4,11,1.846,2352,6,0.943,0
1145,6,4,11,1.376,2327,6,0.943,0
988,6,4,11,0.354,2095,6,0.943,0
889,6,4,11,0.696,2155,6,0.943,0
985,6,4,11,0.541,2179,6,0.943,0
1271,6,4,11,0.978,2188,6,0.888,0
1081,6,4,11,1.022,2201,6,0.943,0
1233,6,4,11,1.034,2169,6,0.888,0
836,6,4,11,0.433,2132,6,0.943,0
956,6,4,11,0.282,2175,6,0.888,0
987,6,4,11,1.142,2234,6,0.888,0
1074,6,4,11,1.11,2313,6,0.943,0
991,6,4,11,0.612,2196,6,0.888,0
1062,6,4,11,0.775,2177,6,0.888,0
1234,6,4,11,1.484,2344,6,0.943,0
1133,6,4,11,1.313,2239,6,0.943,0
1030,6,4,11,0.843,2242,6,0.888,0
1360,6,4,11,1.969,2401,6,0.888,0
1145,6,4,11,1.508,2307,6,0.888,0
937,6,4,11,0.847,2108,6,0.888,0
1098,6,4,11,0.791,2225,6,0.888,0
1260,6,4,11,1.623,2282,6,0.943,0
1019,6,4,11,1.086,2191,6,0.888,0
957,6,4,11,0.238,2084,6,0.943,0
1046,6,4,11,0.748,2168,6,0.888,0
971,6,4,11,0.966,2062,6,0.888,0
1078,6,4,11,0.66,2207,6,0.888,0
1387,6,4,11,0.927,2165,6,0.888,0
1170,6,4,11,1.305,2337,6,0.888,0
1096,6,4,11,0.664,2190,6,0.943,0
991,6,4,11,0.911,2150,6,0.888,0
1126,6,4,11,0.76,2208,6,0.943,0
989,6,4,11,0.795,2171,6,0.943,0
1065,6,4,11,1.01,2187,6,0.888,0
1025,6,4,11,0.783,2248,6,0.943,0
1152,6,4,11,1.038,2267,6,0.943,0
1166,6,4,11,0.748,2165,6,0.888,0
1066,6,4,11,1.249,2143,6,0.888,0
1059,6,4,11,1.488,2268,6,0.943,0
1181,6,4,11,0.982,2232,6,0.943,0
983,6,4,11,0.397,2064,6,0.888,0
832,6,4,11,0.386,2069,6,0.943,0
1006,6,4,11,0.887,2136,6,0.888,0
1017,6,4,11,0.393,2031,6,0.888,0
1089,6,4,11,0.489,2120,6,0.943,0
961,6,4,11,0.728,2185,6,0.943,0
1061,6,4,11,0.6,2156,6,0.943,0
954,6,4,11,1.305,2326,6,0.943,0
782,6,4,11,0.612,2047,6,0.943,0
1183,6,4,11,0.652,2151,6,0.888,0
1158,6,4,11,0.449,2162,6,0.888,0
1013,6,4,11,0.545,2207,6,0.888,0
990,6,4,11,0.708,2256,6,0.943,0
1314,6,4,11,1.301,2285,6,0.888,0
935,6,4,11,0.549,2090,6,0.888,0
1130,6,4,11,1.094,2134,6,0.888,0
1064,6,4,11,0.748,2149,6,0.943,0
1288,6,4,11,0.608,2218,6,0.943,0
884,6,4,11,0.238,2080,6,0.888,0
1042,6,4,11,0.708,2148,6,0.888,0
964,6,4,11,0.696,2178,6,0.943,0
1182,6,4,11,1.794,2250,6,0.888,0
883,6,4,11,0.397,2134,6,0.888,0
949,6,4,11,0.449,1998,6,0.888,0
1117,6,4,11,1.03,2229,6,0.943,0
987,6,4,11,0.386,2242,6,0.888,0
828,6,4,11,0.047,2194,6,0.888,0
978,6,4,11,1.098,2143,6,0.888,0
1099,6,4,11,1.026,2244,6,0.888,0
996,6,4,11,0.497,2212,6,0.888,0
1329,6,4,11,0.859,2194,6,0.888,0
1075,6,4,11,0.907,2245,6,0.943,0
909,6,4,11,0.497,2171,6,0.888,0
914,6,4,11,0.287,2033,6,0.888,0
890,6,4,11,1.543,2352,6,0.888,0
986,6,4,11,0.366,2131,6,0.943,0
1355,6,4,11,1.261,2253,6,0.943,0
1028,6,4,11,0.843,2175,6,0.888,0
1200,6,4,11,1.404,2278,6,0.888,0
905,6,4,11,0.314,2037,6,0.888,0
850,6,4,11,0.132,2080,6,0.888,0
963,6,4,11,0.72,2172,6,0.943,0
1168,6,4,11,0.907,2199,6,0.888,0
905,6,4,11,1.05,2201,6,0.943,0
1094,6,4,11,1.285,2196,6,0.943,0
989,6,4,11,1.134,2102,6,0.943,0
997,6,4,11,0.62,2118,6,0.943,0
800,6,4,11,0.756,2110,6,0.943,0
1021,6,4,11,0.919,2172,6,0.943,0
1072,6,4,11,0.911,2180,6,0.888,0
804,6,4,11,0.235,1930,6,0.943,0
1331,6,4,11,1.85,2411,6,0.888,0
907,6,4,11,0.7,2188,6,0.943,0
1136,6,4,11,1.193,2307,6,0.888,0
1261,6,4,11,1.484,2380,6,0.888,0
1168,6,4,11,1.695,2292,6,0.888,0
993,6,4,11,1.627,2163,6,0.943,0
1057,6,4,11,0.469,2125,6,0.943,0
1269,6,4,11,0.998,2207,6,0.943,0
1153,6,4,11,1.277,2117,6,0.888,0
950,6,4,11,0.974,2172,6,0.888,0
875,6,4,11,0.136,2082,6,0.943,0
1000,6,4,11,1.512,2303,6,0.943,0
961,6,4,11,0.238,2095,6,0.943,0
921,6,4,11,0.294,2187,6,0.888,0
1030,6,4,11,0.97,2168,6,0.943,0
866,6,4,11,0.314,2124,6,0.888,0
1125,6,4,11,0.7,2226,6,0.943,0
1046,6,4,11,1.006,2300,6,0.888,0
1213,6,4,11,1.173,2109,6,0.943,0
1090,6,4,11,0.628,2138,6,0.943,0
1206,6,4,11,1.134,2194,6,0.943,0
928,6,4,11,1.492,2212,6,0.888,0
1145,6,4,11,1.281,2222,6,0.888,0
929,6,4,11,0.939,2172,6,0.888,0
907,6,4,11,0.004,2032,6,0.888,0
1179,6,4,11,1.142,2260,6,0.888,0
973,6,4,11,0.386,2074,6,0.888,0
1063,6,4,11,0.529,2128,6,0.943,0
1285,6,4,11,2.089,2327,6,0.943,0
943,6,4,11,0.096,2063,6,0.943,0
1041,6,4,11,0.525,2196,6,0.943,0
871,6,4,11,0.72,2238,6,0.888,0
998,6,4,11,0.04,2032,6,0.943,0
1276,6,4,11,1.34,2257,6,0.888,0
1193,6,4,11,0.855,2242,6,0.888,0
1060,6,4,11,0.795,2062,6,0.943,0
952,6,4,11,0.7,2154,6,0.943,0
1152,6,4,11,1.504,2167,6,0.888,0
994,6,4,11,1.193,2171,6,0.943,0
982,6,4,11,0.473,2164,6,0.888,0
1092,6,4,11,0.831,2088,6,0.888,0
1290,6,4,11,1.261,2295,6,0.943,0
1062,6,4,11,0.835,2253,6,0.888,0
958,6,4,11,0.736,2176,6,0.888,0
1003,6,4,11,0.974,2225,6,0.943,0
1128,6,4,11,1.106,2249,6,0.943,0
969,6,4,11,0.628,2198,6,0.888,0
1229,6,4,11,1.563,2169,6,0.943,0
1001,6,4,11,0.533,2098,6,0.888,0
1038,6,4,11,0.668,2213,6,0.888,0
1105,6,4,11,0.23,2103,6,0.943,0
961,6,4,11,1.305,2328,6,0.888,0
1029,6,4,11,1.07,2296,6,0.943,0
850,6,4,11,0.135,2144,6,0.888,0
1187,6,4,11,1.213,2237,6,0.943,0
1256,6,4,11,0.744,2192,6,0.943,0
1230,6,4,11,1.762,2266,6,0.943,0
1009,6,4,11,0.493,2067,6,0.943,0
1115,6,4,11,1.165,2222,6,0.943,0
1290,6,4,11,0.895,2196,6,0.888,0
1024,6,4,11,0.616,2113,6,0.943,0
691,6,4,11,0.393,2072,6,0.943,0
1142,6,4,11,2.029,2294,6,0.888,0
1076,6,4,11,0.66,2219,6,0.943,0
1057,6,4,11,0.282,2144,6,0.888,0
1043,6,4,11,1.496,2261,6,0.888,0
1164,6,4,11,1.193,2232,6,0.888,0
1018,6,4,11,1.01,2046,6,0.943,0
992,6,4,11,0.493,2098,6,0.943,0
1125,6,4,11,1.504,2317,6,0.943,0
1064,6,4,11,0.545,2038,6,0.943,0
1057,6,4,11,1.293,2244,6,0.888,0
1078,6,4,11,0.756,2148,6,0.888,0
709,6,4,11,0.02,2087,6,0.943,0
917,6,4,11,0.405,2066,6,0.943,0
1012,6,4,11,1.15,2236,6,0.888,0
1085,6,4,11,0.986,2170,6,0.943,0
1129,6,4,11,1.376,2154,6,0.888,0
731,6,4,11,0.311,1127,1,0.943,0
699,6,4,8,0.482,1122,12,0.943,0
671,6,4,8,0.207,1137,12,0.888,0
828,6,4,8,0.052,1162,12,0.888,0
790,6,4,8,0.338,1307,1,0.943,0
820,6,4,8,0.004,1200,12,0.888,0
774,6,4,11,0.218,1226,1,0.943,0
667,6,4,11,0.08,1131,12,0.888,0
677,6,4,11,0.362,1376,1,0.888,0
658,6,4,11,0.139,1236,12,0.888,0
816,6,4,11,0.29,1236,12,0.888,0
794,6,4,11,0.008,1199,1,0.943,0
618,6,4,11,0.414,1132,12,0.888,0
897,6,4,11,0.37,1335,1,0.943,0
755,6,4,8,0.271,1209,1,0.943,0
571,6,4,11,0.398,1180,12,0.943,0
638,6,4,8,0.514,961,1,0.943,0
723,6,4,8,0.119,1308,1,0.888,0
609,6,4,11,0.063,1210,12,0.943,0
679,6,4,8,0.136,1139,12,0.943,0
622,6,4,8,0.299,1101,12,0.888,0
566,6,4,11,0.259,1132,1,0.888,0
698,6,4,8,0.259,1183,12,0.888,0
654,6,4,11,0.255,1079,1,0.943,0
694,6,4,8,0.386,1109,12,0.888,0
715,6,4,11,0.31,1239,12,0.943,0
799,6,4,8,0.203,1309,12,0.943,0
570,6,4,8,0.112,1215,12,0.888,0
673,6,4,8,0.163,1194,12,0.888,0
782,6,4,8,0.382,1350,12,0.943,0
711,6,4,8,0.044,1125,12,0.888,0
642,6,4,11,0.015,1251,1,0.943,0
857,6,4,11,0.143,1308,12,0.888,0
889,6,4,11,0.21,1178,1,0.943,0
683,6,4,8,0.128,1150,1,0.943,0
869,6,4,11,0.405,1419,1,0.888,0
537,6,4,11,0.12,1169,12,0.888,0
661,6,4,11,0.51,1086,12,0.888,0
596,6,4,11,0.939,1120,12,0.943,0
657,6,4,8,0.271,1134,12,0.943,0
624,6,4,8,0.124,1129,12,0.888,0
829,6,4,8,0.469,1379,12,0.888,0
669,6,4,11,0.299,1056,12,0.943,0
700,6,4,8,0.41,1143,1,0.888,0
745,6,4,8,0.06,1180,1,0.888,0
916,6,4,8,0.624,1385,12,0.888,0
755,6,4,8,0.08,1064,12,0.888,0
806,6,4,8,0.6,1393,1,0.888,0
749,6,4,11,0.019,1284,12,0.943,0
765,6,4,8,0.282,1268,12,0.943,0
830,6,4,11,0.044,1130,12,0.943,0
738,6,4,8,0.108,1230,1,0.943,0
672,6,4,11,0.238,1267,1,0.943,0
573,6,4,11,0.092,1223,1,0.943,0
711,6,4,8,0.223,1166,1,0.888,0
774,6,4,11,0.019,1189,12,0.888,0
626,6,4,11,0.617,1072,12,0.943,0
900,6,4,11,0.063,1292,1,0.943,0
701,6,4,8,0.004,1225,12,0.888,0
592,6,4,11,0.327,1199,1,0.943,0
647,6,4,8,0.251,1336,1,0.888,0
754,6,4,8,0.123,1253,12,0.888,0
831,6,4,8,0.155,1311,1,0.888,0
573,6,4,8,0.144,1125,12,0.888,0
713,6,4,11,0.016,1233,1,0.943,0
644,6,4,8,0.442,1157,12,0.943,0
769,6,4,11,0.187,1133,12,0.943,0
667,6,4,8,0.351,1194,1,0.888,0
876,6,4,8,0.035,1211,1,0.888,0
742,6,4,11,0.039,1181,12,0.943,0
647,6,4,8,0.45,1111,1,0.943,0
781,6,4,11,0.191,1308,1,0.888,0
631,6,4,11,0.132,1076,12,0.888,0
696,6,4,8,0.374,1322,1,0.888,0
589,6,4,11,0.363,1180,1,0.888,0
751,6,4,11,0.147,1255,12,0.943,0
718,6,4,11,0.203,1204,1,0.888,0
660,6,4,11,0.645,1110,12,0.888,0
719,6,4,11,0.53,1101,12,0.943,0
651,6,4,8,0.023,1230,1,0.888,0
727,6,4,8,0.263,1167,1,0.888,0
734,6,4,11,0.27,1226,12,0.888,0
744,6,4,8,0.036,1277,12,0.888,0
788,6,4,11,0.323,1156,12,0.943,0
733,6,4,8,0.148,1197,12,0.888,0
599,6,4,11,0.112,1226,12,0.943,0
711,6,4,8,0.219,1106,1,0.943,0
636,6,4,8,0.167,1228,1,0.888,0
691,6,4,11,0.028,1208,12,0.888,0
736,6,4,11,0.246,1181,12,0.888,0
718,6,4,8,0.394,1230,1,0.888,0
679,6,4,8,0.175,1305,12,0.943,0
633,6,4,11,0.422,1037,1,0.943,0
807,6,4,11,0.187,1357,1,0.943,0
579,6,4,8,0.164,1106,12,0.888,0
717,6,4,8,0.019,1180,1,0.888,0
719,6,4,8,0.521,1383,12,0.888,0
669,6,4,11,0.152,1213,12,0.943,0
648,6,4,11,0.096,1222,1,0.888,0
780,6,4,11,0.664,1339,1,0.943,0
707,6,4,11,0.111,1243,12,0.943,0
596,6,4,11,0.183,1321,12,0.943,0
673,6,4,8,0.505,1192,1,0.943,0
750,6,4,8,0.015,1236,1,0.943,0
651,6,4,8,0.569,1021,1,0.943,0
784,6,4,8,0.319,1232,12,0.943,0
718,6,4,8,0.156,1119,12,0.943,0
735,6,4,11,0.088,1308,1,0.943,0
709,6,4,8,0.031,1212,1,0.888,0
834,6,4,8,0.318,1275,1,0.888,0
655,6,4,8,0.267,1201,1,0.943,0
706,6,4,11,0.004,1168,12,0.943,0
776,6,4,11,0.02,1294,1,0.943,0
637,6,4,11,0.156,1130,1,0.943,0
572,6,4,8,0.454,1111,12,0.888,0
618,6,4,8,0.068,1195,1,0.943,0
685,6,4,11,0.299,1146,12,0.888,0
704,6,4,8,0.25,1261,1,0.943,0
704,6,4,11,0.036,1297,12,0.888,0
683,6,4,8,0.099,1157,12,0.888,0
678,6,4,11,0.502,1145,1,0.888,0
804,6,4,11,0.043,1205,12,0.943,0
784,6,4,8,0.227,1204,12,0.888,0
585,6,4,11,0.653,1118,1,0.888,0
922,6,4,11,0.696,1456,1,0.888,0
739,6,4,8,0.144,1166,12,0.888,0
692,6,4,11,0.45,1046,1,0.888,0
676,6,4,8,0.104,1155,12,0.888,0
690,6,4,8,0.195,1205,1,0.888,0
655,6,4,8,0.263,1236,1,0.943,0
616,6,4,8,0.072,1258,12,0.888,0
808,6,4,8,0.445,1299,1,0.943,0
917,6,4,8,0.417,1312,12,0.888,0
892,6,4,11,0.047,1340,1,0.888,0
727,6,4,11,0.059,1185,12,0.888,0
556,6,4,11,0.55,1063,1,0.943,0
802,6,4,11,0.063,1172,12,0.943,0
780,6,4,11,0.397,1349,1,0.888,0
727,6,4,11,0.246,1192,1,0.943,0
638,6,4,11,0.087,1158,12,0.943,0
814,6,4,8,0.14,1243,12,0.943,0
809,6,4,11,0.485,1328,1,0.943,0
713,6,4,8,0.191,1155,12,0.943,0
705,6,4,11,0.311,1203,1,0.943,0
875,6,4,8,0.223,1268,12,0.888,0
718,6,4,8,0.413,1263,1,0.888,0
718,6,4,8,0.036,1332,1,0.943,0
816,6,4,11,0.306,1302,12,0.943,0
876,6,4,11,0.286,1253,1,0.888,0
644,6,4,11,0.243,1099,1,0.888,0
842,6,4,8,0.553,1287,1,0.888,0
658,6,4,8,0.351,1023,1,0.888,0
721,6,4,11,0.283,1261,12,0.888,0
780,6,4,11,0.047,1316,12,0.888,0
738,6,4,11,0.298,1138,1,0.943,0
673,6,4,11,0.179,1126,12,0.888,0
905,6,4,11,0.219,1208,1,0.888,0
673,6,4,11,0.048,1176,1,0.943,0
655,6,4,11,0.283,1194,12,0.888,0
739,6,4,8,0.214,1271,12,0.888,0
649,6,4,8,0.255,1125,12,0.943,0
754,6,4,11,0.334,1353,1,0.943,0
747,6,4,11,0.227,1211,12,0.888,0
749,6,4,11,0.315,1145,12,0.943,0
803,6,4,11,0.378,1216,12,0.943,0
486,6,4,8,0.299,1070,1,0.943,0
815,6,4,11,0.417,1284,1,0.888,0
705,6,4,11,0.234,1208,12,0.943,0
635,6,4,11,0.119,1265,1,0.943,0
640,6,4,11,0.028,1227,1,0.888,0
751,6,4,8,0.417,1191,1,0.943,0
829,6,4,8,0.425,1278,1,0.943,0
627,6,4,8,0.45,1093,1,0.943,0
746,6,4,11,0.075,1159,1,0.943,0
704,6,4,11,0.035,1246,1,0.888,0
720,6,4,8,0.235,1268,1,0.888,0
681,6,4,8,0.091,1177,12,0.943,0
669,6,4,8,0.068,1225,12,0.888,0
660,6,4,8,0.394,1086,1,0.888,0
730,6,4,8,0.048,1234,12,0.888,0
837,6,4,11,0.214,1255,12,0.888,0
775,6,4,11,0.401,1300,12,0.943,0
752,6,4,11,0.187,1225,1,0.943,0
708,6,4,11,0.351,1208,1,0.888,0
785,6,4,8,0.211,1133,12,0.888,0
620,6,4,11,0.051,1184,12,0.943,0
662,6,4,11,0.207,1152,1,0.943,0
702,6,4,11,0.243,1148,1,0.888,0
662,6,4,8,0.282,1409,1,0.888,0
613,6,4,8,0.051,1169,12,0.943,0
779,6,4,8,0.183,1156,12,0.943,0
643,6,4,8,0.04,1200,1,0.943,0
772,6,4,8,0.092,1209,12,0.943,0
594,6,4,8,0.366,1180,12,0.888,0
747,6,4,8,0.092,1199,12,0.943,0
605,6,4,11,0.223,1232,12,0.888,0
689,6,4,8,0.339,1243,1,0.888,0
797,6,4,11,0.271,1279,12,0.943,0
747,6,4,11,0.136,1161,12,0.943,0
741,6,4,8,0.275,1144,1,0.888,0
689,6,4,8,0.303,1190,1,0.888,0
716,6,4,11,0.259,1178,1,0.943,0
815,6,4,11,0.222,1253,12,0.888,0
709,6,4,8,0.218,1207,12,0.888,0
779,6,4,8,0.366,1291,12,0.943,0
684,6,4,8,0.164,1222,1,0.943,0
641,6,4,11,0.088,1114,12,0.943,0
642,6,4,8,0.482,1116,12,0.888,0
733,6,4,8,0.035,1198,12,0.943,0
1004,6,4,8,0.338,1247,12,0.943,0
683,6,4,11,0.091,1228,1,0.943,0
802,6,4,11,0.056,1176,1,0.888,0
658,6,4,8,0.327,1071,12,0.943,0
651,6,4,11,0.084,1068,1,0.888,0
804,6,4,11,0.131,1208,1,0.888,0
637,6,4,11,0.319,1191,1,0.943,0
751,6,4,11,0.12,1145,1,0.943,0
645,6,4,8,0.267,1148,1,0.943,0
776,6,4,11,0.08,1229,1,0.888,0
642,6,4,11,0.21,1211,12,0.943,0
588,6,4,8,0.518,1073,1,0.888,0
737,6,4,11,0.215,1217,1,0.888,0
705,6,4,8,0.124,1173,1,0.943,0
736,6,4,11,0.08,1259,1,0.888,0
685,6,4,8,0.056,1253,12,0.888,0
732,6,4,8,0.203,1137,12,0.943,0
743,6,4,8,0.083,1268,12,0.888,0
776,6,4,11,0.222,1297,1,0.888,0
826,6,4,8,0.1,1159,1,0.943,0
702,6,4,8,0.262,1279,12,0.888,0
800,6,4,11,0.366,1301,1,0.888,0
680,6,4,11,0.295,1192,1,0.943,0
623,6,4,8,0.124,1211,1,0.943,0
818,6,4,8,0.031,1253,12,0.888,0
576,6,4,11,0.1,1164,12,0.888,0
824,6,4,11,0.168,1326,1,0.943,0
708,6,4,8,0.298,1314,1,0.888,0
837,6,4,8,0.255,1115,12,0.888,0
724,6,4,11,0.283,1174,1,0.888,0
732,6,4,11,0.107,1155,1,0.888,0
618,6,4,11,0.29,1241,1,0.943,0
787,6,4,8,0.139,1340,12,0.943,0
738,6,4,11,0.267,1150,1,0.888,0
619,6,4,8,0.351,1165,1,0.888,0
746,6,4,8,0.039,1171,12,0.888,0
632,6,4,8,0.522,1085,12,0.888,0
785,6,4,11,0.234,1269,12,0.943,0
626,6,4,11,0.331,1049,12,0.888,0
676,6,4,11,0.215,1169,12,0.888,0
682,6,4,11,0.263,1122,1,0.943,0
732,6,4,8,0.08,1271,1,0.943,0
680,6,4,11,0.215,1220,12,0.888,0
642,6,4,8,0.514,1103,12,0.943,0
691,6,4,11,0.246,1316,12,0.943,0
731,6,4,11,0.21,1289,12,0.888,0
658,6,4,11,0.295,1107,12,0.943,0
524,6,4,8,0.219,1181,12,0.943,0
665,6,4,8,0.215,1145,12,0.943,0
691,6,4,8,0.378,1251,12,0.943,0
523,6,4,8,0.406,1047,1,0.943,0
599,6,4,11,0.179,1097,1,0.943,0
733,6,4,8,0.008,1189,1,0.888,0
802,6,4,8,0.096,1141,1,0.888,0
725,6,4,11,0.012,1138,12,0.888,0
657,6,4,8,0.1,1108,12,0.943,0
623,6,4,11,0.335,1102,12,0.888,0
710,6,4,11,0.322,1257,12,0.943,0
595,6,4,11,0.311,1112,1,0.888,0
505,6,4,8,0.263,1070,1,0.943,0
649,6,4,11,0.247,1161,12,0.943,0
668,6,4,11,0.148,1105,12,0.943,0
662,6,4,11,0.307,1127,1,0.888,0
634,6,4,11,0.104,1241,1,0.888,0
573,6,4,8,0.183,1086,1,0.888,0
715,6,4,8,0.096,1215,12,0.888,0
617,6,4,8,0.235,1085,12,0.943,0
595,6,4,11,0.613,1057,1,0.943,0
779,6,4,11,0.179,1208,12,0.888,0
759,6,4,11,0.076,1280,1,0.888,0
619,6,4,11,0.239,1204,12,0.888,0
737,6,4,8,0.239,1290,1,0.888,0
770,6,4,11,0.457,1224,12,0.943,0
719,6,4,8,0.024,1264,12,0.943,0
680,6,4,8,0.215,1167,1,0.888,0
717,6,4,11,0.239,1154,1,0.943,0
720,6,4,8,0.128,1238,12,0.943,0
691,6,4,8,0.255,1163,12,0.943,0
673,6,4,8,0.323,1075,1,0.943,0
709,6,4,11,0.251,1150,1,0.888,0
740,6,4,8,0.004,1172,12,0.888,0
650,6,4,8,0.08,1278,1,0.888,0
694,6,4,8,0.132,1210,12,0.888,0
729,6,4,11,0.004,1246,12,0.943,0
646,6,4,8,0.091,1274,1,0.943,0
896,6,4,11,0.382,1242,12,0.943,0
547,6,4,8,0.044,1107,1,0.888,0
795,6,4,8,0.088,1177,12,0.943,0
658,6,4,8,0.072,1206,1,0.888,0
689,6,4,8,0.243,1178,12,0.943,0
646,6,4,8,0.156,1246,12,0.943,0
584,6,4,11,0.43,1224,12,0.888,0
752,6,4,11,0.445,1257,12,0.943,0
874,6,4,8,0.063,1321,1,0.943,0
801,6,4,11,0.449,1375,1,0.943,0
822,6,4,8,0.227,1173,12,0.943,0
677,6,4,8,0.366,1226,12,0.888,0
750,6,4,11,0.107,1279,1,0.943,0
635,6,4,8,0.152,1266,1,0.943,0
672,6,4,11,0.211,1128,12,0.888,0
612,6,4,11,0.438,1161,1,0.943,0
722,6,4,8,0.315,1096,12,0.943,0
722,6,4,11,0.219,1199,12,0.888,0
664,6,4,8,0.048,1291,1,0.888,0
745,6,4,8,0.075,1199,12,0.943,0
698,6,4,11,0.132,1132,12,0.943,0
730,6,4,8,0.311,1347,12,0.888,0
807,6,4,8,0.537,1320,1,0.888,0
601,6,4,11,0.359,1099,12,0.943,0
732,6,4,11,0.096,1191,1,0.888,0
847,6,4,11,0.171,1327,12,0.888,0
816,6,4,8,0.035,1206,12,0.888,0
638,6,4,8,0.056,1243,1,0.943,0
729,6,4,8,0.084,1202,1,0.888,0
604,6,4,11,0.195,1237,1,0.888,0
846,6,4,11,0.099,1290,1,0.888,0
765,6,4,11,0.322,1390,1,0.888,0
618,6,4,11,0.23,1211,12,0.943,0
710,6,4,8,0.271,1155,1,0.888,0
713,6,4,11,0.183,1123,1,0.943,0
836,6,4,8,0.286,1353,1,0.888,0
778,6,4,8,0.25,1227,12,0.888,0
697,6,4,11,0.096,1223,1,0.943,0
679,6,4,8,0.263,1145,1,0.888,0
716,6,4,11,0.478,1030,12,0.943,0
832,6,4,8,0.195,1180,12,0.943,0
812,6,4,8,0.298,1327,12,0.943,0
697,6,4,8,0.223,1233,12,0.943,0
742,6,4,11,0.108,1275,1,0.888,0
741,6,4,11,0.27,1198,1,0.888,0
675,6,4,8,0.267,1258,12,0.888,0
711,6,4,8,0.514,1106,1,0.888,0
695,6,4,8,0.187,1175,1,0.943,0
739,6,4,11,0.176,1173,1,0.888,0
646,6,4,8,0.08,1054,1,0.943,0
711,6,4,11,0.032,1172,12,0.943,0
593,6,4,11,0.653,1083,12,0.943,0
863,6,4,8,0.14,1251,1,0.888,0
858,6,4,11,0.318,1345,12,0.943,0
768,6,4,8,0.127,1313,1,0.888,0
781,6,4,8,0.183,1112,12,0.888,0
758,6,4,8,0.16,1111,12,0.888,0
503,6,4,8,0.752,1020,1,0.888,0
829,6,4,11,0.214,1237,1,0.943,0
760,6,4,11,0.533,1634,12,0.943,0
478,6,4,11,0.159,1338,12,0.888,0
855,6,4,11,0.764,1825,12,0.943,0
574,6,4,11,0.258,1383,12,0.943,0
709,6,4,11,0.386,1407,12,0.943,0
714,6,4,11,0.382,1449,12,0.943,0
677,6,4,11,0.302,1750,12,0.943,0
509,6,4,11,0.409,1345,12,0.943,0
620,6,4,11,0.135,1450,12,0.888,0
732,6,4,11,0.947,1606,12,0.943,0
780,6,4,11,0.497,1527,12,0.888,0
593,6,4,11,0.084,1227,12,0.888,0
820,6,4,11,0.612,1562,12,0.943,0
714,6,4,11,0.899,1799,12,0.888,0
660,6,4,11,0.887,1573,12,0.943,0
662,6,4,11,0.226,1645,12,0.888,0
670,6,4,11,0.067,1446,12,0.943,0
443,6,4,11,0.147,1711,12,0.888,0
800,6,4,11,0.596,1764,12,0.943,0
716,6,4,11,1.042,1523,12,0.943,0
584,6,4,11,0.035,1239,12,0.888,0
561,6,4,11,0.433,1406,12,0.943,0
854,6,4,11,0.537,1564,12,0.888,0
853,6,4,11,0.688,1542,12,0.888,0
685,6,4,11,0.588,1521,12,0.888,0
791,6,4,11,0.318,1357,12,0.888,0
670,6,4,11,0.64,1525,12,0.943,0
527,6,4,11,0.115,1258,12,0.943,0
611,6,4,11,0.393,1391,12,0.888,0
515,6,4,11,0.262,1297,12,0.943,0
815,6,4,11,0.505,1488,12,0.943,0
664,6,4,11,0.393,1464,12,0.888,0
564,6,4,11,0.107,1367,12,0.943,0
540,6,4,11,0.334,1337,12,0.888,0
592,6,4,11,0.25,1365,12,0.943,0
439,6,4,11,0.628,1480,12,0.943,0
460,6,4,11,0.351,1276,12,0.888,0
718,6,4,11,0.899,1565,12,0.888,0
512,6,4,11,0.37,1522,12,0.943,0
824,6,4,11,1.026,1653,12,0.943,0
630,6,4,11,0.222,1237,12,0.943,0
403,6,4,11,0.315,1271,12,0.943,0
417,6,4,11,0.14,1252,12,0.943,0
641,6,4,11,0.405,1523,12,0.943,0
559,6,4,11,0.557,1567,12,0.943,0
715,6,4,11,0.183,1503,12,0.888,0
652,6,4,11,0.561,1565,12,0.888,0
453,6,4,11,0.012,1303,12,0.943,0
354,6,4,11,0.024,1239,12,0.888,0
695,6,4,11,0.7,1732,12,0.888,0
305,6,4,11,0.422,1190,12,0.943,0
524,6,4,11,0.481,1264,12,0.943,0
592,6,4,11,0.258,1500,12,0.888,0
621,6,4,11,0.195,1299,12,0.888,0
474,6,4,11,0.354,1526,12,0.888,0
724,6,4,11,0.513,1589,12,0.943,0
691,6,4,11,0.696,1527,12,0.888,0
610,6,4,11,0.517,1535,12,0.888,0
655,6,4,11,1.082,1663,12,0.888,0
516,6,4,11,0.067,1391,12,0.888,0
601,6,4,11,0.382,1531,12,0.888,0
533,6,4,11,1.138,1682,12,0.943,0
536,6,4,11,0.107,1452,12,0.943,0
692,6,4,11,1.587,1784,12,0.943,0
700,6,4,11,0.266,1362,12,0.888,0
588,6,4,11,1.034,1659,12,0.943,0
586,6,4,11,0.239,1245,12,0.888,0
308,6,4,11,0.255,1206,12,0.888,0
577,6,4,11,0.915,1578,12,0.888,0
444,6,4,11,0.019,1440,12,0.888,0
593,6,4,11,0.644,1342,12,0.888,0
551,6,4,11,0.035,1176,12,0.888,0
658,6,4,11,0.445,1482,12,0.943,0
586,6,4,11,0.087,1344,12,0.888,0
626,6,4,11,0.302,1312,12,0.943,0
704,6,4,11,0.557,1418,12,0.943,0
582,6,4,11,0.875,1605,12,0.888,0
794,6,4,11,0.923,1267,12,0.943,0
382,6,4,11,0.203,1442,12,0.943,0
590,6,4,11,0.525,1412,12,0.888,0
757,6,4,11,0.72,1669,12,0.888,0
593,6,4,11,0.183,1561,12,0.943,0
551,6,4,11,0.218,1235,12,0.943,0
496,6,4,11,0.234,1340,12,0.943,0
773,6,4,11,0.704,1721,12,0.888,0
674,6,4,11,0.756,1476,12,0.943,0
797,6,4,11,1.691,1846,12,0.888,0
602,6,4,11,0.652,1508,12,0.943,0
668,6,4,11,0.732,1557,12,0.943,0
565,6,4,11,0.242,1352,12,0.943,0
873,6,4,11,0.27,1525,12,0.943,0
599,6,4,11,0.374,1343,12,0.888,0
544,6,4,11,0.25,1478,12,0.888,0
741,6,4,11,0.318,1424,12,0.943,0
620,6,4,11,0.966,1723,12,0.943,0
460,6,4,11,0.625,1130,12,0.888,0
710,6,4,11,0.895,1791,12,0.943,0
601,6,4,11,0.195,1458,12,0.943,0
651,6,4,11,0.346,1577,12,0.943,0
489,6,4,11,0.222,1359,12,0.943,0
699,6,4,11,0.779,1695,12,0.943,0
649,6,4,11,0.246,1595,12,0.888,0
438,6,4,11,0.108,1389,12,0.888,0
609,6,4,11,0.386,1577,12,0.888,0
803,6,4,11,0.6,1593,12,0.888,0
676,6,4,11,0.266,1245,12,0.888,0
683,6,4,11,0.135,1602,12,0.943,0
358,6,4,11,0.222,1298,12,0.943,0
507,6,4,11,0.453,1437,12,0.943,0
627,6,4,11,0.636,1579,12,0.888,0
784,6,4,11,0.155,1449,12,0.888,0
790,6,4,11,1.229,1621,12,0.888,0
419,6,4,11,0.112,1175,12,0.888,0
601,6,4,11,0.644,1367,12,0.943,0
638,6,4,11,0.199,1540,12,0.943,0
681,6,4,11,0.015,1439,12,0.943,0
665,6,4,11,0.612,1420,12,0.943,0
575,6,4,11,0.087,1396,12,0.943,0
596,6,4,11,0.262,1387,12,0.943,0
659,6,4,11,0.112,1343,12,0.888,0
618,6,4,11,0.449,1427,12,0.888,0
596,6,4,11,0.25,1491,12,0.888,0
627,6,4,11,0.315,1216,12,0.943,0
593,6,4,11,0.278,1349,12,0.943,0
431,6,4,11,0.258,1403,12,0.943,0
576,6,4,11,0.362,1500,12,0.888,0
540,6,4,11,0.823,1489,12,0.943,0
757,6,4,11,0.346,1522,12,0.888,0
609,6,4,11,0.27,1631,12,0.888,0
894,6,4,11,0.334,1578,12,0.888,0
615,6,4,11,0.425,1345,12,0.943,0
452,6,4,11,0.541,1411,12,0.888,0
609,6,4,11,0.465,1386,12,0.888,0
635,6,4,11,0.306,1581,12,0.943,0
490,6,4,11,0.736,1411,12,0.943,0
731,6,4,11,0.919,1544,12,0.888,0
692,6,4,11,0.124,1386,12,0.943,0
645,6,4,11,0.155,1457,12,0.943,0
543,6,4,11,0.393,1657,12,0.943,0
461,6,4,11,0.136,1290,12,0.888,0
422,6,4,11,0.143,1390,12,0.888,0
524,6,4,11,0.032,1554,12,0.888,0
627,6,4,11,0.537,1505,12,0.943,0
476,6,4,11,0.243,1163,12,0.943,0
390,6,4,11,0.331,1257,12,0.943,0
532,6,4,11,0.222,1420,12,0.943,0
649,6,4,11,0.413,1594,12,0.943,0
562,6,4,11,0.354,1304,12,0.943,0
326,6,4,11,0.172,1225,12,0.943,0
757,6,4,11,0.768,1652,12,0.888,0
519,6,4,11,0.099,1228,12,0.888,0
598,6,4,11,0.592,1297,12,0.943,0
713,6,4,11,0.254,1577,12,0.888,0
804,6,4,11,0.386,1628,12,0.888,0
507,6,4,11,0.055,1196,12,0.943,0
398,6,4,11,0.501,1259,12,0.943,0
538,6,4,11,0.362,1366,12,0.943,0
613,6,4,11,0.299,1179,12,0.888,0
560,6,4,11,0.083,1473,12,0.943,0
762,6,4,11,1.114,1784,12,0.943,0
554,6,4,11,0.549,1511,12,0.943,0
455,6,4,11,0.099,1296,12,0.888,0
1058,6,4,11,0.557,1678,12,0.888,0
952,6,4,11,0.911,1649,12,0.943,0
440,6,4,11,0.254,1360,12,0.888,0
513,6,4,11,0.533,1532,12,0.943,0
546,6,4,11,0.413,1309,12,0.943,0
534,6,4,11,0.421,1353,12,0.943,0
898,6,4,11,0.374,1335,12,0.943,0
748,6,4,11,0.895,1625,12,0.943,0
729,6,4,11,0.159,1253,12,0.888,0
718,6,4,11,0.031,1325,12,0.888,0
561,6,4,11,0.584,1670,12,0.943,0
571,6,4,11,0.581,1647,12,0.888,0
829,6,4,11,0.839,1465,12,0.888,0
574,6,4,11,0.625,1374,12,0.888,0
510,6,4,11,0.386,1173,12,0.943,0
560,6,4,11,1.114,1524,12,0.888,0
503,6,4,11,0.115,1313,12,0.888,0
445,6,4,11,0.107,1408,12,0.943,0
807,6,4,11,1.253,1661,12,0.943,0
698,6,4,11,1.022,1652,12,0.888,0
783,6,4,11,0.656,1594,12,0.943,0
537,6,4,11,0.553,1468,12,0.943,0
611,6,4,11,0.497,1590,12,0.888,0
566,6,4,11,0.541,1610,12,0.943,0
675,6,4,11,0.067,1253,12,0.943,0
627,6,4,11,0.672,1305,12,0.888,0
595,6,4,11,0.62,1624,12,0.943,0
499,6,4,11,0.21,1458,12,0.943,0
525,6,4,11,0.338,1415,12,0.943,0
653,6,4,11,0.008,1341,12,0.943,0
805,6,4,11,0.962,1782,12,0.943,0
414,6,4,11,0.035,1188,12,0.943,0
464,6,4,11,0.577,1238,12,0.943,0
687,6,4,11,0.501,1602,12,0.943,0
694,6,4,11,0.668,1521,12,0.943,0
706,6,4,11,0.545,1490,12,0.943,0
485,6,4,11,0.104,1365,12,0.888,0
739,6,4,11,0.063,1455,12,0.943,0
470,6,4,11,0.338,1415,12,0.943,0
431,6,4,11,0.02,1281,12,0.888,0
670,6,4,11,0.262,1545,12,0.888,0
594,6,4,11,0.541,1401,12,0.888,0
647,6,4,11,0.549,1511,12,0.943,0
912,6,4,11,0.537,1483,12,0.888,0
568,6,4,11,0.152,1282,12,0.888,0
482,6,4,11,0.239,1122,12,0.943,0
665,6,4,11,0.76,1635,12,0.888,0
664,6,4,11,0.481,1586,12,0.888,0
534,6,4,11,0.004,1080,12,0.888,0
496,6,4,11,0.187,1371,12,0.943,0
713,6,4,11,0.238,1348,12,0.943,0
635,6,4,11,0.875,1738,12,0.943,0
541,6,4,11,0.23,1425,12,0.943,0
381,6,4,11,0.298,1205,12,0.888,0
501,6,4,11,0.092,1330,12,0.888,0
500,6,4,11,0.318,1459,12,0.943,0
453,6,4,11,0.099,1285,12,0.943,0
856,6,4,11,0.863,1564,12,0.943,0
634,6,4,11,0.441,1374,12,0.943,0
418,6,4,11,0.298,1353,12,0.888,0
403,6,4,11,0.004,1159,12,0.888,0
661,6,4,11,0.31,1515,12,0.943,0
509,6,4,11,0.258,1301,12,0.943,0
576,6,4,11,0.358,1587,12,0.888,0
829,6,4,11,0.903,1618,12,0.943,0
625,6,4,11,0.203,1275,12,0.888,0
822,6,4,11,0.696,1561,12,0.888,0
607,6,4,11,0.469,1447,12,0.888,0
568,6,4,11,0.052,1449,12,0.943,0
726,6,4,11,0.481,1456,12,0.888,0
796,6,4,11,0.012,1454,12,0.888,0
730,6,4,11,0.346,1469,12,0.943,0
519,6,4,11,0.139,1338,12,0.888,0
647,6,4,11,0.537,1589,12,0.943,0
654,6,4,11,0.664,1763,12,0.943,0
686,6,4,11,0.636,1483,12,0.943,0
412,6,4,11,0.23,1352,12,0.943,0
608,6,4,11,0.242,1614,12,0.943,0
411,6,4,11,0.036,1023,12,0.888,0
662,6,4,11,0.807,1486,12,0.943,0
971,6,4,11,0.919,1627,12,0.888,0
605,6,4,11,0.7,1754,12,0.943,0
507,6,4,11,0.525,1419,12,0.943,0
495,6,4,11,0.096,1284,12,0.943,0
508,6,4,11,0.382,1417,12,0.888,0
698,6,4,11,0.378,1449,12,0.888,0
575,6,4,11,0.095,1429,12,0.888,0
596,6,4,11,0.473,1418,12,0.943,0
441,6,4,11,0.266,1392,12,0.943,0
575,6,4,11,0.144,1133,12,0.888,0
693,6,4,11,0.843,1560,12,0.888,0
479,6,4,11,0.119,1336,12,0.943,0
636,6,4,11,0.409,1377,12,0.943,0
595,6,4,11,0.469,1254,12,0.888,0
694,6,4,11,0.76,1576,12,0.943,0
682,6,4,11,0.569,1447,12,0.943,0
574,6,4,11,0.302,1351,12,0.888,0
529,6,4,11,0.378,1531,12,0.943,0
716,6,4,11,0.704,1455,12,0.888,0
654,6,4,11,0.024,1469,12,0.888,0
677,6,4,11,0.242,1525,12,0.943,0
701,6,4,11,0.163,1528,12,0.888,0
733,6,4,11,0.513,1265,12,0.943,0
660,6,4,11,0.302,1402,12,0.888,0
581,6,4,11,0.028,1415,12,0.943,0
429,6,4,11,0.258,1290,12,0.888,0
625,6,4,11,0.35,1531,12,0.943,0
367,6,4,11,0.147,1317,12,0.888,0
785,6,4,11,0.732,1586,12,0.888,0
662,6,4,11,1.384,1565,12,0.888,0
663,6,4,11,0.266,1547,12,0.943,0
534,6,4,11,0.338,1326,12,0.943,0
823,6,4,11,0.425,1373,12,0.888,0
587,6,4,11,0.266,1433,12,0.943,0
607,6,4,11,0.031,1359,12,0.888,0
389,6,4,11,0.039,1178,12,0.943,0
457,6,4,11,0.549,1456,12,0.888,0
665,6,4,11,0.266,1475,12,0.943,0
811,6,4,11,0.131,1309,12,0.888,0
635,6,4,11,0.668,1483,12,0.943,0
604,6,4,11,0.218,1465,12,0.943,0
745,6,4,11,0.807,1648,12,0.888,0
461,6,4,11,0.359,1174,12,0.888,0
597,6,4,11,0.469,1283,12,0.943,0
697,6,4,11,0.584,1442,12,0.888,0
643,6,4,11,0.008,1489,12,0.943,0
564,6,4,11,0.128,1460,12,0.943,0
518,6,4,11,0.592,1570,12,0.943,0
514,6,4,11,0.095,1483,12,0.943,0
557,6,4,11,0.167,1141,12,0.888,0
638,6,4,11,0.143,1384,12,0.888,0
735,6,4,11,0.437,1730,12,0.943,0
651,6,4,11,0.171,1739,12,0.943,0
734,6,4,11,0.294,1425,12,0.888,0
684,6,4,11,1.03,1640,12,0.943,0
592,6,4,11,0.843,1745,12,0.888,0
582,6,4,11,0.445,1534,12,0.888,0
747,6,4,11,0.409,1432,12,0.888,0
574,6,4,11,0.143,1405,12,0.943,0
701,6,4,11,0.986,1573,12,0.943,0
532,6,4,11,0.06,1378,12,0.943,0
414,6,4,11,0.243,1459,12,0.888,0
828,6,4,11,0.779,1762,12,0.943,0
603,6,4,11,0.242,1492,12,0.888,0
566,6,4,11,0.847,1571,12,0.888,0
355,6,4,11,0.108,1127,12,0.888,0
712,6,4,11,0.083,1412,12,0.888,0
796,6,4,11,1.138,1578,12,0.888,0
620,6,4,11,0.676,1625,12,0.943,0
588,6,4,11,0.318,1413,12,0.888,0
718,6,4,11,0.334,1392,12,0.888,0
577,6,4,11,0.549,1325,12,0.943,0
700,6,4,11,0.931,1442,12,0.888,0
649,6,4,11,0.831,1391,12,0.888,0
761,6,4,11,1.01,1642,12,0.943,0
676,6,4,11,0.116,1320,12,0.943,0
605,6,4,11,0.588,1598,12,0.888,0
769,6,4,11,0.672,1453,12,0.888,0
544,6,4,11,0.64,1312,12,0.888,0
631,6,4,11,0.477,1554,12,0.943,0
579,6,4,11,0.318,1392,12,0.943,0
589,6,4,11,0.222,1480,12,0.943,0
685,6,4,11,0.525,1324,12,0.943,0
802,6,4,11,0.481,1526,12,0.888,0
582,6,4,11,0.401,1460,12,0.943,0
462,6,4,11,0.542,1178,12,0.943,0
545,6,4,11,0.557,1658,12,0.943,0
772,6,4,11,0.716,1354,12,0.888,0
646,6,4,11,0.648,1698,12,0.888,0
698,6,4,11,0.421,1504,12,0.943,0
633,6,4,11,0.497,1355,12,0.943,0
520,6,4,11,0.358,1509,12,0.888,0
520,6,4,11,0.417,1376,12,0.888,0
523,6,4,11,0.206,1410,12,0.888,0
579,6,4,11,0.421,1399,12,0.888,0
830,6,4,11,0.648,1577,12,0.888,0
572,6,4,11,0.219,1237,12,0.888,0
693,6,4,11,0.203,1438,12,0.943,0
697,6,4,11,0.604,1473,12,0.943,0
894,6,4,11,1.368,1817,12,0.888,0
615,6,4,11,0.386,1313,12,0.943,0
640,6,4,11,0.485,1699,12,0.943,0
491,6,4,11,0.127,1579,12,0.943,0
727,6,4,11,0.74,1569,12,0.943,0
668,6,4,11,0.549,1502,12,0.943,0
495,6,4,11,0.051,1304,12,0.943,0
633,6,4,11,0.624,1423,12,0.888,0
499,6,4,11,0.226,1580,12,0.888,0
838,6,4,11,1.138,1561,12,0.943,0
310,6,4,11,0.068,1462,12,0.888,0
592,6,4,11,0.132,1319,12,0.888,0
1496,6,4,6,1.726,3026,12,0.888,1
1372,6,4,11,0.676,2920,12,0.888,1
1544,6,4,11,0.628,2606,12,0.943,1
1464,6,4,1,1.177,3254,12,0.943,1
1150,6,4,11,0.97,3028,12,0.888,1
1234,6,4,1,1.277,3036,12,0.943,1
1307,6,4,1,1.436,2894,12,0.943,1
1659,6,4,6,1.734,3369,12,0.888,1
1070,6,4,6,0.545,2967,12,0.943,1
915,6,4,11,0.644,2489,12,0.943,1
1563,6,4,6,1.464,2984,12,0.943,1
1478,6,4,1,1.4,3518,12,0.888,1
1230,6,4,1,0.6,2656,12,0.888,1
1380,6,4,6,0.752,3047,12,0.888,1
1403,6,4,6,1.492,3335,12,0.888,1
1323,6,4,11,1.201,2787,12,0.943,1
1440,6,4,11,1.929,3049,12,0.943,1
1468,6,4,11,1.428,3447,12,0.943,1
1303,6,4,1,1.591,3318,12,0.888,1
1572,6,4,1,1.285,3143,12,0.888,1
1529,6,4,11,1.647,3147,12,0.943,1
1046,6,4,6,0.334,2320,12,0.943,1
1610,6,4,11,1.921,3371,12,0.888,1
1146,6,4,6,1.46,2889,12,0.943,1
1128,6,4,11,1.464,2859,12,0.943,1
1617,6,4,1,1.006,3297,12,0.888,1
1696,6,4,1,2.001,3158,12,0.888,1
1469,6,4,11,1.551,2684,12,0.943,1
1396,6,4,1,1.285,3094,12,0.888,1
1454,6,4,1,1.13,3184,12,0.888,1
1518,6,4,11,1.631,3390,12,0.943,1
1639,6,4,6,1.639,2884,12,0.943,1
1636,6,4,1,1.746,3549,12,0.943,1
1058,6,4,11,0.819,2743,12,0.943,1
991,6,4,1,0.334,2837,12,0.888,1
1593,6,4,11,1.157,2736,12,0.888,1
1451,6,4,1,1.054,2903,12,0.888,1
1262,6,4,6,1.412,2598,12,0.943,1
1483,6,4,1,1.691,3217,12,0.943,1
1660,6,4,1,0.68,2642,12,0.943,1
1170,6,4,6,0.254,2496,12,0.888,1
1528,6,4,1,1.325,2969,12,0.888,1
1478,6,4,6,2.156,3553,12,0.943,1
1109,6,4,1,1.297,2871,12,0.943,1
1230,6,4,11,0.994,2668,12,0.888,1
1137,6,4,6,0.771,2682,12,0.888,1
1184,6,4,11,1.146,3113,12,0.943,1
1321,6,4,1,1.189,2590,12,0.888,1
1447,6,4,1,1.388,3107,12,0.943,1
1241,6,4,1,1.277,2812,12,0.943,1
1139,6,4,11,0.465,2368,12,0.943,1
1364,6,4,6,1.094,2868,12,0.943,1
1314,6,4,6,1.126,3328,12,0.888,1
1115,6,4,6,1.014,2473,12,0.888,1
1298,6,4,11,0.529,2529,12,0.888,1
1590,6,4,11,1.492,3511,12,0.888,1
1477,6,4,11,0.903,2710,12,0.943,1
1058,6,4,6,1.173,3152,12,0.888,1
1343,6,4,1,1.074,2623,12,0.888,1
1489,6,4,6,1.054,2758,12,0.888,1
1560,6,4,11,0.986,3098,12,0.943,1
1287,6,4,11,1.153,2812,12,0.888,1
1384,6,4,11,1.249,3219,12,0.888,1
1007,6,4,6,1.277,2829,12,0.888,1
1360,6,4,6,0.744,2625,12,0.943,1
1352,6,4,11,0.907,2810,12,0.888,1
1230,6,4,6,0.692,2702,12,0.888,1
1140,6,4,6,0.489,2769,12,0.943,1
1177,6,4,11,1.189,2775,12,0.888,1
1498,6,4,1,1.5,3043,12,0.943,1
1499,6,4,1,1.026,3068,12,0.888,1
1532,6,4,11,1.293,3117,12,0.943,1
1605,6,4,1,1.412,2842,12,0.888,1
1121,6,4,1,1.05,2766,12,0.888,1
1797,6,4,6,1.603,3298,12,0.888,1
1140,6,4,11,0.831,2838,12,0.943,1
1411,6,4,11,1.587,3107,12,0.943,1
1320,6,4,11,0.879,2830,12,0.943,1
1250,6,4,1,0.027,2245,12,0.888,1
1189,6,4,11,0.72,2710,12,0.888,1
1558,6,4,6,1.766,3336,12,0.888,1
1388,6,4,11,0.982,2914,12,0.888,1
1436,6,4,11,1.348,3033,12,0.943,1
1416,6,4,6,0.923,2676,12,0.888,1
1663,6,4,11,2.236,3568,12,0.888,1
1691,6,4,11,1.559,3519,12,0.943,1
1488,6,4,1,1.512,2980,12,0.888,1
1270,6,4,11,0.636,2746,12,0.943,1
1177,6,4,6,0.891,2530,12,0.888,1
1446,6,4,6,1.241,3273,12,0.943,1
1539,6,4,11,1.969,3512,12,0.943,1
1636,6,4,6,1.89,3510,12,0.943,1
1189,6,4,1,1.826,3110,12,0.943,1
1024,6,4,6,1.277,2952,12,0.888,1
1324,6,4,6,1.229,3034,12,0.943,1
1301,6,4,11,0.807,2777,12,0.943,1
1196,6,4,1,0.68,2857,12,0.943,1
1266,6,4,1,1.392,3001,12,0.888,1
1711,6,4,11,1.09,3120,12,0.888,1
1140,6,4,6,1.205,3203,12,0.943,1
1639,6,4,6,1.384,3325,12,0.888,1
1510,6,4,1,0.811,2714,12,0.943,1
1460,6,4,1,0.819,3306,12,0.943,1
1374,6,4,1,1.543,3204,12,0.943,1
1328,6,4,1,1.161,2696,12,0.888,1
1420,6,4,1,1.233,3375,12,0.943,1
1471,6,4,11,1.189,2744,12,0.943,1
1505,6,4,11,1.102,3385,12,0.888,1
1425,6,4,1,1.233,2799,12,0.888,1
1540,6,4,6,1.543,3194,12,0.943,1
1547,6,4,6,1.281,3279,12,0.888,1
1536,6,4,6,1.038,3266,12,0.943,1
1582,6,4,1,1.949,3411,12,0.943,1
1369,6,4,6,0.867,2595,12,0.888,1
1449,6,4,11,1.448,3219,12,0.943,1
1312,6,4,6,0.393,3081,12,0.943,1
1445,6,4,11,1.627,2968,12,0.888,1
1306,6,4,11,1.205,3185,12,0.943,1
1439,6,4,11,1.404,3245,12,0.888,1
1061,6,4,1,0.771,2766,12,0.943,1
1301,6,4,6,1.543,3376,12,0.888,1
1488,6,4,11,1.261,2888,12,0.943,1
1626,6,4,1,1.436,2716,12,0.943,1
846,6,4,11,0.704,2492,12,0.888,1
1254,6,4,11,0.27,2756,12,0.888,1
1429,6,4,1,0.998,3136,12,0.943,1
1131,6,4,1,0.541,2655,12,0.943,1
1406,6,4,11,0.935,3257,12,0.943,1
1435,6,4,6,0.986,2856,12,0.943,1
1220,6,4,6,0.97,2993,12,0.888,1
1285,6,4,1,1.798,3200,12,0.943,1
1496,6,4,11,1.217,2978,12,0.888,1
1310,6,4,1,0.74,2508,12,0.888,1
1396,6,4,1,1.189,2813,12,0.888,1
1391,6,4,6,1.484,3238,12,0.943,1
969,6,4,1,1.058,2942,12,0.888,1
1439,6,4,6,1.09,2594,12,0.888,1
1226,6,4,1,0.525,2452,12,0.943,1
1253,6,4,11,1.384,2923,12,0.943,1
1295,6,4,1,0.688,2406,12,0.888,1
1098,6,4,11,0.939,2853,12,0.888,1
1295,6,4,6,0.724,2427,12,0.943,1
1466,6,4,1,1.07,3142,12,0.888,1
1242,6,4,1,0.887,2972,12,0.943,1
1234,6,4,11,0.895,2559,12,0.888,1
1322,6,4,6,1.269,3077,12,0.943,1
1508,6,4,6,1.05,3030,12,0.888,1
1043,6,4,6,0.668,2619,12,0.888,1
1602,6,4,1,1.44,2958,12,0.943,1
1114,6,4,6,1.102,2997,12,0.943,1
1660,6,4,6,1.09,2792,12,0.943,1
1113,6,4,6,0.827,2920,12,0.888,1
1608,6,4,1,0.998,2826,12,0.888,1
1261,6,4,6,0.501,2517,12,0.943,1
1410,6,4,11,1.301,2696,12,0.943,1
1303,6,4,6,1.241,3163,12,0.888,1
1131,6,4,11,0.843,2483,12,0.888,1
1429,6,4,1,1.707,3210,12,0.943,1
1038,6,4,6,0.64,2293,12,0.943,1
1461,6,4,1,1.368,2966,12,0.943,1
1401,6,4,6,0.815,3044,12,0.943,1
1430,6,4,11,0.935,2544,12,0.888,1
1278,6,4,6,0.939,2733,12,0.943,1
1563,6,4,6,1.317,2962,12,0.888,1
1437,6,4,11,1.293,2858,12,0.943,1
1523,6,4,11,1.376,3006,12,0.888,1
1581,6,4,6,1.52,3162,12,0.943,1
1260,6,4,1,0.497,2477,12,0.888,1
1345,6,4,1,0.803,2685,12,0.888,1
1293,6,4,1,1.241,2978,12,0.888,1
995,6,4,6,0.581,2438,12,0.888,1
1693,6,4,1,1.36,2761,12,0.888,1
1375,6,4,6,1.555,2916,12,0.888,1
1740,6,4,11,1.921,3444,12,0.943,1
1325,6,4,6,0.23,2431,12,0.943,1
1295,6,4,6,0.708,2776,12,0.943,1
972,6,4,11,0.549,2563,12,0.888,1
1223,6,4,11,1.4,2973,12,0.943,1
1258,6,4,6,0.907,2752,12,0.943,1
1570,6,4,1,1.476,3029,12,0.943,1
1329,6,4,11,0.943,2813,12,0.943,1
1281,6,4,11,0.982,3195,12,0.888,1
1346,6,4,6,1.169,3168,12,0.943,1
1833,6,4,11,1.842,3495,12,0.943,1
1533,6,4,1,1.484,3380,12,0.943,1
1802,6,4,6,1.42,3300,12,0.943,1
1557,6,4,6,1.094,2832,12,0.943,1
1465,6,4,11,1.36,3017,12,0.888,1
1407,6,4,11,1.062,3026,12,0.943,1
1412,6,4,1,1.193,3300,12,0.943,1
966,6,4,6,0.624,2465,12,0.888,1
1439,6,4,11,1.607,3483,12,0.888,1
1393,6,4,6,1.468,3243,12,0.888,1
1138,6,4,6,0.553,3053,12,0.888,1
1013,6,4,6,1.273,2491,12,0.943,1
1423,6,4,1,1.062,2451,12,0.943,1
1190,6,4,1,1.531,2771,12,0.943,1
1185,6,4,6,0.688,3034,12,0.888,1
1401,6,4,6,0.855,2387,12,0.943,1
1081,6,4,11,0.596,2664,12,0.888,1
1099,6,4,11,0.648,2469,12,0.943,1
1247,6,4,6,0.354,2523,12,0.943,1
1143,6,4,1,0.891,2387,12,0.943,1
1065,6,4,1,1.245,3082,12,0.888,1
1608,6,4,6,1.559,3211,12,0.888,1
1626,6,4,6,1.718,3013,12,0.943,1
1174,6,4,6,0.843,3220,12,0.943,1
1161,6,4,6,1.134,2585,12,0.888,1
1292,6,4,1,0.931,2710,12,0.943,1
1374,6,4,1,1.488,3027,12,0.943,1
1425,6,4,1,1.317,3211,12,0.943,1
1470,6,4,6,1.48,3493,12,0.888,1
1278,6,4,6,1.066,3401,12,0.943,1
1636,6,4,11,1.603,3190,12,0.888,1
1352,6,4,6,0.899,2846,12,0.888,1
1290,6,4,1,1.066,3138,12,0.943,1
1630,6,4,1,1.05,2782,12,0.943,1
1459,6,4,11,1.026,3247,12,0.943,1
1634,6,4,6,1.15,2904,12,0.888,1
1290,6,4,11,1.329,3090,12,0.943,1
1418,6,4,6,1.126,3274,12,0.888,1
1240,6,4,1,1.711,3095,12,0.943,1
1308,6,4,6,0.732,2599,12,0.888,1
1271,6,4,1,1.428,3230,12,0.888,1
1572,6,4,11,0.966,2862,12,0.943,1
1177,6,4,11,1.102,3096,12,0.943,1
1449,6,4,6,1.086,2895,12,0.888,1
1440,6,4,11,1.285,3204,12,0.943,1
1291,6,4,11,0.577,2482,12,0.888,1
1329,6,4,11,1.01,2436,12,0.888,1
1469,6,4,11,1.261,3004,12,0.943,1
1169,6,4,11,1.599,2994,12,0.888,1
1141,6,4,6,1.44,3064,12,0.888,1
1138,6,4,11,1.265,2722,12,0.888,1
1137,6,4,1,0.712,2797,12,0.888,1
931,6,4,1,0.672,2590,12,0.888,1
1142,6,4,11,1.142,2698,12,0.888,1
1211,6,4,6,0.955,2666,12,0.888,1
1249,6,4,6,1.321,3033,12,0.888,1
1281,6,4,1,1.245,2881,12,0.888,1
1166,6,4,11,0.863,2617,12,0.888,1
1294,6,4,1,1.229,2654,12,0.943,1
1367,6,4,1,1.48,2981,12,0.943,1
1325,6,4,1,1.189,2914,12,0.888,1
1201,6,4,1,1.297,3122,12,0.943,1
1473,6,4,6,1.388,3039,12,0.888,1
1101,6,4,6,0.855,2332,12,0.943,1
1287,6,4,6,1.325,3016,12,0.888,1
1367,6,4,1,0.752,3398,12,0.888,1
1355,6,4,6,1.619,3011,12,0.943,1
1161,6,4,6,0.966,2704,12,0.888,1
1307,6,4,1,0.955,2406,12,0.943,1
1297,6,4,1,0.728,2544,12,0.943,1
1407,6,4,11,0.581,2671,12,0.888,1
1152,6,4,11,0.74,2711,12,0.943,1
1393,6,4,1,1.456,3010,12,0.888,1
1175,6,4,1,0.771,2575,12,0.943,1
1042,6,4,11,0.847,2804,12,0.888,1
1155,6,4,1,0.545,2512,12,0.888,1
1053,6,4,1,0.815,2385,12,0.888,1
1397,6,4,1,0.652,2641,12,0.888,1
1663,6,4,1,1.579,3207,12,0.888,1
1197,6,4,1,0.775,2388,12,0.888,1
1271,6,4,11,1.01,2745,12,0.888,1
1332,6,4,11,1.153,2901,12,0.943,1
1695,6,4,6,1.766,3076,12,0.943,1
1390,6,4,6,1.484,3013,12,0.888,1
1696,6,4,1,1.575,2906,12,0.943,1
1435,6,4,11,1.114,2954,12,0.943,1
1366,6,4,1,1.269,2755,12,0.888,1
1162,6,4,6,0.867,2698,12,0.943,1
1227,6,4,11,1.205,2921,12,0.943,1
1279,6,4,1,0.577,2763,12,0.943,1
849,6,4,11,0.696,2402,12,0.888,1
1280,6,4,1,1.344,2897,12,0.888,1
1607,6,4,11,0.712,2908,12,0.888,1
1569,6,4,6,0.911,3203,12,0.943,1
1089,6,4,11,1.237,2779,12,0.943,1
1243,6,4,1,1.281,2898,12,0.888,1
1336,6,4,11,1.551,3104,12,0.943,1
1643,6,4,11,1.539,3463,12,0.888,1
1615,6,4,11,0.827,3108,12,0.943,1
1487,6,4,1,1.118,3110,12,0.943,1
1317,6,4,11,0.764,2620,12,0.888,1
1311,6,4,1,1.726,3295,12,0.888,1
1383,6,4,1,0.847,2542,12,0.888,1
1379,6,4,6,1.197,2698,12,0.943,1
1273,6,4,1,0.97,2982,12,0.943,1
1262,6,4,11,1.165,2621,12,0.943,1
1037,6,4,6,0.847,2700,12,0.888,1
1604,6,4,1,2.176,3432,12,0.943,1
1227,6,4,6,1.297,3201,12,0.888,1
1549,6,4,11,1.583,3239,12,0.888,1
1470,6,4,1,1.022,2570,12,0.888,1
1419,6,4,11,1.321,2657,12,0.888,1
1347,6,4,6,0.951,3073,12,0.888,1
1333,6,4,11,0.684,2892,12,0.888,1
1155,6,4,1,1.078,2460,12,0.943,1
1163,6,4,11,1.229,3162,12,0.888,1
1189,6,4,1,1.034,2590,12,0.888,1
966,6,4,6,0.21,2584,12,0.888,1
1281,6,4,6,0.771,2911,12,0.888,1
1234,6,4,1,0.716,2564,12,0.888,1
1185,6,4,11,1.38,3126,12,0.943,1
1165,6,4,6,1.488,3016,12,0.888,1
1567,6,4,11,0.779,2779,12,0.888,1
1460,6,4,11,1.535,3532,12,0.943,1
1509,6,4,1,1.579,3461,12,0.943,1
1452,6,4,1,0.573,2324,12,0.888,1
1403,6,4,1,1.106,3039,12,0.888,1
1465,6,4,6,0.445,2313,12,0.888,1
1181,6,4,11,0.744,2713,12,0.943,1
1440,6,4,11,0.581,2346,12,0.943,1
1242,6,4,11,1.337,3039,12,0.943,1
1073,6,4,11,1.15,2739,12,0.943,1
1407,6,4,11,0.756,2673,12,0.888,1
1475,6,4,6,1.551,3359,12,0.943,1
1569,6,4,11,0.835,3162,12,0.943,1
1165,6,4,6,0.39,2514,12,0.888,1
1327,6,4,6,1.882,3427,12,0.943,1
1471,6,4,11,0.994,3001,12,0.888,1
953,6,4,6,0.592,2458,12,0.888,1
981,6,4,6,0.584,2376,12,0.888,1
1032,6,4,11,1.344,2649,12,0.943,1
1602,6,4,6,1.173,3179,12,0.888,1
1609,6,4,1,1.675,3112,12,0.888,1
1329,6,4,1,1.356,2861,12,0.888,1
1426,6,4,1,1.058,2841,12,0.943,1
1559,6,4,6,1.782,3065,12,0.888,1
1345,6,4,11,0.827,2607,12,0.943,1
1421,6,4,1,1.492,3477,12,0.943,1
1484,6,4,6,1.257,3166,12,0.943,1
1479,6,4,1,1.683,3348,12,0.888,1
1472,6,4,6,1.189,2699,12,0.943,1
1113,6,4,6,0.68,2798,12,0.888,1
1195,6,4,6,1.404,2946,12,0.888,1
1303,6,4,1,1.114,2857,12,0.888,1
1292,6,4,11,0.891,2788,12,0.888,1
1218,6,4,1,0.863,2756,12,0.888,1
1564,6,4,1,1.866,3102,12,0.888,1
1680,6,4,11,1.165,2669,12,0.943,1
1225,6,4,1,1.006,2650,12,0.888,1
1388,6,4,1,1.333,3288,12,0.888,1
1282,6,4,11,1.412,2947,12,0.888,1
1089,6,4,1,0.632,2953,12,0.888,1
1426,6,4,1,1.635,3062,12,0.943,1
864,6,4,1,0.577,2679,1,0.888,1
1090,6,4,6,1.253,3384,10,0.888,1
932,6,4,6,0.871,2425,10,0.888,1
1073,6,4,6,0.986,3327,1,0.943,1
1155,6,4,1,0.338,1817,1,0.888,1
873,6,4,1,0.39,2162,10,0.943,1
1154,6,4,1,0.879,3017,10,0.888,1
1174,6,4,6,0.903,2910,1,0.943,1
935,6,4,6,0.326,2609,1,0.943,1
1116,6,4,6,1.157,3148,1,0.888,1
1041,6,4,1,1.826,2887,1,0.888,1
1067,6,4,6,1.074,2719,10,0.943,1
1111,6,4,1,1.535,2876,10,0.943,1
897,6,4,6,0.608,2589,10,0.888,1
1009,6,4,6,0.537,1977,1,0.888,1
982,6,4,6,0.163,2232,10,0.888,1
1116,6,4,1,1.492,3039,10,0.888,1
966,6,4,6,0.358,2532,10,0.943,1
1062,6,4,1,0.684,2363,1,0.888,1
1168,6,4,1,0.994,2646,10,0.943,1
1057,6,4,1,0.716,2424,10,0.888,1
868,6,4,6,0.35,2192,10,0.943,1
1007,6,4,1,1.531,2841,1,0.943,1
1171,6,4,6,1.742,3227,1,0.888,1
1166,6,4,1,1.87,3107,10,0.943,1
1047,6,4,1,0.994,2549,1,0.888,1
972,6,4,1,1.177,2515,1,0.943,1
1140,6,4,1,1.348,2958,1,0.943,1
1019,6,4,1,0.401,2587,10,0.943,1
979,6,4,1,0.25,2747,1,0.888,1
1182,6,4,1,1.73,2781,10,0.888,1
856,6,4,1,0.06,1844,1,0.888,1
1065,6,4,1,1.09,2698,1,0.943,1
1083,6,4,1,1.293,2627,1,0.888,1
1123,6,4,1,0.346,2873,10,0.888,1
921,6,4,6,0.307,1743,1,0.943,1
1147,6,4,6,1.237,3515,1,0.888,1
1174,6,4,6,0.736,2920,1,0.943,1
1148,6,4,1,1.269,2522,10,0.943,1
1143,6,4,6,1.13,3086,1,0.888,1
1010,6,4,6,1.153,2756,1,0.888,1
958,6,4,1,1.078,2416,1,0.943,1
1198,6,4,1,1.094,3080,10,0.888,1
948,6,4,1,0.461,2148,1,0.888,1
1155,6,4,1,1.726,2994,10,0.943,1
1049,6,4,6,0.477,2450,1,0.888,1
1094,6,4,1,1.531,2477,10,0.943,1
955,6,4,1,0.565,2725,10,0.943,1
1068,6,4,1,0.195,2024,10,0.888,1
1049,6,4,6,0.764,2785,1,0.943,1
1051,6,4,1,0.716,2531,1,0.943,1
1158,6,4,1,0.708,2686,10,0.943,1
960,6,4,6,0.847,2708,10,0.888,1
1123,6,4,6,1.329,3007,1,0.888,1
1149,6,4,6,1.524,3432,10,0.888,1
1100,6,4,6,1.225,2680,10,0.943,1
1051,6,4,6,1.122,3104,10,0.943,1
972,6,4,6,0.39,2554,10,0.943,1
1144,6,4,6,1.265,2667,1,0.888,1
851,6,4,1,0.441,2125,1,0.943,1
1047,6,4,1,1.225,2676,1,0.943,1
1203,6,4,6,1.726,3526,10,0.888,1
1000,6,4,1,0.708,2357,1,0.888,1
1091,6,4,6,0.02,2395,1,0.943,1
1124,6,4,6,0.732,2439,10,0.888,1
1066,6,4,6,1.146,3208,1,0.943,1
1041,6,4,1,0.895,2649,1,0.888,1
899,6,4,1,0.624,2186,10,0.943,1
1083,6,4,1,0.191,1845,10,0.943,1
957,6,4,6,0.362,1670,10,0.888,1
1028,6,4,6,1.388,2701,10,0.888,1
1138,6,4,1,0.803,2874,1,0.888,1
1091,6,4,1,1.579,3427,10,0.888,1
1058,6,4,1,0.891,2985,1,0.943,1
1063,6,4,1,0.704,2827,10,0.888,1
940,6,4,6,0.7,2484,10,0.943,1
985,6,4,1,0.465,2251,10,0.943,1
899,6,4,6,0.557,2633,1,0.943,1
1138,6,4,6,0.541,2384,10,0.943,1
885,6,4,6,0.461,1845,1,0.943,1
1045,6,4,1,0.815,3012,1,0.888,1
806,6,4,6,1.026,2531,1,0.888,1
978,6,4,1,0.847,2485,10,0.888,1
1112,6,4,1,1.094,3251,10,0.943,1
1002,6,4,1,0.959,2207,10,0.943,1
1159,6,4,1,1.006,3138,10,0.888,1
984,6,4,1,0.68,2688,1,0.888,1
974,6,4,1,0.413,2080,1,0.943,1
1052,6,4,1,0.947,2192,1,0.943,1
1119,6,4,1,0.505,2313,1,0.943,1
1054,6,4,6,0.863,2419,1,0.943,1
1114,6,4,6,0.891,2674,10,0.943,1
997,6,4,1,0.787,2732,1,0.943,1
852,6,4,6,0.668,2260,1,0.943,1
1201,6,4,6,1.066,2930,10,0.943,1
974,6,4,1,0.036,2016,1,0.943,1
1086,6,4,1,0.935,2890,10,0.943,1
1288,6,4,1,1.886,3475,10,0.888,1
1156,6,4,6,1.157,2793,10,0.943,1
1069,6,4,1,0.887,2725,1,0.943,1
1157,6,4,6,1.293,2514,1,0.888,1
1112,6,4,1,1.289,3345,1,0.943,1
1109,6,4,6,1.329,3087,1,0.943,1
1106,6,4,6,1.492,3260,1,0.943,1
1050,6,4,1,1.09,2283,10,0.943,1
1045,6,4,1,0.465,2594,1,0.943,1
1040,6,4,1,0.393,2659,10,0.888,1
1227,6,4,6,1.734,3272,10,0.943,1
989,6,4,6,1.042,2225,10,0.943,1
1004,6,4,6,0.628,2583,10,0.943,1
929,6,4,6,0.282,2182,1,0.888,1
1147,6,4,1,1.348,2811,10,0.943,1
1001,6,4,1,0.306,2095,10,0.943,1
920,6,4,1,0.68,2213,1,0.943,1
1023,6,4,1,0.736,2745,1,0.943,1
1074,6,4,6,1.002,2442,10,0.943,1
1180,6,4,1,1.476,2790,1,0.888,1
863,6,4,1,0.147,2283,10,0.888,1
1194,6,4,6,1.01,2955,1,0.943,1
962,6,4,1,0.66,2040,10,0.888,1
1116,6,4,1,1.659,2708,10,0.888,1
1147,6,4,6,0.879,2501,10,0.943,1
950,6,4,1,0.756,2876,10,0.888,1
1122,6,4,1,0.863,2558,1,0.888,1
1052,6,4,1,1.675,3535,1,0.943,1
1014,6,4,1,0.334,2349,10,0.888,1
999,6,4,6,0.68,2299,10,0.888,1
1177,6,4,1,1.038,2932,1,0.943,1
1089,6,4,6,0.923,2546,1,0.888,1
1050,6,4,6,0.7,2295,1,0.943,1
968,6,4,6,1.15,2693,1,0.888,1
1034,6,4,1,0.982,3144,1,0.888,1
1005,6,4,6,1.754,2877,10,0.888,1
1122,6,4,1,0.74,2388,10,0.943,1
1028,6,4,6,0.553,2332,10,0.888,1
1007,6,4,6,0.604,2629,10,0.888,1
1089,6,4,1,1.396,2761,10,0.943,1
987,6,4,6,0.994,2702,1,0.888,1
898,6,4,6,0.951,2544,1,0.888,1
1294,6,4,1,1.484,3416,10,0.943,1
1031,6,4,6,1.52,2874,1,0.888,1
928,6,4,6,0.493,1861,1,0.888,1
1112,6,4,1,0.97,3499,10,0.943,1
1184,6,4,1,1.313,3157,10,0.888,1
1062,6,4,1,0.847,2698,1,0.888,1
1073,6,4,1,0.847,2696,10,0.943,1
1048,6,4,1,1.002,2303,10,0.888,1
1184,6,4,1,0.791,2845,1,0.943,1
1083,6,4,6,0.66,2378,1,0.888,1
1092,6,4,1,1.758,2993,1,0.943,1
1115,6,4,1,0.847,2323,1,0.943,1
1166,6,4,1,0.899,2718,10,0.943,1
1148,6,4,1,0.266,1980,1,0.888,1
1105,6,4,6,1.726,3393,10,0.888,1
1067,6,4,1,0.966,2595,1,0.943,1
1144,6,4,1,2.009,3073,1,0.943,1
1034,6,4,1,1.344,2662,10,0.943,1
948,6,4,6,0.497,2109,1,0.888,1
1090,6,4,6,1.078,2724,10,0.943,1
1051,6,4,1,1.504,3544,1,0.943,1
973,6,4,6,1.329,2812,10,0.943,1
1096,6,4,1,0.099,2356,1,0.943,1
1117,6,4,6,0.66,2884,1,0.888,1
1119,6,4,1,1.161,2783,10,0.943,1
991,6,4,1,0.183,2401,10,0.888,1
1138,6,4,6,0.712,2527,10,0.888,1
1011,6,4,1,0.457,2742,1,0.888,1
1160,6,4,1,2.136,3382,1,0.943,1
1203,6,4,1,0.783,2464,10,0.888,1
1090,6,4,6,0.986,2443,1,0.888,1
1135,6,4,1,0.234,2693,1,0.943,1
1037,6,4,6,1.237,3178,10,0.943,1
954,6,4,6,0.33,2222,1,0.943,1
1000,6,4,1,0.831,2948,1,0.943,1
1086,6,4,6,1.524,3014,1,0.888,1
1086,6,4,1,0.417,2349,10,0.943,1
782,6,4,6,0.152,2055,1,0.888,1
1005,6,4,1,0.799,2303,1,0.888,1
907,6,4,6,0.27,2453,10,0.943,1
1014,6,4,1,0.012,2439,1,0.888,1
1116,6,4,1,1.579,3292,10,0.888,1
1062,6,4,1,1.484,2776,1,0.943,1
809,6,4,1,0.302,1999,10,0.888,1
1083,6,4,1,0.533,2480,10,0.943,1
1014,6,4,6,1.11,2965,1,0.888,1
867,6,4,1,0.075,1716,10,0.943,1
1005,6,4,1,1.392,3161,1,0.943,1
1243,6,4,6,1.512,3083,10,0.943,1
1065,6,4,1,0.573,2638,1,0.943,1
1115,6,4,6,1.018,2679,1,0.888,1
940,6,4,6,0.29,2056,1,0.888,1
963,6,4,6,0.974,2897,1,0.888,1
864,6,4,6,0.827,2380,1,0.888,1
877,6,4,1,0.164,1964,10,0.888,1
1056,6,4,1,1.313,3006,1,0.888,1
976,6,4,6,0.565,2523,10,0.943,1
945,6,4,6,1.858,2984,1,0.888,1
1057,6,4,1,1.15,3060,1,0.888,1
922,6,4,6,1.782,3397,10,0.888,1
936,6,4,6,0.31,2310,10,0.888,1
1086,6,4,1,0.62,2451,10,0.943,1
1035,6,4,6,1.34,2739,1,0.943,1
973,6,4,6,0.99,2817,1,0.888,1
877,6,4,6,0.732,2540,10,0.943,1
851,6,4,1,0.059,2356,1,0.888,1
1047,6,4,1,0.724,2516,1,0.888,1
989,6,4,1,1.504,2867,10,0.888,1
1003,6,4,6,0.433,2450,1,0.943,1
1091,6,4,1,0.206,2312,10,0.943,1
964,6,4,6,1.034,2658,1,0.888,1
1090,6,4,1,0.819,3160,10,0.943,1
1056,6,4,1,0.696,2694,1,0.943,1
892,6,4,1,1.002,2609,1,0.943,1
1067,6,4,6,1.265,2959,1,0.888,1
1141,6,4,6,0.465,3064,10,0.888,1
1039,6,4,6,1.054,2749,1,0.943,1
979,6,4,1,0.863,2754,10,0.943,1
980,6,4,1,0.843,2559,1,0.888,1
1279,6,4,6,1.102,3287,10,0.888,1
902,6,4,1,0.465,2130,1,0.943,1
1013,6,4,1,0.847,2374,10,0.943,1
939,6,4,6,0.343,2372,10,0.888,1
1234,6,4,6,1.337,3181,10,0.888,1
939,6,4,6,0.465,2765,10,0.943,1
993,6,4,1,0.879,2834,10,0.888,1
867,6,4,6,0.347,1640,1,0.943,1
1009,6,4,1,0.66,3037,1,0.943,1
937,6,4,6,0.955,2335,1,0.943,1
1220,6,4,6,0.831,2632,1,0.943,1
1077,6,4,6,1.205,3181,1,0.888,1
1110,6,4,1,0.668,2806,10,0.888,1
1100,6,4,6,0.561,2612,10,0.888,1
1035,6,4,6,0.282,2212,10,0.888,1
1050,6,4,1,0.843,3001,1,0.943,1
1136,6,4,1,1.786,2774,1,0.888,1
1318,6,4,6,2.005,3409,10,0.888,1
1032,6,4,6,1.329,2901,10,0.888,1
949,6,4,1,1.333,2933,10,0.943,1
1046,6,4,1,0.672,3230,10,0.943,1
983,6,4,6,0.716,2528,1,0.888,1
1071,6,4,1,1.002,2776,10,0.943,1
1280,6,4,6,1.902,3052,10,0.888,1
1157,6,4,6,0.943,2724,10,0.943,1
1109,6,4,6,0.644,2029,1,0.888,1
1116,6,4,1,0.819,2760,1,0.943,1
1142,6,4,6,1.356,3214,10,0.888,1
917,6,4,6,0.477,2112,10,0.888,1
945,6,4,1,1.591,3153,10,0.888,1
1022,6,4,6,1.329,3545,10,0.943,1
856,6,4,1,0.075,2160,1,0.888,1
1068,6,4,6,0.326,2862,10,0.943,1
981,6,4,6,0.238,1925,1,0.943,1
1008,6,4,1,1.146,2835,10,0.888,1
925,6,4,1,1.142,1988,1,0.943,1
998,6,4,1,0.262,2183,10,0.943,1
1080,6,4,6,1.126,2695,1,0.943,1
1062,6,4,6,0.501,3049,1,0.943,1
987,6,4,6,0.533,2299,10,0.888,1
1160,6,4,6,0.899,2632,1,0.888,1
1202,6,4,6,1.058,2673,10,0.943,1
1057,6,4,6,0.676,2350,1,0.888,1
1099,6,4,1,0.974,2604,1,0.888,1
1197,6,4,6,1.48,3376,10,0.888,1
975,6,4,1,0.644,2134,1,0.888,1
1172,6,4,1,1.333,3246,10,0.888,1
1122,6,4,1,0.799,2415,10,0.943,1
1103,6,4,6,1.321,3038,1,0.943,1
1042,6,4,6,0.246,2092,10,0.888,1
1089,6,4,6,0.962,2612,1,0.943,1
924,6,4,1,0.676,2419,1,0.943,1
1179,6,4,6,0.863,3076,1,0.888,1
1043,6,4,6,0.091,2386,1,0.888,1
1044,6,4,6,0.156,1437,10,0.888,1
1017,6,4,1,0.815,2003,1,0.888,1
1013,6,4,1,0.525,2399,1,0.888,1
967,6,4,1,0.787,2715,10,0.943,1
999,6,4,1,0.055,2340,1,0.888,1
1201,6,4,6,1.209,3241,10,0.888,1
1031,6,4,1,1.667,2780,10,0.943,1
1053,6,4,1,1.257,2907,1,0.943,1
999,6,4,1,0.795,2399,1,0.888,1
908,6,4,1,0.095,2071,10,0.888,1
1039,6,4,1,1.444,2518,1,0.943,1
890,6,4,6,0.433,2496,10,0.943,1
999,6,4,1,0.947,2900,10,0.888,1
1104,6,4,1,1.13,3065,10,0.888,1
944,6,4,6,0.756,2564,1,0.888,1
1122,6,4,6,1.185,3293,1,0.943,1
1039,6,4,1,0.76,2492,10,0.943,1
1021,6,4,6,0.744,2689,10,0.888,1
1136,6,4,6,0.831,2537,1,0.943,1
916,6,4,1,0.62,2421,1,0.888,1
903,6,4,1,0.592,2492,10,0.943,1
988,6,4,6,0.127,2052,10,0.943,1
1155,6,4,6,1.201,3021,10,0.943,1
1060,6,4,6,1.189,2661,10,0.888,1
1023,6,4,1,0.21,2691,1,0.943,1
1027,6,4,1,1.134,2679,1,0.943,1
1027,6,4,1,0.899,2479,1,0.888,1
1287,6,4,6,1.83,3562,1,0.943,1
1151,6,4,6,0.752,2927,10,0.943,1
1080,6,4,1,0.346,2266,1,0.943,1
1039,6,4,6,0.175,2472,1,0.943,1
865,6,4,6,0.275,2068,1,0.943,1
1041,6,4,1,1.165,2837,1,0.888,1
849,6,4,6,0.588,2194,10,0.888,1
1174,6,4,6,1.691,3128,1,0.888,1
1115,6,4,6,0.68,2201,10,0.888,1
1178,6,4,1,1.842,3166,1,0.888,1
1003,6,4,6,0.974,3046,1,0.943,1
1009,6,4,1,0.851,2626,1,0.943,1
997,6,4,1,0.795,3000,1,0.888,1
1099,6,4,1,1.814,3096,1,0.888,1
1126,6,4,1,1.504,3388,1,0.943,1
1122,6,4,6,1.269,3022,10,0.888,1
1168,6,4,1,1.989,3045,10,0.888,1
1158,6,4,6,0.943,3046,1,0.888,1
980,6,4,6,0.067,2103,10,0.943,1
1078,6,4,6,1.078,3009,10,0.943,1
1059,6,4,1,0.99,2566,10,0.888,1
1017,6,4,6,1.094,2651,10,0.888,1
1167,6,4,6,1.146,2669,1,0.943,1
1161,6,4,1,1.531,3043,1,0.888,1
1001,6,4,6,1.05,2968,1,0.888,1
1033,6,4,6,0.238,2419,1,0.943,1
1104,6,4,6,1.329,3145,10,0.943,1
1095,6,4,6,1.173,3306,10,0.888,1
928,6,4,6,0.573,2632,1,0.888,1
1085,6,4,1,0.752,2870,1,0.943,1
879,6,4,1,0.445,2612,1,0.943,1
1136,6,4,6,1.062,2755,10,0.888,1
1056,6,4,1,0.569,2134,1,0.888,1
999,6,4,6,0.819,2858,10,0.888,1
1099,6,4,1,1.404,3258,1,0.888,1
967,6,4,1,1.122,2893,10,0.888,1
1181,6,4,6,0.565,2588,10,0.943,1
1084,6,4,1,0.628,2411,10,0.888,1
961,6,4,1,0.947,2842,1,0.888,1
1192,6,4,1,1.106,2802,1,0.943,1
1120,6,4,1,0.545,2603,1,0.888,1
1006,6,4,6,1.277,2813,10,0.888,1
926,6,4,1,0.457,1859,10,0.943,1
1068,6,4,6,1.591,2889,1,0.888,1
1172,6,4,1,0.939,2686,10,0.943,1
1280,6,4,1,1.635,3377,10,0.943,1
1125,6,4,6,1.659,2952,1,0.888,1
1155,6,4,1,1.094,2668,10,0.888,1
1181,6,4,1,1.567,3041,1,0.943,1
975,6,4,6,1.134,2722,1,0.888,1
259,6,4,11,0.617,953,12,0.943,0
302,6,4,1,0.768,910,6,0.943,0
322,6,4,11,0.796,912,12,0.943,0
329,6,4,5,0.764,1017,6,0.943,0
344,6,4,11,0.53,989,12,0.943,0
272,6,4,5,0.733,852,6,0.943,0
312,6,4,5,0.876,869,6,0.943,0
292,6,4,1,0.617,858,12,0.943,0
255,6,4,1,0.772,851,12,0.943,0
359,6,4,5,0.486,1042,6,0.943,0
370,6,4,5,0.47,923,12,0.943,0
355,6,4,5,0.39,975,12,0.943,0
305,6,4,5,0.848,877,6,0.943,0
361,6,4,5,0.37,951,12,0.943,0
355,6,4,1,0.482,961,6,0.943,0
341,6,4,1,0.617,985,12,0.943,0
335,6,4,5,0.39,1003,6,0.943,0
330,6,4,1,0.442,1009,6,0.943,0
313,6,4,1,0.776,923,12,0.943,0
310,6,4,11,0.355,1023,12,0.943,0
204,6,4,11,0.82,893,6,0.943,0
295,6,4,5,0.752,962,6,0.943,0
332,6,4,1,0.41,981,12,0.943,0
265,6,4,5,0.852,882,12,0.943,0
277,6,4,11,0.725,948,12,0.943,0
357,6,4,5,0.824,942,6,0.943,0
347,6,4,11,0.502,1089,12,0.943,0
367,6,4,11,0.426,1058,6,0.943,0
256,6,4,5,0.717,967,12,0.943,0
320,6,4,5,0.844,879,6,0.943,0
314,6,4,1,0.621,1034,6,0.943,0
325,6,4,5,0.581,1011,6,0.943,0
322,6,4,5,0.748,986,6,0.943,0
270,6,4,1,0.784,907,6,0.943,0
286,6,4,5,0.474,959,12,0.943,0
265,6,4,1,0.772,942,12,0.943,0
279,6,4,5,1.015,866,6,0.943,0
251,6,4,5,0.856,949,12,0.943,0
315,6,4,11,0.772,971,12,0.943,0
303,6,4,11,0.577,972,6,0.943,0
277,6,4,1,0.912,828,6,0.943,0
304,6,4,11,0.55,932,12,0.943,0
290,6,4,11,1.055,791,12,0.943,0
337,6,4,1,0.721,929,6,0.943,0
277,6,4,11,0.633,877,6,0.943,0
262,6,4,11,0.279,1124,12,0.943,0
269,6,4,5,0.669,976,6,0.943,0
317,6,4,1,0.88,889,12,0.943,0
338,6,4,5,0.613,1024,12,0.943,0
283,6,4,5,0.884,892,12,0.943,0
339,6,4,5,0.82,958,6,0.943,0
373,6,4,11,0.573,920,12,0.943,0
299,6,4,1,0.565,970,6,0.943,0
341,6,4,11,0.597,941,6,0.943,0
249,6,4,11,0.741,934,6,0.943,0
288,6,4,11,0.43,1034,6,0.943,0
347,6,4,5,0.637,969,12,0.943,0
365,6,4,5,0.542,965,6,0.943,0
319,6,4,1,0.625,1022,6,0.943,0
316,6,4,1,0.776,947,12,0.943,0
298,6,4,11,0.554,987,6,0.943,0
341,6,4,11,0.768,892,6,0.943,0
379,6,4,1,0.355,1001,6,0.943,0
298,6,4,5,0.589,914,12,0.943,0
241,6,4,5,1.039,850,12,0.943,0
259,6,4,5,0.689,954,6,0.943,0
364,6,4,1,0.876,914,12,0.943,0
246,6,4,11,0.752,823,12,0.943,0
290,6,4,11,0.756,990,12,0.943,0
274,6,4,1,0.784,869,6,0.943,0
260,6,4,5,0.741,902,6,0.943,0
333,6,4,5,0.573,960,12,0.943,0
307,6,4,5,0.605,991,12,0.943,0
265,6,4,1,1.015,864,6,0.943,0
300,6,4,11,0.856,887,12,0.943,0
330,6,4,1,0.76,970,12,0.943,0
352,6,4,11,0.434,963,6,0.943,0
266,6,4,11,0.585,987,6,0.943,0
277,6,4,11,0.776,898,6,0.943,0
333,6,4,1,0.573,1031,12,0.943,0
372,6,4,5,0.255,989,6,0.943,0
378,6,4,1,0.53,1077,12,0.943,0
279,6,4,5,0.725,909,12,0.943,0
257,6,4,1,1.218,888,12,0.943,0
357,6,4,5,0.561,1075,6,0.943,0
254,6,4,11,0.669,944,6,0.943,0
304,6,4,5,0.888,820,6,0.943,0
314,6,4,5,0.729,950,6,0.943,0
375,6,4,5,0.876,941,6,0.943,0
390,6,4,5,0.474,1055,12,0.943,0
349,6,4,1,0.263,1011,12,0.943,0
325,6,4,5,0.669,906,6,0.943,0
339,6,4,11,0.633,911,6,0.943,0
266,6,4,5,0.9,846,12,0.943,0
310,6,4,5,0.331,1037,12,0.943,0
267,6,4,5,0.987,836,12,0.943,0
337,6,4,11,0.633,1035,12,0.943,0
300,6,4,11,0.824,957,6,0.943,0
329,6,4,11,0.685,1007,6,0.943,0
211,6,4,1,0.534,946,6,0.943,0
366,6,4,1,0.569,970,6,0.943,0
237,6,4,11,0.756,839,12,0.943,0
348,6,4,1,0.685,1027,12,0.943,0
254,6,4,11,0.713,1024,6,0.943,0
313,6,4,11,0.741,1009,12,0.943,0
310,6,4,1,0.43,998,6,0.943,0
318,6,4,11,0.605,969,6,0.943,0
289,6,4,5,0.76,971,6,0.943,0
311,6,4,5,0.625,1018,6,0.943,0
244,6,4,11,0.597,947,12,0.943,0
229,6,4,11,0.864,935,6,0.943,0
345,6,4,5,0.474,954,6,0.943,0
214,6,4,5,0.908,861,12,0.943,0
366,6,4,5,0.637,1022,6,0.943,0
294,6,4,11,0.788,952,12,0.943,0
239,6,4,1,0.828,856,12,0.943,0
302,6,4,1,0.542,973,6,0.943,0
301,6,4,5,0.868,996,6,0.943,0
341,6,4,1,0.418,923,12,0.943,0
220,6,4,1,0.677,948,12,0.943,0
349,6,4,11,0.494,953,6,0.943,0
354,6,4,5,0.557,1055,12,0.943,0
226,6,4,5,0.752,969,6,0.943,0
293,6,4,11,0.534,978,12,0.943,0
311,6,4,5,0.84,926,12,0.943,0
239,6,4,5,0.601,873,6,0.943,0
358,6,4,11,0.645,906,12,0.943,0
369,6,4,5,0.601,875,12,0.943,0
400,6,4,1,0.752,947,6,0.943,0
293,6,4,1,0.474,1022,12,0.943,0
279,6,4,11,0.967,833,6,0.943,0
433,6,4,11,0.068,1065,12,0.943,0
441,6,4,5,0.486,1077,6,0.943,0
254,6,4,1,0.987,863,6,0.943,0
330,6,4,11,0.78,1010,6,0.943,0
348,6,4,1,0.561,854,12,0.943,0
444,6,4,11,0.211,1034,12,0.943,0
255,6,4,1,1.047,848,12,0.943,0
309,6,4,1,0.231,1057,12,0.943,0
309,6,4,11,0.55,1038,12,0.943,0
393,6,4,1,0.323,973,6,0.943,0
236,6,4,11,0.8,888,6,0.943,0
349,6,4,11,0.609,976,12,0.943,0
282,6,4,11,0.482,965,6,0.943,0
232,6,4,5,0.661,920,12,0.943,0
320,6,4,11,0.84,916,6,0.943,0
269,6,4,1,0.597,937,6,0.943,0
285,6,4,11,0.673,934,12,0.943,0
326,6,4,11,1.011,866,12,0.943,0
246,6,4,5,0.844,943,12,0.943,0
328,6,4,1,0.482,869,12,0.943,0
338,6,4,5,0.355,1084,12,0.943,0
367,6,4,5,0.514,1058,6,0.943,0
392,6,4,5,0.295,1060,6,0.943,0
328,6,4,1,0.422,1070,12,0.943,0
283,6,4,5,0.53,973,12,0.943,0
358,6,4,5,0.231,1146,6,0.943,0
377,6,4,11,0.888,987,12,0.943,0
314,6,4,5,0.721,935,12,0.943,0
260,6,4,5,0.637,1017,12,0.943,0
310,6,4,5,0.645,977,6,0.943,0
362,6,4,1,0.581,883,6,0.943,0
329,6,4,11,0.669,1023,6,0.943,0
282,6,4,11,0.609,987,12,0.943,0
352,6,4,5,0.366,1029,12,0.943,0
379,6,4,1,0.617,980,6,0.943,0
224,6,4,1,0.776,928,6,0.943,0
354,6,4,11,0.51,995,12,0.943,0
268,6,4,5,0.844,775,6,0.943,0
423,6,4,1,0.741,918,6,0.943,0
296,6,4,11,0.788,942,12,0.943,0
311,6,4,1,0.637,977,6,0.943,0
340,6,4,1,0.808,993,12,0.943,0
374,6,4,5,0.741,913,6,0.943,0
258,6,4,1,0.705,921,12,0.943,0
292,6,4,1,0.86,900,12,0.943,0
295,6,4,1,0.713,973,6,0.943,0
310,6,4,1,0.45,915,12,0.943,0
308,6,4,11,0.454,924,12,0.943,0
357,6,4,5,0.546,973,6,0.943,0
315,6,4,5,0.39,999,12,0.943,0
312,6,4,11,0.744,916,6,0.943,0
214,6,4,11,0.649,1015,6,0.943,0
304,6,4,1,0.756,893,12,0.943,0
328,6,4,5,0.693,944,12,0.943,0
320,6,4,5,0.816,861,12,0.943,0
283,6,4,1,0.303,1017,12,0.943,0
308,6,4,5,0.231,1076,6,0.943,0
280,6,4,1,0.999,863,6,0.943,0
293,6,4,1,0.705,957,6,0.943,0
275,6,4,11,0.729,956,6,0.943,0
341,6,4,11,0.386,926,12,0.943,0
380,6,4,11,0.307,1123,6,0.943,0
295,6,4,1,0.39,981,6,0.943,0
251,6,4,5,0.39,1026,12,0.943,0
372,6,4,11,0.406,1001,6,0.943,0
261,6,4,11,0.796,923,12,0.943,0
287,6,4,11,0.82,924,6,0.943,0
328,6,4,5,0.752,945,6,0.943,0
182,6,4,5,1.31,714,6,0.943,0
372,6,4,5,0.689,977,6,0.943,0
329,6,4,1,0.446,1052,12,0.943,0
427,6,4,1,0.382,1083,6,0.943,0
260,6,4,11,0.932,805,12,0.943,0
214,6,4,5,0.649,860,6,0.943,0
381,6,4,1,0.402,984,6,0.943,0
315,6,4,5,0.84,926,12,0.943,0
255,6,4,11,0.665,904,12,0.943,0
290,6,4,5,0.764,885,12,0.943,0
412,6,4,1,0.554,1003,12,0.943,0
322,6,4,11,0.454,924,12,0.943,0
361,6,4,11,0.832,855,6,0.943,0
420,6,4,11,0.398,1026,6,0.943,0
231,6,4,1,0.784,806,6,0.943,0
328,6,4,1,0.482,1009,6,0.943,0
256,6,4,1,0.653,875,6,0.943,0
330,6,4,11,0.677,1022,6,0.943,0
243,6,4,1,0.418,1009,12,0.943,0
299,6,4,5,0.693,1002,6,0.943,0
410,6,4,11,0.291,1064,12,0.943,0
394,6,4,11,0.363,1047,12,0.943,0
233,6,4,1,0.522,1014,6,0.943,0
309,6,4,5,0.518,902,6,0.943,0
299,6,4,1,0.673,958,6,0.943,0
266,6,4,11,0.689,927,6,0.943,0
227,6,4,1,1.011,831,6,0.943,0
222,6,4,11,0.729,929,6,0.943,0
338,6,4,5,0.748,884,12,0.943,0
296,6,4,5,0.279,1038,12,0.943,0
279,6,4,11,0.434,901,6,0.943,0
285,6,4,11,0.908,897,12,0.943,0
318,6,4,1,0.665,909,12,0.943,0
272,6,4,11,0.581,942,12,0.943,0
264,6,4,11,0.864,866,12,0.943,0
290,6,4,1,0.768,940,6,0.943,0
331,6,4,1,0.609,1062,12,0.943,0
329,6,4,5,0.55,1039,12,0.943,0
277,6,4,1,0.649,882,6,0.943,0
233,6,4,11,0.466,951,12,0.943,0
319,6,4,1,0.653,961,12,0.943,0
262,6,4,1,0.585,935,12,0.943,0
251,6,4,1,0.768,936,12,0.943,0
272,6,4,5,0.748,934,6,0.943,0
309,6,4,5,0.303,996,6,0.943,0
283,6,4,5,1.035,926,6,0.943,0
276,6,4,5,0.832,806,12,0.943,0
247,6,4,5,0.657,992,12,0.943,0
318,6,4,1,0.665,995,6,0.943,0
307,6,4,11,0.665,882,6,0.943,0
285,6,4,1,0.665,922,6,0.943,0
466,6,4,1,0.514,1002,6,0.943,0
338,6,4,11,0.597,990,6,0.943,0
322,6,4,1,0.697,1007,6,0.943,0
245,6,4,11,0.768,821,6,0.943,0
315,6,4,11,0.693,898,6,0.943,0
310,6,4,1,0.498,1055,12,0.943,0
230,6,4,11,0.868,783,6,0.943,0
252,6,4,5,0.53,874,6,0.943,0
336,6,4,1,0.689,903,12,0.943,0
268,6,4,5,0.796,837,6,0.943,0
279,6,4,11,0.928,910,12,0.943,0
298,6,4,5,0.916,874,6,0.943,0
228,6,4,5,0.772,857,6,0.943,0
433,6,4,5,0.191,1090,12,0.943,0
286,6,4,11,0.689,913,12,0.943,0
252,6,4,5,0.589,961,6,0.943,0
371,6,4,5,0.382,1026,6,0.943,0
402,6,4,1,0.41,1033,12,0.943,0
249,6,4,1,1.003,894,12,0.943,0
329,6,4,11,0.721,919,12,0.943,0
365,6,4,5,0.386,1092,12,0.943,0
232,6,4,5,0.701,959,6,0.943,0
238,6,4,5,0.629,1022,12,0.943,0
305,6,4,1,0.665,935,12,0.943,0
325,6,4,5,0.414,955,6,0.943,0
308,6,4,1,0.45,1021,12,0.943,0
172,6,4,11,1.31,816,12,0.943,0
291,6,4,11,0.589,948,12,0.943,0
297,6,4,11,0.824,908,12,0.943,0
314,6,4,5,0.796,933,12,0.943,0
317,6,4,11,0.776,934,6,0.943,0
412,6,4,5,0.39,1031,6,0.943,0
207,6,4,1,0.935,830,12,0.943,0
239,6,4,1,0.721,858,12,0.943,0
409,6,4,11,0.824,1028,12,0.943,0
233,6,4,11,0.943,856,12,0.943,0
291,6,4,5,0.804,925,6,0.943,0
277,6,4,5,0.848,942,12,0.943,0
278,6,4,11,0.904,922,12,0.943,0
310,6,4,11,0.677,960,6,0.943,0
250,6,4,11,0.776,906,12,0.943,0
315,6,4,5,0.645,1008,12,0.943,0
325,6,4,11,0.888,835,12,0.943,0
355,6,4,11,0.569,994,6,0.943,0
356,6,4,1,0.446,1020,12,0.943,0
356,6,4,11,0.478,1063,6,0.943,0
242,6,4,5,0.999,863,12,0.943,0
208,6,4,5,0.872,898,12,0.943,0
425,6,4,11,0.542,1010,12,0.943,0
379,6,4,1,0.824,976,6,0.943,0
416,6,4,11,0.557,984,6,0.943,0
274,6,4,11,0.629,930,6,0.943,0
409,6,4,11,0.514,1064,6,0.943,0
250,6,4,1,0.756,916,6,0.943,0
331,6,4,1,0.275,1042,6,0.943,0
311,6,4,11,0.45,970,6,0.943,0
279,6,4,5,0.697,980,12,0.943,0
299,6,4,1,0.414,1011,6,0.943,0
338,6,4,5,0.812,972,6,0.943,0
257,6,4,1,0.828,924,12,0.943,0
282,6,4,1,0.721,890,12,0.943,0
307,6,4,5,0.613,933,12,0.943,0
303,6,4,5,0.868,910,6,0.943,0
285,6,4,1,0.697,968,12,0.943,0
301,6,4,1,0.311,988,6,0.943,0
323,6,4,11,0.713,912,6,0.943,0
293,6,4,5,0.824,866,12,0.943,0
332,6,4,11,0.689,952,12,0.943,0
208,6,4,11,0.522,1018,12,0.943,0
271,6,4,11,0.924,873,6,0.943,0
368,6,4,5,0.53,1015,12,0.943,0
253,6,4,1,0.585,976,12,0.943,0
302,6,4,1,0.82,961,6,0.943,0
198,6,4,1,1.158,907,6,0.943,0
281,6,4,5,0.792,849,6,0.943,0
333,6,4,11,0.82,918,12,0.943,0
298,6,4,11,0.844,928,12,0.943,0
236,6,4,5,0.573,937,12,0.943,0
312,6,4,5,0.351,1032,6,0.943,0
277,6,4,5,0.812,977,6,0.943,0
279,6,4,5,0.832,873,6,0.943,0
247,6,4,11,0.653,1003,12,0.943,0
312,6,4,1,0.347,972,12,0.943,0
216,6,4,5,0.717,918,12,0.943,0
369,6,4,11,0.641,947,12,0.943,0
286,6,4,11,0.589,1021,6,0.943,0
296,6,4,1,0.924,854,6,0.943,0
359,6,4,5,0.585,924,12,0.943,0
324,6,4,11,0.653,964,12,0.943,0
234,6,4,1,0.649,971,12,0.943,0
288,6,4,1,0.546,967,6,0.943,0
289,6,4,1,0.609,1032,12,0.943,0
244,6,4,11,0.713,923,6,0.943,0
342,6,4,11,0.378,984,6,0.943,0
338,6,4,11,0.49,1012,12,0.943,0
382,6,4,11,0.386,1039,12,0.943,0
243,6,4,1,0.689,935,6,0.943,0
282,6,4,1,0.701,960,6,0.943,0
318,6,4,5,0.82,860,6,0.943,0
361,6,4,5,0.689,986,12,0.943,0
257,6,4,11,0.963,859,6,0.943,0
288,6,4,1,0.812,961,12,0.943,0
259,6,4,1,0.693,929,12,0.943,0
801,6,4,7,0.803,2606,6,0.943,1
806,6,4,10,1.452,2961,6,0.888,1
522,6,4,7,0.266,2281,6,0.888,1
1054,6,4,10,1.352,2953,6,0.888,1
688,4,4,7,1.707,3237,6,0.943,1
914,4,4,7,1.746,3548,6,0.888,1
942,4,4,10,2.291,3408,6,0.888,1
948,6,4,7,1.022,2575,6,0.888,1
1037,6,4,7,2.152,2838,6,0.943,1
897,6,4,10,1.718,3163,6,0.943,1
693,6,4,10,2.116,3082,6,0.943,1
915,6,4,10,1.468,3000,6,0.943,1
747,6,4,10,1.376,3298,6,0.943,1
778,4,4,7,1.348,2588,6,0.943,1
823,6,4,10,0.744,2609,6,0.943,1
908,6,4,7,0.823,2388,6,0.888,1
865,6,4,10,1.675,3024,6,0.888,1
872,6,4,7,1.472,2951,6,0.943,1
846,6,4,7,1.718,3008,6,0.888,1
921,4,4,7,1.4,3033,6,0.943,1
1120,6,4,10,1.555,2885,6,0.943,1
1246,6,4,10,2.725,3324,6,0.888,1
905,6,4,10,1.555,2925,6,0.888,1
779,4,4,10,1.126,2730,6,0.943,1
994,6,4,10,1.293,3026,6,0.888,1
1151,4,4,10,2.108,3095,6,0.888,1
759,4,4,10,0.899,2960,6,0.943,1
888,6,4,7,1.806,3287,6,0.943,1
946,6,4,10,2.343,3037,6,0.888,1
1074,6,4,7,2.49,3228,6,0.943,1
917,6,4,10,2.104,3550,6,0.888,1
1015,6,4,10,0.799,2570,6,0.888,1
827,4,4,7,1.81,2896,6,0.888,1
1180,4,4,7,1.822,3091,6,0.888,1
919,6,4,7,1.631,3078,6,0.888,1
967,4,4,10,1.615,2685,6,0.888,1
902,6,4,10,1.094,3103,6,0.888,1
909,6,4,7,1.961,3000,6,0.943,1
1040,4,4,10,1.953,3377,6,0.888,1
1255,4,4,10,2.057,3368,6,0.943,1
723,6,4,10,0.771,2504,6,0.943,1
1153,4,4,7,1.691,3004,6,0.888,1
1100,4,4,10,0.62,2725,6,0.943,1
678,4,4,7,0.374,2343,6,0.888,1
705,4,4,7,1.356,3076,6,0.943,1
776,4,4,7,0.871,2694,6,0.888,1
1004,4,4,10,1.651,3146,6,0.943,1
735,4,4,7,0.779,2225,6,0.888,1
1022,4,4,10,1.87,3030,6,0.943,1
912,6,4,7,1.436,2615,6,0.888,1
1138,4,4,7,1.882,3237,6,0.888,1
791,4,4,7,0.612,2444,6,0.888,1
845,4,4,10,2.347,2913,6,0.888,1
659,4,4,10,0.978,2496,6,0.888,1
804,4,4,7,1.209,2840,6,0.888,1
675,6,4,7,1.973,3170,6,0.888,1
538,6,4,7,0.238,2451,6,0.888,1
1007,4,4,7,1.921,3221,6,0.888,1
948,6,4,7,1.639,3168,6,0.943,1
710,4,4,7,1.607,3179,6,0.888,1
564,6,4,7,1.305,2437,6,0.888,1
1038,6,4,7,1.715,3038,6,0.943,1
1047,4,4,7,2.037,3450,6,0.943,1
929,6,4,10,0.939,2900,6,0.888,1
1066,6,4,7,1.933,3329,6,0.943,1
899,6,4,10,1.416,2768,6,0.943,1
1012,4,4,10,1.428,2823,6,0.888,1
850,4,4,10,1.627,3046,6,0.888,1
1031,4,4,7,1.913,2861,6,0.943,1
761,6,4,7,1.384,2568,6,0.943,1
697,4,4,7,1.102,2711,6,0.888,1
1098,4,4,10,1.862,3193,6,0.888,1
911,4,4,7,0.994,2811,6,0.943,1
971,4,4,10,1.953,2907,6,0.888,1
977,4,4,10,1.953,2816,6,0.943,1
916,4,4,7,1.146,2291,6,0.943,1
908,4,4,7,1.516,3101,6,0.888,1
668,4,4,7,1.11,2978,6,0.888,1
1041,4,4,10,1.528,2815,6,0.943,1
990,6,4,7,1.09,2759,6,0.888,1
949,4,4,7,1.587,3060,6,0.888,1
999,4,4,10,1.333,3035,6,0.888,1
960,4,4,10,2.725,3229,6,0.888,1
926,4,4,7,2.18,3100,6,0.888,1
750,6,4,7,1.404,3004,6,0.888,1
896,6,4,10,0.736,2544,6,0.888,1
883,6,4,10,1.452,2943,6,0.943,1
761,4,4,10,1.261,3014,6,0.888,1
1184,4,4,7,1.866,3374,6,0.888,1
973,6,4,7,2.116,3156,6,0.888,1
967,6,4,10,0.97,2727,6,0.888,1
919,4,4,10,2.037,3260,6,0.943,1
897,6,4,10,2.598,3392,6,0.943,1
877,4,4,7,1.416,2863,6,0.943,1
1092,4,4,10,1.476,2818,6,0.943,1
873,6,4,10,2.168,3328,6,0.888,1
945,4,4,10,1.078,3007,6,0.943,1
1034,6,4,7,1.531,3279,6,0.943,1
675,4,4,10,1.468,3201,6,0.943,1
844,6,4,10,0.756,2717,6,0.943,1
1034,4,4,10,1.591,3322,6,0.888,1
537,4,4,7,1.046,2932,6,0.943,1
1022,6,4,10,1.615,3331,6,0.888,1
955,6,4,7,1.337,2866,6,0.943,1
790,6,4,7,1.321,2941,6,0.943,1
634,4,4,10,1.528,2733,6,0.943,1
930,6,4,7,1.325,3007,6,0.943,1
856,4,4,10,1.348,2788,6,0.888,1
852,6,4,7,1.898,3237,6,0.888,1
838,4,4,10,0.656,2305,6,0.943,1
860,4,4,7,1.344,2710,6,0.888,1
911,4,4,10,1.034,2942,6,0.888,1
714,6,4,10,1.134,2980,6,0.943,1
776,4,4,10,1.42,2344,6,0.943,1
775,6,4,7,0.915,2987,6,0.888,1
972,4,4,7,1.412,2802,6,0.943,1
701,4,4,10,1.325,2746,6,0.943,1
824,6,4,7,0.831,2451,6,0.888,1
1013,4,4,7,1.5,3362,6,0.943,1
926,6,4,10,1.738,3174,6,0.943,1
819,4,4,7,1.496,2679,6,0.888,1
1062,6,4,7,2.029,2819,6,0.943,1
787,6,4,10,0.612,2996,6,0.943,1
828,6,4,10,1.082,2315,6,0.888,1
992,6,4,7,1.277,2761,6,0.943,1
900,4,4,10,1.412,3110,6,0.943,1
989,4,4,7,1.667,2977,6,0.888,1
852,4,4,7,1.488,3009,6,0.943,1
1091,4,4,7,1.722,2926,6,0.888,1
746,6,4,10,2.061,3130,6,0.888,1
859,6,4,7,2.244,3003,6,0.943,1
805,4,4,7,1.528,2455,6,0.888,1
1134,6,4,10,1.917,3186,6,0.943,1
962,4,4,10,1.464,2807,6,0.888,1
888,4,4,7,1.281,2956,6,0.943,1
707,4,4,7,1.078,2594,6,0.888,1
1198,6,4,7,2.634,3359,6,0.943,1
1090,6,4,7,1.356,2782,6,0.888,1
955,4,4,7,1.587,2933,6,0.888,1
1054,6,4,7,2.009,3226,6,0.888,1
890,4,4,10,0.795,3112,6,0.888,1
1038,4,4,7,2.482,3471,6,0.943,1
878,4,4,7,1.062,2902,6,0.943,1
993,6,4,10,2.28,3287,6,0.888,1
922,6,4,10,1.118,3072,6,0.943,1
808,4,4,10,1.715,2991,6,0.888,1
991,6,4,7,1.623,2816,6,0.943,1
754,6,4,10,1.169,2564,6,0.888,1
1059,6,4,7,2.769,3410,6,0.888,1
1063,4,4,10,2.391,3416,6,0.943,1
880,4,4,10,1.651,2775,6,0.943,1
770,6,4,7,0.481,2330,6,0.943,1
928,4,4,10,1.834,3136,6,0.888,1
1093,6,4,10,1.476,2781,6,0.943,1
665,6,4,7,1.01,2540,6,0.888,1
892,4,4,10,1.969,3161,6,0.943,1
759,6,4,7,2.049,3063,6,0.888,1
796,4,4,7,0.883,2945,6,0.888,1
978,4,4,7,1.424,3138,6,0.943,1
1249,6,4,10,2.638,3344,6,0.943,1
1034,4,4,7,2.522,3235,6,0.888,1
654,4,4,10,1.846,2969,6,0.943,1
1048,4,4,10,1.766,2966,6,0.888,1
758,6,4,7,1.611,2913,6,0.888,1
837,6,4,7,1.543,3021,6,0.943,1
680,6,4,10,0.887,2536,6,0.888,1
813,4,4,7,1.921,3064,6,0.888,1
1071,6,4,10,1.802,3206,6,0.943,1
933,4,4,7,1.142,2832,6,0.888,1
1101,6,4,10,1.742,2920,6,0.943,1
1152,6,4,10,1.15,3054,6,0.943,1
896,4,4,7,1.722,3261,6,0.888,1
810,4,4,10,1.715,2975,6,0.888,1
875,4,4,10,0.859,2773,6,0.943,1
657,6,4,7,0.935,2625,6,0.943,1
722,4,4,7,1.333,2643,6,0.888,1
1076,6,4,7,1.352,2944,6,0.943,1
796,4,4,10,1.054,2626,6,0.943,1
902,4,4,7,2.403,2993,6,0.943,1
834,4,4,10,1.157,2895,6,0.888,1
1044,4,4,10,0.577,2544,6,0.943,1
800,4,4,10,1.651,3097,6,0.943,1
633,6,4,7,1.412,2956,6,0.888,1
1049,4,4,7,1.898,3313,6,0.943,1
833,4,4,7,0.437,2584,6,0.943,1
1065,4,4,10,1.551,3256,6,0.943,1
1220,6,4,10,2.053,3179,6,0.888,1
913,6,4,10,1.297,2641,6,0.943,1
1007,6,4,10,1.898,3109,6,0.943,1
1122,4,4,7,1.13,3004,6,0.888,1
956,6,4,7,1.957,3049,6,0.943,1
736,4,4,10,1.516,2984,6,0.943,1
1022,4,4,7,1.933,3109,6,0.943,1
1128,4,4,7,1.699,2776,6,0.943,1
972,4,4,7,1.834,3398,6,0.888,1
1060,4,4,10,1.432,3105,6,0.888,1
1014,6,4,10,2.156,3555,6,0.888,1
700,6,4,7,0.871,2532,6,0.943,1
775,6,4,10,0.744,2621,6,0.888,1
967,6,4,7,1.651,3251,6,0.943,1
941,6,4,10,1.106,2872,6,0.943,1
833,6,4,10,0.664,2799,6,0.943,1
838,6,4,10,1.826,3001,6,0.888,1
811,6,4,7,1.902,3242,6,0.943,1
924,6,4,10,1.738,2732,6,0.943,1
978,4,4,10,2.295,3074,6,0.943,1
795,4,4,7,2.586,3233,6,0.943,1
990,6,4,7,1.703,3016,6,0.943,1
534,4,4,7,1.392,2443,6,0.888,1
938,4,4,10,1.655,2707,6,0.943,1
867,4,4,7,1.651,3092,6,0.888,1
810,6,4,10,1.122,2571,6,0.943,1
853,4,4,7,1.086,2733,6,0.943,1
854,4,4,10,1.611,2683,6,0.943,1
803,4,4,7,1.619,3358,6,0.943,1
671,6,4,7,1.261,2651,6,0.888,1
992,4,4,7,1.957,3091,6,0.888,1
815,4,4,10,1.281,2823,6,0.888,1
924,6,4,7,1.257,2886,6,0.943,1
1072,6,4,7,1.623,3144,6,0.943,1
1003,6,4,10,2.037,3123,6,0.943,1
879,6,4,7,1.81,3114,6,0.943,1
948,6,4,7,1.559,3296,6,0.943,1
1036,4,4,7,2.335,3149,6,0.943,1
1102,4,4,10,1.062,2773,6,0.943,1
734,4,4,7,1.098,2747,6,0.888,1
732,4,4,10,0.835,3053,6,0.888,1
589,6,4,7,2.029,2840,6,0.888,1
1044,6,4,10,1.906,2866,6,0.888,1
875,4,4,7,1.87,3151,6,0.943,1
867,6,4,10,2.769,3266,6,0.888,1
659,6,4,10,1.054,2789,6,0.943,1
754,4,4,10,0.99,2642,6,0.888,1
809,6,4,10,1.313,2829,6,0.888,1
987,6,4,7,1.317,3392,6,0.888,1
1017,4,4,10,1.635,3020,6,0.943,1
1115,6,4,7,1.695,2711,6,0.943,1
542,6,4,7,0.815,2438,6,0.943,1
814,4,4,7,1.508,2873,6,0.888,1
992,6,4,7,1.858,2919,6,0.943,1
793,6,4,7,1.257,2869,6,0.888,1
747,4,4,10,0.584,2455,6,0.943,1
855,4,4,10,1.858,3384,6,0.888,1
824,4,4,7,1.687,3086,6,0.943,1
875,4,4,10,0.907,2449,6,0.888,1
833,6,4,7,1.356,2768,6,0.943,1
711,4,4,7,1.444,2793,6,0.943,1
899,6,4,10,1.679,2997,6,0.943,1
831,4,4,10,0.604,2621,6,0.943,1
790,4,4,10,2.144,3510,6,0.943,1
973,6,4,7,1.042,2893,6,0.888,1
752,4,4,10,1.44,2699,6,0.943,1
1002,6,4,7,1.285,2601,6,0.943,1
907,4,4,7,1.15,2732,6,0.943,1
829,4,4,10,1.758,3202,6,0.943,1
871,6,4,10,0.569,1967,6,0.943,1
1097,6,4,7,2.216,3331,6,0.943,1
1050,4,4,10,1.221,2742,6,0.888,1
944,6,4,7,1.337,2819,6,0.943,1
643,6,4,7,1.237,2449,6,0.888,1
890,6,4,7,1.746,2987,6,0.888,1
1024,6,4,7,1.611,3072,6,0.888,1
1168,4,4,10,1.253,3183,6,0.888,1
893,4,4,10,1.01,2296,6,0.888,1
891,6,4,10,1.925,2647,6,0.888,1
770,4,4,7,1.054,2603,6,0.888,1
852,6,4,7,1.703,3242,6,0.888,1
848,6,4,7,2.323,3246,6,0.943,1
1070,6,4,7,0.191,2766,6,0.888,1
894,4,4,10,1.659,3207,6,0.943,1
1094,4,4,10,2.132,3262,6,0.888,1
814,6,4,10,2.065,3424,6,0.888,1
913,4,4,10,1.691,3121,6,0.888,1
797,6,4,10,1.492,2948,6,0.943,1
837,6,4,7,1.364,3105,6,0.943,1
1192,4,4,10,1.742,2969,6,0.943,1
697,6,4,10,1.925,3378,6,0.943,1
1030,6,4,10,1.436,3045,6,0.888,1
514,4,4,7,1.249,2784,6,0.888,1
664,6,4,10,1.508,3017,6,0.943,1
964,4,4,10,1.38,2832,6,0.943,1
861,4,4,7,1.786,2800,6,0.943,1
870,6,4,10,1.273,2789,6,0.943,1
928,4,4,10,1.241,3118,6,0.888,1
1001,6,4,10,1.631,3177,6,0.943,1
756,6,4,7,0.672,2958,6,0.943,1
804,6,4,10,1.408,2785,6,0.888,1
738,4,4,10,0.783,2226,6,0.943,1
1147,4,4,10,2.355,3263,6,0.888,1
927,6,4,7,1.516,2720,6,0.888,1
737,4,4,10,0.294,2081,6,0.943,1
962,4,4,10,1.842,3534,6,0.943,1
764,4,4,10,1.42,2828,6,0.888,1
946,6,4,7,0.6,2291,6,0.943,1
1069,4,4,10,1.615,3235,6,0.943,1
950,4,4,10,1.464,3006,6,0.888,1
967,6,4,7,1.953,2815,6,0.888,1
900,4,4,7,1.528,2970,6,0.888,1
804,6,4,7,1.456,2729,6,0.888,1
766,6,4,10,1.368,2616,6,0.943,1
1004,4,4,7,2.391,3221,6,0.888,1
1042,4,4,7,2.287,3133,6,0.888,1
919,4,4,7,1.595,3109,6,0.888,1
814,6,4,7,1.245,2573,6,0.888,1
778,4,4,10,0.839,2236,6,0.888,1
855,4,4,10,1.77,2972,6,0.943,1
742,6,4,10,0.676,2368,6,0.888,1
952,6,4,10,1.742,2876,6,0.943,1
982,6,4,10,1.75,2965,6,0.888,1
833,4,4,10,1.277,2935,6,0.943,1
757,4,4,7,1.05,2649,6,0.943,1
685,6,4,10,1.496,2711,6,0.943,1
745,6,4,7,1.36,2555,6,0.888,1
747,4,4,10,1.034,2871,6,0.943,1
1002,4,4,7,1.627,3135,6,0.888,1
749,6,4,10,2.144,3046,6,0.943,1
1005,4,4,7,2.427,3223,6,0.888,1
1018,6,4,7,1.87,3301,6,0.888,1
851,4,4,7,1.022,2795,6,0.888,1
828,4,4,10,1.4,2790,6,0.943,1
995,6,4,7,1.38,2861,6,0.943,1
773,4,4,7,1.826,2823,6,0.943,1
1013,6,4,7,2.081,3287,6,0.943,1
1018,4,4,10,1.663,3096,6,0.888,1
1031,4,4,10,1.038,2871,6,0.943,1
817,6,4,10,1.906,3067,6,0.888,1
998,4,4,10,1.384,3024,6,0.888,1
821,6,4,7,1.663,2701,6,0.888,1
639,4,4,7,0.915,2690,6,0.888,1
814,6,4,10,1.52,2565,6,0.943,1
705,4,4,10,1.81,3016,6,0.943,1
894,6,4,7,1.265,2650,6,0.888,1
867,6,4,7,1.687,2600,6,0.888,1
963,6,4,10,1.671,3133,6,0.888,1
833,6,4,10,1.707,3358,6,0.943,1
733,6,4,7,2.144,3048,6,0.888,1
632,6,4,7,0.441,2806,6,0.943,1
1019,6,4,7,1.575,3287,6,0.943,1
885,6,4,10,1.882,2929,6,0.888,1
665,6,4,10,0.974,2716,6,0.888,1
616,6,4,10,0.847,2250,6,0.943,1
1083,4,4,7,1.858,3101,6,0.888,1
775,6,4,7,1.575,3036,6,0.943,1
1217,4,4,10,1.571,3438,6,0.943,1
1017,6,4,7,2.387,3396,6,0.943,1
435,6,4,5,0.498,1203,6,0.888,0
441,6,4,5,0.136,1151,1,0.943,0
420,6,4,5,0.048,1243,1,0.888,0
352,6,4,5,0.82,895,6,0.943,0
409,6,4,5,0.43,1131,1,0.888,0
449,6,4,5,0.473,1187,1,0.943,0
430,6,4,5,0.355,1069,1,0.888,0
379,6,4,5,0.259,1073,6,0.943,0
403,6,4,5,0.693,1059,1,0.888,0
406,6,4,5,0.04,1351,6,0.943,0
408,6,4,5,0.255,1233,6,0.888,0
397,6,4,5,0.426,981,6,0.888,0
407,6,4,5,0.019,1175,1,0.943,0
516,6,4,5,0.234,1217,1,0.943,0
412,6,4,5,0.49,961,1,0.943,0
459,6,4,5,0.238,1166,1,0.888,0
345,6,4,5,0.494,1059,6,0.943,0
378,6,4,5,0.072,1006,1,0.888,0
442,6,4,5,0.267,943,6,0.888,0
346,6,4,5,0.796,950,6,0.943,0
418,6,4,5,0.12,1224,6,0.943,0
401,6,4,5,0.104,1124,1,0.943,0
328,6,4,5,0.693,1072,1,0.888,0
431,6,4,5,0.019,1248,1,0.888,0
376,6,4,5,0.322,1295,1,0.888,0
290,6,4,5,0.577,1021,6,0.888,0
389,6,4,5,0.187,1118,1,0.943,0
339,6,4,5,0.689,868,1,0.888,0
437,6,4,5,0.187,1202,1,0.888,0
304,6,4,5,0.756,849,6,0.943,0
490,6,4,5,0.092,1054,6,0.888,0
296,6,4,5,1.246,888,6,0.943,0
325,6,4,5,0.581,1028,1,0.888,0
399,6,4,5,0.402,1209,6,0.943,0
469,6,4,5,0.338,1144,1,0.888,0
425,6,4,5,0.39,1105,1,0.943,0
375,6,4,5,0.526,1030,6,0.943,0
437,6,4,5,0.359,1074,6,0.888,0
400,6,4,5,0.76,1087,1,0.888,0
335,6,4,5,0.259,1179,6,0.888,0
450,6,4,5,0.378,1291,6,0.943,0
366,6,4,5,0.343,1023,1,0.888,0
423,6,4,5,0.024,1080,1,0.888,0
486,6,4,5,0.088,1207,1,0.943,0
469,6,4,5,0.25,1126,1,0.943,0
481,6,4,5,0.366,1383,6,0.888,0
315,6,4,5,0.955,932,1,0.943,0
384,6,4,5,0.238,1183,6,0.943,0
498,6,4,5,0.25,1131,6,0.943,0
395,6,4,5,0.378,1243,1,0.943,0
362,6,4,5,0.12,1220,6,0.888,0
481,6,4,5,0.119,1331,6,0.943,0
361,6,4,5,0,1049,6,0.943,0
439,6,4,5,0.024,1169,6,0.888,0
342,6,4,5,0.51,897,1,0.943,0
466,6,4,5,0.661,907,1,0.943,0
429,6,4,5,0.458,1119,1,0.943,0
413,6,4,5,0.246,1203,6,0.943,0
417,6,4,5,0.131,1170,6,0.888,0
396,6,4,5,0.231,1170,1,0.943,0
422,6,4,5,0.132,1118,6,0.943,0
377,6,4,5,0.414,1028,6,0.943,0
392,6,4,5,0.569,976,6,0.943,0
367,6,4,5,0.12,1122,1,0.888,0
368,6,4,5,0.187,1025,6,0.888,0
438,6,4,5,0.335,1277,1,0.943,0
352,6,4,5,0.179,1169,1,0.943,0
368,6,4,5,0.657,1053,6,0.888,0
340,6,4,5,0.076,1123,1,0.888,0
387,6,4,5,0.458,1157,1,0.888,0
366,6,4,5,0.056,1072,6,0.888,0
379,6,4,5,0.506,982,1,0.888,0
437,6,4,5,0.016,1184,1,0.888,0
426,6,4,5,0.741,1033,1,0.888,0
352,6,4,5,0.319,1206,1,0.943,0
422,6,4,5,0.426,975,6,0.943,0
349,6,4,5,0.478,974,6,0.943,0
450,6,4,5,0.139,1328,1,0.943,0
268,6,4,5,1.115,887,1,0.943,0
341,6,4,5,0.438,991,6,0.943,0
474,6,4,5,0.108,1168,6,0.888,0
321,6,4,5,0.51,1040,1,0.943,0
432,6,4,5,0.019,1035,6,0.888,0
345,6,4,5,0.096,1191,6,0.943,0
418,6,4,5,0.144,1059,1,0.888,0
354,6,4,5,0.164,996,1,0.888,0
441,6,4,5,0.398,950,1,0.943,0
415,6,4,5,0.008,1062,1,0.943,0
438,6,4,5,0.359,941,6,0.888,0
503,6,4,5,0.338,1253,1,0.943,0
292,6,4,5,0.665,1023,6,0.888,0
329,6,4,5,0.502,1121,6,0.888,0
406,6,4,5,0.363,1157,1,0.943,0
388,6,4,5,0.084,1047,1,0.888,0
409,6,4,5,0.172,1097,6,0.943,0
367,6,4,5,0.744,1011,6,0.943,0
464,6,4,5,0.43,1124,6,0.888,0
370,6,4,5,0.832,969,6,0.943,0
370,6,4,5,0.156,1140,1,0.943,0
406,6,4,5,0.14,1085,6,0.888,0
508,6,4,5,0.465,1150,1,0.888,0
428,6,4,5,0.031,1115,6,0.888,0
396,6,4,5,0.108,982,6,0.943,0
387,6,4,5,0.442,965,6,0.888,0
389,6,4,5,0.359,1243,6,0.888,0
461,6,4,5,0.291,929,6,0.888,0
482,6,4,5,0.363,1119,1,0.888,0
317,6,4,5,0.737,828,1,0.888,0
421,6,4,5,0.287,991,6,0.943,0
399,6,4,5,0.128,1059,6,0.888,0
364,6,4,5,0.335,839,6,0.888,0
396,6,4,5,0.772,1095,6,0.943,0
384,6,4,5,0.689,1036,1,0.943,0
401,6,4,5,0.323,1101,6,0.888,0
420,6,4,5,0.546,1004,6,0.943,0
391,6,4,5,0.028,1017,1,0.943,0
417,6,4,5,0.131,1109,6,0.888,0
389,6,4,5,0.53,1079,6,0.888,0
490,6,4,5,0.004,1115,1,0.888,0
316,6,4,5,0.335,1018,1,0.888,0
416,6,4,5,0.478,1072,1,0.943,0
528,6,4,5,0.056,1271,6,0.888,0
370,6,4,5,0.418,876,6,0.943,0
385,6,4,5,0.446,1049,1,0.888,0
432,6,4,5,0.128,1072,1,0.888,0
460,6,4,5,0.239,1151,6,0.888,0
390,6,4,5,0.481,1248,6,0.943,0
435,6,4,5,0.195,1225,1,0.888,0
306,6,4,5,0.808,860,6,0.943,0
488,6,4,5,0.152,1101,6,0.888,0
523,6,4,5,0.055,1132,1,0.888,0
380,6,4,5,0.032,1089,6,0.888,0
503,6,4,5,0.056,1321,1,0.888,0
370,6,4,5,0.693,1014,6,0.943,0
374,6,4,5,0.621,957,6,0.888,0
449,6,4,5,0.084,1175,1,0.943,0
383,6,4,5,0.318,1161,1,0.888,0
434,6,4,5,0.398,1063,1,0.888,0
335,6,4,5,0.943,877,1,0.943,0
489,6,4,5,0.095,1278,6,0.888,0
439,6,4,5,0.119,1401,6,0.943,0
484,6,4,5,0.179,1099,1,0.888,0
393,6,4,5,0.816,912,6,0.943,0
381,6,4,5,0.434,1177,6,0.888,0
377,6,4,5,0.024,1175,1,0.943,0
440,6,4,5,0.355,1132,6,0.943,0
434,6,4,5,0.14,1173,6,0.943,0
466,6,4,5,0.14,1211,1,0.888,0
436,6,4,5,0.104,1202,6,0.943,0
401,6,4,5,0.047,1102,6,0.888,0
423,6,4,5,0.577,1105,1,0.888,0
416,6,4,5,0.561,1432,1,0.888,0
393,6,4,5,0.554,1012,1,0.943,0
488,6,4,5,0.275,1036,6,0.943,0
427,6,4,5,0.116,1013,1,0.888,0
398,6,4,5,0.581,965,1,0.943,0
384,6,4,5,0.422,1134,1,0.888,0
431,6,4,5,0.156,1135,6,0.888,0
340,6,4,5,1.226,818,6,0.943,0
371,6,4,5,0.394,1067,6,0.888,0
444,6,4,5,0.076,1161,1,0.888,0
355,6,4,5,0.538,932,1,0.943,0
474,6,4,5,0.068,1157,1,0.888,0
493,6,4,5,0.132,1151,6,0.888,0
427,6,4,5,0.152,1105,1,0.943,0
311,6,4,5,0.581,1063,1,0.888,0
347,6,4,5,0.796,858,6,0.943,0
414,6,4,5,0.103,1317,6,0.888,0
354,6,4,5,0.394,1056,6,0.888,0
472,6,4,5,0.004,1213,6,0.943,0
422,6,4,5,0.163,1116,6,0.943,0
434,6,4,5,0.164,1094,6,0.888,0
386,6,4,5,0.565,987,6,0.943,0
433,6,4,5,0.561,1351,6,0.943,0
404,6,4,5,0.032,1223,1,0.943,0
387,6,4,5,0.255,968,6,0.888,0
318,6,4,5,0.187,1002,1,0.888,0
357,6,4,5,0.641,895,1,0.943,0
337,6,4,5,0.713,1043,1,0.943,0
365,6,4,5,0.525,1168,1,0.943,0
329,6,4,5,0.219,1091,1,0.943,0
413,6,4,5,0.327,1081,6,0.943,0
343,6,4,5,0.347,1152,6,0.943,0
329,6,4,5,0.275,1040,1,0.943,0
379,6,4,5,0.673,991,1,0.943,0
423,6,4,5,0.279,1109,1,0.888,0
444,6,4,5,0.319,1073,1,0.888,0
384,6,4,5,0.434,1123,6,0.888,0
388,6,4,5,0.355,1045,1,0.888,0
370,6,4,5,0.227,995,1,0.888,0
519,6,4,5,0.494,1277,1,0.888,0
374,6,4,5,0.343,1033,1,0.888,0
364,6,4,5,0.426,1088,6,0.888,0
389,6,4,5,0.144,1121,1,0.943,0
435,6,4,5,0.218,1127,6,0.888,0
393,6,4,5,0.363,845,6,0.888,0
385,6,4,5,0.41,1094,6,0.943,0
375,6,4,5,0.116,1086,1,0.888,0
401,6,4,5,0.056,1267,6,0.888,0
404,6,4,5,0.311,1094,1,0.943,0
364,6,4,5,0.291,1009,1,0.943,0
426,6,4,5,0.068,1101,6,0.888,0
350,6,4,5,0.557,999,1,0.943,0
424,6,4,5,0.047,1138,1,0.888,0
417,6,4,5,0.262,1285,1,0.943,0
436,6,4,5,0.239,1077,1,0.943,0
367,6,4,5,0.164,1046,1,0.888,0
361,6,4,5,0.506,1014,1,0.888,0
384,6,4,5,0.717,1017,6,0.943,0
432,6,4,5,0.295,1105,1,0.888,0
444,6,4,5,0.251,1197,6,0.943,0
395,6,4,5,0.039,1144,6,0.943,0
390,6,4,5,0.203,1054,6,0.888,0
404,6,4,5,0.474,1062,1,0.943,0
290,6,4,5,0.581,833,1,0.888,0
384,6,4,5,0.55,865,6,0.888,0
404,6,4,5,0.008,1189,6,0.943,0
474,6,4,5,0.019,1228,6,0.888,0
493,6,4,5,0.163,1172,1,0.888,0
408,6,4,5,0.203,1162,6,0.888,0
364,6,4,5,0.498,991,1,0.888,0
419,6,4,5,0.414,1031,1,0.943,0
372,6,4,5,0.219,1081,6,0.888,0
441,6,4,5,0.669,942,6,0.943,0
517,6,4,5,0.019,1258,1,0.943,0
381,6,4,5,0.522,959,6,0.888,0
449,6,4,5,0.33,1139,1,0.888,0
409,6,4,5,0.474,989,6,0.888,0
402,6,4,5,0.311,1168,6,0.943,0
369,6,4,5,0.092,1258,1,0.888,0
348,6,4,5,0.41,853,1,0.888,0
294,6,4,5,0.219,1154,6,0.888,0
394,6,4,5,0.191,1066,1,0.943,0
417,6,4,5,0.12,1201,1,0.943,0
355,6,4,5,0.359,985,1,0.888,0
376,6,4,5,0.314,1150,6,0.943,0
509,6,4,5,0.426,1215,6,0.888,0
425,6,4,5,0.382,1304,1,0.943,0
455,6,4,5,0.059,1164,6,0.888,0
423,6,4,5,0.139,1158,1,0.888,0
421,6,4,5,0.414,1046,1,0.888,0
383,6,4,5,0.422,1115,1,0.943,0
379,6,4,5,0.382,961,6,0.943,0
447,6,4,5,0.175,1289,1,0.943,0
416,6,4,5,0.251,1126,1,0.888,0
418,6,4,5,0.386,1056,6,0.888,0
440,6,4,5,0.227,1186,1,0.888,0
459,6,4,5,0.06,1139,1,0.888,0
379,6,4,5,0.378,957,6,0.943,0
434,6,4,5,0.429,1195,1,0.888,0
415,6,4,5,0.486,1026,6,0.888,0
491,6,4,5,0.067,1152,6,0.888,0
437,6,4,5,0.319,1187,1,0.888,0
445,6,4,5,0.128,1092,6,0.888,0
492,6,4,5,0.14,1137,1,0.943,0
436,6,4,5,0.099,1200,6,0.888,0
448,6,4,5,0.191,1098,1,0.888,0
503,6,4,5,0.465,1212,1,0.943,0
420,6,4,5,0.331,1024,6,0.943,0
483,6,4,5,0.474,1072,6,0.943,0
464,6,4,5,0.271,1085,1,0.888,0
376,6,4,5,0.673,1010,1,0.943,0
422,6,4,5,0.311,1044,1,0.888,0
431,6,4,5,0.649,1052,1,0.943,0
415,6,4,5,0.31,1289,1,0.888,0
441,6,4,5,0.151,1115,1,0.888,0
310,6,4,5,0.343,1104,1,0.888,0
388,6,4,5,0.152,1002,1,0.888,0
374,6,4,5,0.215,1129,6,0.943,0
380,6,4,5,0.039,1229,6,0.943,0
472,6,4,5,0.14,1019,6,0.943,0
428,6,4,5,0,1261,1,0.888,0
412,6,4,5,0.29,1245,1,0.888,0
424,6,4,5,0.271,1236,1,0.943,0
454,6,4,5,0.307,1063,6,0.888,0
355,6,4,5,0,1117,1,0.943,0
408,6,4,5,0.303,1111,6,0.943,0
392,6,4,5,0.629,1115,6,0.888,0
321,6,4,5,0.327,1028,1,0.888,0
371,6,4,5,0.398,998,6,0.888,0
468,6,4,5,0.191,983,6,0.888,0
345,6,4,5,0.339,1089,6,0.888,0
391,6,4,5,0.299,1070,6,0.943,0
394,6,4,5,0.076,1298,6,0.943,0
395,6,4,5,0.617,1106,6,0.943,0
347,6,4,5,0.466,916,1,0.943,0
445,6,4,5,0.275,1148,6,0.943,0
337,6,4,5,0.442,969,1,0.888,0
336,6,4,5,0.266,1159,6,0.888,0
377,6,4,5,0.557,1067,6,0.888,0
429,6,4,5,0.104,1184,6,0.888,0
401,6,4,5,0.023,1136,6,0.943,0
348,6,4,5,0.51,1022,1,0.943,0
406,6,4,5,0.442,964,6,0.888,0
367,6,4,5,0.084,1253,1,0.943,0
400,6,4,5,0.032,1120,1,0.943,0
301,6,4,5,0.593,1081,6,0.943,0
328,6,4,5,1.17,912,6,0.888,0
485,6,4,5,0.542,927,6,0.888,0
402,6,4,5,0.211,1102,1,0.888,0
387,6,4,5,0.565,1129,6,0.888,0
377,6,4,5,0.326,1325,6,0.943,0
438,6,4,5,0.693,1004,6,0.943,0
492,6,4,5,0.242,1165,1,0.943,0
453,6,4,5,0.06,1146,6,0.943,0
396,6,4,5,0.629,1068,1,0.888,0
393,6,4,5,0.935,966,1,0.943,0
429,6,4,5,0.386,1095,1,0.888,0
346,6,4,5,0.681,1014,6,0.888,0
304,6,4,5,0.685,1080,6,0.888,0
342,6,4,5,0.187,1084,1,0.943,0
523,6,4,5,0.226,1374,1,0.888,0
431,6,4,5,0.148,1092,6,0.888,0
407,6,4,5,0.226,1279,6,0.888,0
388,6,4,5,0.577,1051,1,0.943,0
411,6,4,5,0.072,1122,1,0.888,0
450,6,4,5,0.083,1140,1,0.943,0
329,6,4,5,0.299,1112,1,0.943,0
382,6,4,5,0.043,1128,1,0.888,0
392,6,4,5,0.366,1131,1,0.888,0
461,6,4,5,0.004,1351,1,0.888,0
371,6,4,5,0.239,1179,1,0.888,0
370,6,4,5,0.959,890,1,0.943,0
419,6,4,5,0.334,1195,1,0.888,0
330,6,4,5,0.442,1205,6,0.943,0
317,6,4,5,0.999,687,1,0.943,0
470,6,4,5,0.554,1135,6,0.888,0
315,6,4,5,0.414,1024,1,0.888,0
426,6,4,5,0.238,1271,1,0.943,0
361,6,4,5,0.53,1093,6,0.943,0
441,6,4,5,0.259,1296,1,0.888,0
432,6,4,5,0.084,1296,6,0.888,0
446,6,4,5,0.597,1093,1,0.888,0
407,6,4,5,0.195,1109,1,0.943,0
296,6,4,5,0.705,881,1,0.888,0
456,6,4,5,0.223,1106,6,0.943,0
560,6,4,5,0.167,1224,6,0.888,0
436,6,4,5,0.164,1025,1,0.943,0
561,6,4,5,0.008,1226,6,0.943,0
419,6,4,5,0.176,1043,1,0.888,0
456,6,4,5,0.075,1209,1,0.888,0
364,6,4,5,0.597,1104,1,0.943,0
375,6,4,5,0.442,1032,6,0.888,0
385,6,4,5,0.291,1197,6,0.888,0
432,6,4,5,0.538,1160,6,0.888,0
477,6,4,5,0.37,1313,6,0.888,0
397,6,4,5,0.768,1201,6,0.943,0
422,6,4,5,0.421,1326,1,0.943,0
400,6,4,5,0.374,1018,1,0.888,0
419,6,4,5,0.079,1146,6,0.943,0
360,6,4,5,0.303,1143,6,0.888,0
343,6,4,5,0.179,1089,6,0.888,0
406,6,4,5,0.418,1183,6,0.943,0
1644,4,4,5,2.65,3037,11,0.888,0
1604,4,4,5,3.207,3197,11,0.943,0
1740,4,4,10,3.748,3321,11,0.943,0
1573,4,4,10,3.274,3422,11,0.943,0
1437,6,4,10,2.996,3318,11,0.943,0
1806,6,4,10,3.835,3356,11,0.943,0
1674,6,4,5,2.88,3222,11,0.943,0
1680,4,4,5,3.792,3390,11,0.943,0
1838,6,4,10,3.501,3339,11,0.943,0
1794,6,4,5,3.386,3352,11,0.943,0
1834,4,4,5,3.418,3379,11,0.943,0
1390,6,4,10,2.98,3101,11,0.888,0
1891,4,4,10,3.414,3164,11,0.943,0
1695,6,4,5,3.784,3395,11,0.888,0
1508,4,4,5,2.558,2990,11,0.888,0
1647,4,4,5,3.461,3166,11,0.888,0
1607,4,4,5,3.636,3409,11,0.888,0
1841,4,4,5,3.374,3170,11,0.888,0
1520,6,4,10,3.664,3237,11,0.943,0
1758,6,4,10,3.457,3434,11,0.943,0
1836,6,4,10,3.545,3286,11,0.943,0
1836,4,4,5,3.557,3276,11,0.943,0
1731,4,4,10,3.557,3337,11,0.888,0
1679,4,4,5,3.004,3360,11,0.888,0
1570,6,4,5,3.577,3318,11,0.943,0
1711,6,4,10,3.656,3486,11,0.888,0
1889,4,4,10,3.597,3164,11,0.888,0
1667,4,4,10,3.664,3231,11,0.943,0
1791,4,4,10,3.776,3464,11,0.888,0
1855,4,4,5,3.776,3156,11,0.943,0
1736,4,4,5,3.796,3321,11,0.943,0
1827,4,4,10,3.616,3420,11,0.943,0
1843,4,4,5,3.27,3192,11,0.888,0
1879,4,4,10,3.636,3488,11,0.943,0
1795,4,4,5,3.835,3420,11,0.888,0
1700,4,4,5,3.509,3224,11,0.943,0
1798,6,4,5,3.398,3379,11,0.888,0
1809,6,4,10,3.425,3415,11,0.888,0
1689,4,4,5,3.549,3364,11,0.888,0
1861,4,4,10,3.772,3348,11,0.888,0
1649,6,4,5,3.386,3311,11,0.943,0
1519,6,4,5,2.542,3020,11,0.888,0
1864,4,4,5,3.557,3372,11,0.943,0
1386,6,4,10,3.044,3089,11,0.943,0
1809,6,4,5,3.529,3313,11,0.888,0
1749,6,4,5,3.831,3326,11,0.943,0
1703,4,4,10,3.712,3356,11,0.888,0
1662,4,4,5,3.652,3365,11,0.943,0
1592,4,4,10,3.41,3495,11,0.888,0
1696,6,4,5,3.815,3277,11,0.943,0
1670,4,4,5,2.853,3200,11,0.943,0
1818,6,4,10,3.768,3422,11,0.943,0
1530,4,4,5,2.924,3309,11,0.888,0
1586,4,4,10,3.354,3317,11,0.943,0
1590,6,4,10,3.481,3337,11,0.943,0
1856,6,4,10,3.712,3569,11,0.943,0
1531,6,4,10,3.62,3287,11,0.943,0
1433,4,4,10,3.242,3201,11,0.888,0
1551,4,4,10,3.211,3226,11,0.888,0
1857,4,4,5,3.76,3488,11,0.888,0
1701,6,4,5,2.976,3337,11,0.943,0
1820,6,4,5,3.756,3489,11,0.943,0
1731,4,4,10,3.624,3342,11,0.888,0
1719,4,4,5,3.597,3567,11,0.888,0
1614,4,4,10,2.996,3240,11,0.943,0
1723,6,4,10,3.318,3316,11,0.943,0
1420,6,4,5,3.294,3311,11,0.943,0
1890,6,4,10,3.628,3338,11,0.943,0
1674,6,4,10,3.346,3517,11,0.943,0
1879,6,4,5,3.712,3267,11,0.943,0
1702,4,4,5,3.716,3293,11,0.943,0
1810,4,4,5,3.521,3258,11,0.943,0
1545,4,4,5,3.744,3262,11,0.888,0
1805,6,4,10,3.095,3360,11,0.943,0
1576,6,4,10,2.948,3233,11,0.888,0
1505,6,4,5,3.445,3410,11,0.943,0
1650,6,4,5,3.736,3313,11,0.888,0
1366,6,4,5,3.74,3299,11,0.888,0
1866,6,4,5,3.445,3345,11,0.888,0
1311,6,4,10,3.35,3259,11,0.888,0
1739,6,4,10,3.012,3112,11,0.888,0
1505,4,4,10,3.577,3129,11,0.943,0
1858,6,4,5,3.593,3569,11,0.943,0
1485,4,4,10,2.864,3262,11,0.943,0
1818,4,4,10,3.509,3452,11,0.943,0
1532,4,4,5,2.586,3281,11,0.943,0
1484,4,4,10,3.557,3197,11,0.888,0
1584,6,4,5,3.354,3501,11,0.888,0
1756,6,4,5,3.481,3240,11,0.943,0
1658,6,4,10,3.581,3394,11,0.943,0
1811,6,4,5,3.429,3302,11,0.943,0
1710,6,4,10,3.418,3349,11,0.888,0
1864,4,4,10,2.892,3242,11,0.888,0
1715,6,4,10,2.944,3205,11,0.943,0
1887,4,4,5,3.238,3346,11,0.888,0
1683,6,4,5,3.648,3332,11,0.943,0
1604,6,4,10,2.968,3109,11,0.943,0
1622,4,4,5,3.748,3212,11,0.888,0
1623,4,4,5,3.652,3449,11,0.943,0
1810,6,4,5,3.171,3343,11,0.943,0
1667,6,4,5,3.449,3383,11,0.888,0
1734,6,4,5,3.095,3437,11,0.943,0
1777,6,4,5,3.163,3355,11,0.943,0
1801,4,4,10,3.609,3493,11,0.943,0
1210,4,4,10,3.075,3046,11,0.888,0
1836,4,4,5,3.688,3253,11,0.888,0
1803,6,4,10,3.437,3395,11,0.943,0
1439,6,4,10,3.342,3169,11,0.943,0
1651,6,4,5,3.25,3266,11,0.943,0
1738,4,4,10,3.41,3319,11,0.888,0
1674,6,4,5,3.569,3467,11,0.943,0
1790,6,4,5,3.636,3370,11,0.943,0
1606,4,4,5,3.374,3455,11,0.943,0
1691,4,4,10,3.529,3244,11,0.943,0
1653,4,4,5,3.517,3199,11,0.943,0
1623,4,4,5,3.72,3432,11,0.943,0
1752,4,4,5,3.704,3536,11,0.943,0
1750,4,4,10,3.668,3334,11,0.943,0
1774,4,4,10,3.505,3421,11,0.888,0
1731,6,4,10,2.94,3380,11,0.943,0
1064,4,4,5,3.25,3152,11,0.888,0
1394,4,4,5,3.573,3341,11,0.888,0
1824,4,4,5,3.565,3519,11,0.888,0
1360,6,4,5,3.095,3275,11,0.943,0
1497,4,4,10,2.646,3013,11,0.943,0
1613,6,4,10,3.684,3437,11,0.943,0
1710,4,4,10,3.402,3257,11,0.888,0
1681,6,4,5,3.636,3347,11,0.943,0
1690,6,4,10,3.457,3358,11,0.943,0
1570,6,4,10,3.668,3294,11,0.943,0
1765,4,4,5,3.549,3331,11,0.888,0
1846,6,4,5,2.538,3257,11,0.943,0
1594,4,4,10,3.473,3125,11,0.888,0
1727,6,4,10,3.39,3324,11,0.943,0
1556,4,4,5,3.386,3467,11,0.888,0
1769,4,4,5,3.469,3243,11,0.943,0
1473,4,4,10,3.274,3198,11,0.888,0
1743,6,4,10,3.724,3431,11,0.888,0
660,6,4,3,2.638,2396,11,0.943,0
653,6,4,3,1.925,2319,11,0.943,0
777,6,4,3,2.864,2723,11,0.943,0
601,6,4,3,2.291,2500,11,0.943,0
687,6,4,3,1.81,2379,11,0.943,0
772,6,4,3,2.463,2596,11,0.943,0
739,6,4,3,2.403,2408,11,0.943,0
763,6,4,3,1.953,2333,11,0.888,0
739,6,4,3,1.663,2136,11,0.943,0
713,6,4,3,2.172,2424,11,0.888,0
632,6,4,3,2.029,2521,11,0.888,0
615,6,4,3,2.005,2240,11,0.943,0
505,6,4,3,1.364,2199,11,0.888,0
639,6,4,3,2.486,2381,11,0.888,0
712,6,4,3,1.858,2610,11,0.943,0
732,6,4,3,2.081,2217,11,0.943,0
696,6,4,3,1.902,2465,11,0.943,0
925,6,4,3,3.123,2663,11,0.943,0
714,6,4,3,1.46,2379,11,0.888,0
473,6,4,3,1.333,2416,11,0.888,0
666,6,4,3,1.38,2387,11,0.943,0
806,6,4,3,2.1,2613,11,0.888,0
668,6,4,3,2.192,2464,11,0.943,0
722,6,4,3,2.359,2476,11,0.943,0
784,6,4,3,2.204,2638,11,0.888,0
600,6,4,3,2.124,2439,11,0.943,0
699,6,4,3,2.339,2619,11,0.888,0
821,6,4,3,2.387,2441,11,0.943,0
793,6,4,3,1.79,2428,11,0.943,0
698,6,4,3,1.866,2407,11,0.888,0
555,6,4,3,1.718,2274,11,0.943,0
685,6,4,3,1.583,2215,11,0.888,0
788,6,4,3,3.545,2639,11,0.888,0
833,6,4,3,2.272,2485,11,0.943,0
623,6,4,3,1.639,2421,11,0.888,0
814,6,4,3,2.769,2813,11,0.888,0
859,6,4,3,2.733,2617,11,0.943,0
672,6,4,3,1.858,2364,11,0.888,0
679,6,4,3,2.013,2258,11,0.888,0
879,6,4,3,2.463,2701,11,0.888,0
840,6,4,3,2.351,2707,11,0.888,0
521,6,4,3,1.882,2254,11,0.888,0
743,6,4,3,2.626,2539,11,0.888,0
786,6,4,3,1.949,2436,11,0.888,0
638,6,4,3,1.44,2508,11,0.943,0
632,6,4,3,1.993,2360,11,0.943,0
720,6,4,3,2.467,2792,11,0.943,0
702,6,4,3,1.655,2342,11,0.943,0
614,6,4,3,1.878,2358,11,0.888,0
570,6,4,3,1.603,2560,11,0.943,0
621,6,4,3,2.18,2329,11,0.888,0
841,6,4,3,2.443,2517,11,0.943,0
608,6,4,3,1.933,2366,11,0.888,0
801,6,4,3,2.451,2384,11,0.943,0
776,6,4,3,1.667,2170,11,0.888,0
631,6,4,3,2.287,2447,11,0.943,0
577,6,4,3,1.985,2250,11,0.943,0
676,6,4,3,2.884,2637,11,0.943,0
858,6,4,3,2.642,2415,11,0.888,0
823,6,4,3,2.403,2608,11,0.888,0
693,6,4,3,2.411,2347,11,0.888,0
757,6,4,3,2.638,2694,11,0.943,0
636,6,4,3,2.089,2239,11,0.943,0
679,6,4,3,2.216,2205,11,0.943,0
672,6,4,3,2.212,2361,11,0.888,0
707,6,4,3,2.172,2392,11,0.943,0
722,6,4,3,1.715,2499,11,0.943,0
634,6,4,3,1.547,2419,11,0.888,0
649,6,4,3,1.408,1931,11,0.888,0
768,6,4,3,2.737,2687,11,0.943,0
747,6,4,3,1.906,2662,11,0.888,0
860,6,4,3,1.822,2563,11,0.943,0
679,6,4,3,2.025,2526,11,0.888,0
756,6,4,3,2.089,2375,11,0.943,0
751,6,4,3,1.452,2495,11,0.888,0
713,6,4,3,2.172,2465,11,0.943,0
624,6,4,3,1.683,2421,11,0.943,0
785,6,4,3,2.423,2487,11,0.943,0
918,6,4,3,3.047,2697,11,0.943,0
632,6,4,3,2.435,2468,11,0.943,0
744,6,4,3,2.681,2683,11,0.943,0
778,6,4,3,2.124,2358,11,0.943,0
745,6,4,3,2.081,2429,11,0.943,0
691,6,4,3,2.391,2435,11,0.943,0
702,6,4,3,1.663,2267,11,0.888,0
702,6,4,3,2.467,2589,11,0.888,0
542,6,4,3,1.917,2408,11,0.943,0
733,6,4,3,2.025,2512,11,0.943,0
660,6,4,3,3.306,2569,11,0.888,0
728,6,4,3,2.291,2368,11,0.888,0
545,6,4,3,1.866,2285,11,0.888,0
834,6,4,3,2.367,2720,11,0.888,0
751,6,4,3,3.004,2676,11,0.943,0
769,6,4,3,2.92,2552,11,0.888,0
691,6,4,3,2.419,2577,11,0.943,0
659,6,4,3,2.192,2447,11,0.888,0
789,6,4,3,1.456,2313,11,0.943,0
778,6,4,3,2.351,2457,11,0.888,0
813,6,4,3,2.228,2653,11,0.943,0
715,6,4,3,2.272,2266,11,0.888,0
577,6,4,3,1.814,2321,11,0.943,0
629,6,4,3,1.384,2088,11,0.888,0
682,6,4,3,2.28,2584,11,0.943,0
649,6,4,3,2.001,2281,11,0.888,0
708,6,4,3,2.347,2527,11,0.888,0
607,6,4,3,1.79,2186,11,0.943,0
757,6,4,3,2.172,2248,11,0.888,0
683,6,4,3,1.611,2185,11,0.888,0
838,6,4,3,2.606,2648,11,0.943,0
741,6,4,3,1.691,2411,11,0.943,0
674,6,4,3,2.331,2392,11,0.888,0
635,6,4,3,1.894,2362,11,0.888,0
724,6,4,3,2.363,2504,11,0.888,0
719,6,4,3,2.825,2585,11,0.888,0
847,6,4,3,2.777,2872,11,0.888,0
685,6,4,3,2.124,2386,11,0.888,0
704,6,4,3,2.176,2479,11,0.888,0
714,6,4,3,1.364,2392,11,0.943,0
740,6,4,3,1.655,2399,11,0.943,0
475,6,4,3,1.675,2284,11,0.943,0
714,6,4,3,1.786,2348,11,0.943,0
902,6,4,3,2.176,2525,11,0.888,0
703,6,4,3,1.929,2418,11,0.943,0
664,6,4,3,1.806,2450,11,0.943,0
719,6,4,3,2.108,2561,11,0.888,0
709,6,4,3,1.663,2333,11,0.943,0
614,6,4,3,1.5,2352,11,0.888,0
762,6,4,3,1.742,2470,11,0.888,0
762,6,4,3,1.965,2482,11,0.943,0
670,6,4,3,2.232,2400,11,0.943,0
733,6,4,3,1.878,2362,11,0.888,0
614,6,4,3,1.392,2300,11,0.888,0
739,6,4,3,3.004,2484,11,0.943,0
764,6,4,3,1.953,2518,11,0.943,0
590,6,4,3,1.424,2256,11,0.943,0
695,6,4,3,2.041,2474,11,0.943,0
665,6,4,3,1.814,2470,11,0.888,0
563,6,4,3,2.025,2250,11,0.888,0
721,6,4,3,1.551,2192,11,0.888,0
782,6,4,3,2.156,2613,11,0.943,0
698,6,4,3,2.228,2560,11,0.943,0
676,6,4,3,2.805,2487,11,0.888,0
730,6,4,3,2.172,2451,11,0.943,0
576,6,4,3,2.116,2363,11,0.888,0
757,6,4,3,1.961,2444,11,0.888,0
583,6,4,3,1.504,2158,11,0.888,0
699,6,4,3,1.953,2443,11,0.943,0
726,6,4,3,2.781,2703,11,0.943,0
860,6,4,3,1.953,2336,11,0.943,0
609,6,4,3,1.75,2328,11,0.888,0
636,6,4,3,2.097,2447,11,0.943,0
729,6,4,3,2.315,2481,11,0.943,0
865,6,4,3,2.673,2468,11,0.943,0
827,6,4,3,2.753,2769,11,0.943,0
870,6,4,3,2.88,2660,11,0.888,0
804,6,4,3,2.825,2619,11,0.943,0
676,6,4,3,2.256,2448,11,0.943,0
832,6,4,3,2.24,2609,11,0.888,0
596,6,4,3,1.778,2223,11,0.943,0
725,6,4,3,2.16,2509,11,0.888,0
773,6,4,3,2.212,2343,11,0.888,0
657,6,4,3,1.937,2370,11,0.943,0
635,6,4,3,1.452,2142,11,0.943,0
778,6,4,3,2.331,2454,11,0.888,0
786,6,4,3,2.447,2437,11,0.888,0
661,6,4,3,2.069,2255,11,0.943,0
765,6,4,3,2.045,2425,11,0.888,0
595,6,4,3,1.305,2432,11,0.888,0
671,6,4,3,2.471,2544,11,0.888,0
617,6,4,3,1.647,2313,11,0.943,0
584,6,4,3,1.754,2229,11,0.888,0
736,6,4,3,2.268,2695,11,0.888,0
588,6,4,3,1.929,2314,11,0.943,0
625,6,4,3,1.925,2315,11,0.943,0
686,6,4,3,1.981,2550,11,0.943,0
782,6,4,3,2.518,2603,11,0.888,0
690,6,4,3,2.904,2525,11,0.888,0
842,6,4,3,2.805,2529,11,0.943,0
656,6,4,3,2.327,2415,11,0.888,0
670,6,4,3,1.659,2356,11,0.943,0
712,6,4,3,2.248,2548,11,0.888,0
814,6,4,3,1.906,2499,11,0.888,0
749,6,4,3,1.655,2188,11,0.888,0
658,6,4,3,1.142,2115,11,0.888,0
642,6,4,3,1.715,2487,11,0.888,0
776,6,4,3,2.033,2766,11,0.943,0
712,6,4,3,1.917,2163,11,0.888,0
731,6,4,3,2.256,2580,11,0.943,0
738,6,4,3,1.902,2551,11,0.888,0
697,6,4,3,2.411,2500,11,0.888,0
878,6,4,3,2.164,2472,11,0.888,0
810,6,4,3,1.818,2429,11,0.943,0
563,6,4,3,1.476,2265,11,0.943,0
643,6,4,3,1.838,2539,11,0.888,0
787,6,4,3,1.826,2384,11,0.888,0
661,6,4,3,2.713,2646,11,0.888,0
700,6,4,3,1.452,2168,11,0.943,0
694,6,4,3,2.315,2551,11,0.943,0
642,6,4,3,2.013,2346,11,0.943,0
822,6,4,3,3.115,2671,11,0.888,0
705,6,4,3,1.798,2419,11,0.888,0
703,6,4,3,1.722,2297,11,0.888,0
781,6,4,3,2.12,2656,11,0.943,0
768,6,4,3,2.669,2538,11,0.943,0
714,6,4,3,2.212,2423,11,0.943,0
612,6,4,3,1.277,2019,11,0.888,0
612,6,4,3,1.277,2276,11,0.943,0
836,6,4,3,2.395,2541,11,0.943,0
767,6,4,3,1.906,2511,11,0.888,0
706,6,4,3,1.655,2489,11,0.943,0
719,6,4,3,1.933,2450,11,0.888,0
657,6,4,3,1.575,2191,11,0.888,0
749,6,4,3,2.785,2614,11,0.888,0
675,6,4,3,2.097,2347,11,0.943,0
768,6,4,3,2.419,2477,11,0.943,0
675,6,4,3,1.993,2227,11,0.943,0
779,6,4,3,2.264,2391,11,0.888,0
581,6,4,3,1.468,2273,11,0.943,0
639,6,4,3,1.659,2059,11,0.888,0
790,6,4,3,2.494,2451,11,0.943,0
780,6,4,3,1.985,2528,11,0.943,0
706,6,4,3,2.455,2373,11,0.943,0
573,6,4,3,2.144,2456,11,0.943,0
767,6,4,3,1.997,2513,11,0.943,0
697,6,4,3,2.459,2423,11,0.943,0
536,6,4,3,1.846,2268,11,0.888,0
623,6,4,3,2.009,2217,11,0.888,0
807,6,4,3,1.384,2430,11,0.943,0
584,6,4,3,2.128,2304,11,0.888,0
569,6,4,3,1.866,2347,11,0.943,0
805,6,4,3,2.821,2637,11,0.888,0
706,6,4,3,2.482,2557,11,0.888,0
752,6,4,3,3.119,2620,11,0.943,0
613,6,4,3,1.456,2224,11,0.943,0
831,6,4,3,2.502,2513,11,0.943,0
622,6,4,3,2.439,2642,11,0.888,0
639,6,4,3,2.59,2529,11,0.943,0
743,6,4,3,2.447,2450,11,0.888,0
705,6,4,3,1.925,2518,11,0.888,0
777,6,4,3,1.488,2479,11,0.943,0
721,6,4,3,2.785,2540,11,0.943,0
826,6,4,3,2.276,2307,11,0.943,0
596,6,4,3,1.933,2224,11,0.943,0
784,6,4,3,2.677,2586,11,0.943,0
654,6,4,3,2.347,2314,11,0.943,0
644,6,4,3,1.949,2261,11,0.888,0
828,6,4,3,2.51,2581,11,0.888,0
743,6,4,3,2.685,2534,11,0.888,0
600,6,4,3,0.847,2238,11,0.943,0
661,6,4,3,1.551,2377,11,0.888,0
609,6,4,3,1.75,2211,11,0.888,0
661,6,4,3,2.379,2383,11,0.943,0
671,6,4,3,2.124,2366,11,0.943,0
736,6,4,3,2.494,2679,11,0.888,0
574,6,4,3,1.325,2234,11,0.888,0
813,6,4,3,1.929,2642,11,0.943,0
570,6,4,3,2.089,2436,11,0.943,0
753,6,4,3,2.343,2571,11,0.943,0
631,6,4,3,1.607,2310,11,0.888,0
664,6,4,3,2.216,2331,11,0.888,0
656,6,4,3,2.55,2602,11,0.943,0
707,6,4,3,2.829,2626,11,0.888,0
645,6,4,3,1.201,2271,11,0.943,0
701,6,4,3,1.973,2293,11,0.943,0
729,6,4,3,2.069,2386,11,0.943,0
754,6,4,3,2.236,2618,11,0.943,0
718,6,4,3,2.574,2410,11,0.943,0
687,6,4,3,2.327,2645,11,0.943,0
650,6,4,3,2.498,2621,11,0.888,0
617,6,4,3,1.722,2355,11,0.943,0
664,6,4,3,1.949,2391,11,0.943,0
769,6,4,3,3.234,2879,11,0.943,0
610,6,4,3,2.662,2768,11,0.888,0
779,6,4,3,2.63,2728,11,0.888,0
634,6,4,3,1.699,2414,11,0.888,0
695,6,4,3,2.323,2621,11,0.888,0
582,6,4,3,1.611,2342,11,0.888,0
781,6,4,3,2.693,2561,11,0.943,0
694,6,4,3,1.734,2118,11,0.888,0
830,6,4,3,2.108,2408,11,0.888,0
751,6,4,3,2.813,2722,11,0.943,0
744,6,4,3,2.665,2799,11,0.888,0
509,6,4,3,0.787,1903,11,0.943,0
607,6,4,3,1.786,2432,11,0.888,0
696,6,4,3,2.315,2360,11,0.888,0
585,6,4,3,2.112,2581,11,0.888,0
693,6,4,3,2.307,2430,11,0.888,0
691,6,4,3,1.579,2334,11,0.943,0
664,6,4,3,1.794,2267,11,0.888,0
601,6,4,3,2.554,2564,11,0.943,0
665,6,4,3,2.104,2605,11,0.943,0
700,6,4,3,2.773,2490,11,0.888,0
594,6,4,3,1.535,2217,11,0.943,0
730,6,4,3,2.403,2539,11,0.943,0
647,6,4,3,1.989,2279,11,0.888,0
730,6,4,3,2.662,2534,11,0.888,0
818,6,4,3,2.331,2753,11,0.943,0
763,6,4,3,1.595,2350,11,0.943,0
729,6,4,3,1.993,2452,11,0.888,0
684,6,4,3,2.498,2529,11,0.888,0
638,6,4,3,2.749,2663,11,0.943,0
715,6,4,3,2.343,2504,11,0.943,0
786,6,4,3,2.001,2528,11,0.943,0
793,6,4,3,2.299,2505,11,0.888,0
660,6,4,3,1.79,2447,11,0.943,0
623,6,4,3,1.902,2623,11,0.888,0
649,6,4,3,2.276,2369,11,0.943,0
733,6,4,3,1.754,2413,11,0.888,0
739,6,4,3,2.697,2471,11,0.888,0
563,6,4,3,1.48,2192,11,0.943,0
668,6,4,3,2.538,2347,11,0.888,0
689,6,4,3,2.204,2468,11,0.888,0
664,6,4,3,1.165,1971,11,0.943,0
831,6,4,3,2.705,2629,11,0.888,0
703,6,4,3,2.14,2353,11,0.943,0
770,6,4,3,2.594,2521,11,0.943,0
743,6,4,3,2.307,2508,11,0.943,0
733,6,4,3,1.794,2246,11,0.943,0
617,6,4,3,1.707,2107,11,0.888,0
726,6,4,3,2.654,2454,11,0.888,0
642,6,4,3,2.685,2634,11,0.888,0
724,6,4,3,1.611,2523,11,0.888,0
638,6,4,3,2.455,2490,11,0.888,0
622,6,4,3,1.46,2244,11,0.943,0
739,6,4,3,1.75,2302,11,0.943,0
656,6,4,3,1.492,2325,11,0.943,0
839,6,4,3,2.944,2495,11,0.888,0
476,6,4,3,1.356,2084,11,0.888,0
681,6,4,3,1.539,2344,11,0.943,0
572,6,4,3,1.949,2332,11,0.943,0
612,6,4,3,2.319,2480,11,0.888,0
751,6,4,3,2.88,2614,11,0.943,0
844,6,4,3,3.04,2744,11,0.888,0
599,6,4,3,1.933,2349,11,0.888,0
720,6,4,3,2.073,2663,11,0.888,0
645,6,4,3,1.902,2366,11,0.943,0
719,6,4,3,2.638,2451,11,0.888,0
628,6,4,3,1.273,2317,11,0.943,0
798,6,4,3,1.794,2323,11,0.888,0
781,6,4,3,2.411,2399,11,0.888,0
612,6,4,3,2.124,2359,11,0.888,0
685,6,4,3,2.502,2581,11,0.888,0
882,6,4,3,2.689,2535,11,0.888,0
684,6,4,3,1.667,2220,11,0.943,0
618,6,4,3,1.961,2239,11,0.888,0
710,6,4,3,2.351,2560,11,0.943,0
745,6,4,3,2.001,2559,11,0.888,0
774,6,4,3,2.411,2465,11,0.943,0
726,6,4,3,1.85,2494,11,0.888,0
843,6,4,3,3.274,2578,11,0.888,0
787,6,4,3,2.379,2454,11,0.888,0
632,6,4,3,1.651,2209,11,0.943,0
687,6,4,3,1.595,2267,11,0.888,0
565,6,4,11,0.43,1217,12,0.943,0
591,6,4,11,0.072,1242,12,0.888,0
790,6,4,11,0.075,1378,12,0.943,0
912,6,4,11,0.66,1546,12,0.888,0
690,6,4,11,0.076,1299,12,0.888,0
665,6,4,11,0.64,1436,12,0.888,0
761,6,4,11,0.234,1445,12,0.943,0
708,6,4,11,0.012,1411,12,0.943,0
636,6,4,11,0.951,1487,12,0.888,0
842,6,4,11,0.616,1360,12,0.888,0
621,6,4,11,0.569,1331,12,0.943,0
701,6,4,11,0.732,1541,12,0.943,0
613,6,4,11,0.199,1337,12,0.943,0
686,6,4,11,0.461,1392,12,0.943,0
846,6,4,11,0.827,1643,12,0.943,0
710,6,4,11,0.521,1446,12,0.943,0
808,6,4,11,0.238,1450,12,0.888,0
839,6,4,11,0.036,1293,12,0.943,0
738,6,4,11,0.632,1504,12,0.888,0
882,6,4,11,0.712,1469,12,0.943,0
621,6,4,11,0.386,1339,12,0.888,0
943,6,4,11,1.106,1681,12,0.888,0
909,6,4,11,0.183,1221,12,0.888,0
970,6,4,11,0.688,1530,12,0.943,0
631,6,4,11,0.978,1550,12,0.888,0
738,6,4,11,0.187,1306,12,0.888,0
577,6,4,11,0.048,1290,12,0.888,0
563,6,4,11,0.525,1298,12,0.888,0
677,6,4,11,0.123,1274,12,0.888,0
748,6,4,11,0.21,1429,12,0.943,0
844,6,4,11,0.704,1410,12,0.943,0
681,6,4,11,0.139,1366,12,0.943,0
688,6,4,11,0.37,1387,12,0.888,0
423,6,4,11,0.088,1316,12,0.888,0
827,6,4,11,0.25,1400,12,0.943,0
714,6,4,11,0.803,1527,12,0.888,0
664,6,4,11,0.298,1445,12,0.888,0
812,6,4,11,0.302,1353,12,0.943,0
797,6,4,11,0.756,1500,12,0.888,0
667,6,4,11,0.374,1393,12,0.943,0
573,6,4,11,0.477,1441,12,0.888,0
988,6,4,11,0.927,1606,12,0.888,0
620,6,4,11,0.445,1437,12,0.943,0
738,6,4,11,0.664,1297,12,0.888,0
888,6,4,11,0.33,1356,12,0.943,0
740,6,4,11,0.139,1382,12,0.943,0
747,6,4,11,0.397,1416,12,0.888,0
875,6,4,11,0.083,1510,12,0.888,0
886,6,4,11,0.206,1517,12,0.943,0
632,6,4,11,0.234,1471,12,0.888,0
626,6,4,11,0.437,1498,12,0.943,0
853,6,4,11,0.644,1430,12,0.943,0
616,6,4,11,0.716,1578,12,0.888,0
1057,6,4,11,1.118,1667,12,0.943,0
623,6,4,11,0.366,1422,12,0.888,0
872,6,4,11,0.501,1365,12,0.888,0
900,6,4,11,0.577,1513,12,0.943,0
949,6,4,11,0.891,1591,12,0.943,0
963,6,4,11,0.951,1541,12,0.943,0
710,6,4,11,0.728,1489,12,0.943,0
672,6,4,11,0.501,1486,12,0.943,0
691,6,4,11,0.092,1291,12,0.888,0
785,6,4,11,0.226,1486,12,0.888,0
563,6,4,11,0.644,1403,12,0.943,0
475,6,4,11,0.199,1344,12,0.888,0
680,6,4,11,0.656,1480,12,0.888,0
495,6,4,11,0.68,1487,12,0.943,0
790,6,4,11,0.505,1406,12,0.888,0
839,6,4,11,0.839,1449,12,0.943,0
874,6,4,11,0.529,1350,12,0.943,0
841,6,4,11,0.899,1517,12,0.943,0
788,6,4,11,1.325,1548,12,0.943,0
736,6,4,11,0.469,1326,12,0.943,0
767,6,4,11,0.744,1577,12,0.943,0
845,6,4,11,0.851,1540,12,0.888,0
798,6,4,11,0.441,1329,12,0.943,0
641,6,4,11,0.648,1493,12,0.888,0
534,6,4,11,0.024,1411,12,0.888,0
790,6,4,11,0.756,1439,12,0.888,0
1038,6,4,11,1.03,1518,12,0.888,0
917,6,4,11,0.584,1531,12,0.943,0
1029,6,4,11,0.744,1664,12,0.888,0
772,6,4,11,0.72,1565,12,0.943,0
941,6,4,11,0.652,1518,12,0.888,0
861,6,4,11,0.477,1487,12,0.943,0
691,6,4,11,0.951,1511,12,0.943,0
542,6,4,11,0.218,1328,12,0.943,0
1020,6,4,11,0.919,1511,12,0.888,0
472,6,4,11,0.067,1381,12,0.943,0
708,6,4,11,0.306,1408,12,0.943,0
795,6,4,11,0.21,1303,12,0.943,0
617,6,4,11,0.533,1375,12,0.943,0
833,6,4,11,0.596,1484,12,0.888,0
589,6,4,11,0.187,1259,12,0.888,0
489,6,4,11,0.251,1185,12,0.888,0
702,6,4,11,0.274,1470,12,0.943,0
517,6,4,11,0.692,1476,12,0.943,0
546,6,4,11,0.183,1319,12,0.888,0
598,6,4,11,0.143,1225,12,0.888,0
772,6,4,11,0.501,1385,12,0.888,0
805,6,4,11,0.847,1489,12,0.888,0
659,6,4,11,0.517,1374,12,0.888,0
638,6,4,11,0.115,1337,12,0.888,0
725,6,4,11,0.429,1477,12,0.888,0
867,6,4,11,0.318,1419,12,0.888,0
825,6,4,11,0.581,1420,12,0.943,0
935,6,4,11,1.412,1779,12,0.943,0
645,6,4,11,0.966,1545,12,0.888,0
650,6,4,11,0.199,1421,12,0.888,0
1024,6,4,11,0.557,1447,12,0.943,0
628,6,4,11,0.493,1506,12,0.888,0
664,6,4,11,0.513,1281,12,0.943,0
777,6,4,11,0.915,1509,12,0.888,0
817,6,4,11,0.489,1509,12,0.888,0
860,6,4,11,0.525,1399,12,0.943,0
857,6,4,11,0.696,1572,12,0.888,0
785,6,4,11,0.206,1414,12,0.943,0
616,6,4,11,0.696,1501,12,0.888,0
885,6,4,11,0.795,1445,12,0.888,0
651,6,4,11,0.581,1470,12,0.888,0
846,6,4,11,0.485,1365,12,0.943,0
779,6,4,11,0.441,1548,12,0.888,0
882,6,4,11,0.569,1408,12,0.888,0
862,6,4,11,1.122,1550,12,0.943,0
827,6,4,11,0.74,1518,12,0.943,0
723,6,4,11,0.863,1658,12,0.888,0
800,6,4,11,1.034,1571,12,0.943,0
822,6,4,11,0.183,1361,12,0.888,0
732,6,4,11,0.124,1328,12,0.943,0
871,6,4,11,0.791,1553,12,0.943,0
582,6,4,11,0.055,1401,12,0.943,0
927,6,4,11,0.596,1386,12,0.888,0
741,6,4,11,0.509,1439,12,0.943,0
639,6,4,11,0.095,1305,12,0.888,0
815,6,4,11,0.732,1315,12,0.888,0
815,6,4,11,0.441,1450,12,0.943,0
862,6,4,11,0.549,1456,12,0.943,0
505,6,4,11,0.131,1223,12,0.888,0
593,6,4,11,0.584,1566,12,0.888,0
716,6,4,11,0.31,1404,12,0.943,0
540,6,4,11,0.059,1344,12,0.888,0
636,6,4,11,0.668,1617,12,0.943,0
771,6,4,11,0.783,1508,12,0.943,0
812,6,4,11,0.318,1439,12,0.943,0
468,6,4,11,0.565,1556,12,0.943,0
830,6,4,11,0.23,1455,12,0.943,0
715,6,4,11,0.107,1367,12,0.943,0
820,6,4,11,0.465,1435,12,0.943,0
706,6,4,11,0.39,1348,12,0.888,0
761,6,4,11,0.839,1460,12,0.943,0
323,6,4,11,0.306,1355,12,0.888,0
589,6,4,11,0.242,1317,12,0.888,0
437,6,4,11,0.203,1384,12,0.888,0
613,6,4,11,0.413,1404,12,0.888,0
858,6,4,11,0.596,1412,12,0.888,0
916,6,4,11,0.573,1443,12,0.888,0
794,6,4,11,0.64,1493,12,0.888,0
638,6,4,11,0.771,1414,12,0.888,0
640,6,4,11,0.604,1468,12,0.943,0
475,6,4,11,0.02,1256,12,0.888,0
741,6,4,11,0.052,1364,12,0.943,0
891,6,4,11,0.012,1325,12,0.888,0
706,6,4,11,0.25,1373,12,0.888,0
886,6,4,11,0.959,1417,12,0.888,0
664,6,4,11,0.863,1545,12,0.943,0
984,6,4,11,0.569,1444,12,0.943,0
605,6,4,11,0.31,1362,12,0.943,0
776,6,4,11,0.075,1334,12,0.943,0
629,6,4,11,0.155,1268,12,0.943,0
622,6,4,11,0.557,1467,12,0.888,0
924,6,4,11,0.306,1507,12,0.943,0
861,6,4,11,0.218,1465,12,0.943,0
846,6,4,11,0.803,1549,12,0.943,0
913,6,4,11,0.768,1482,12,0.888,0
787,6,4,11,1.114,1550,12,0.888,0
692,6,4,11,0.343,1352,12,0.888,0
700,6,4,11,0.783,1444,12,0.888,0
808,6,4,11,1.034,1573,12,0.888,0
1032,6,4,11,1.022,1454,12,0.943,0
665,6,4,11,0.453,1269,12,0.888,0
773,6,4,11,0.497,1435,12,0.943,0
540,6,4,11,0.104,1212,12,0.888,0
941,6,4,11,0.33,1370,12,0.888,0
676,6,4,11,0.529,1529,12,0.888,0
751,6,4,11,0.644,1532,12,0.888,0
694,6,4,11,0.565,1481,12,0.888,0
969,6,4,11,1.376,1700,12,0.943,0
788,6,4,11,0.409,1431,12,0.888,0
502,6,4,11,0.346,1443,12,0.943,0
820,6,4,11,1.229,1688,12,0.943,0
801,6,4,11,0.636,1539,12,0.943,0
768,6,4,11,0.278,1391,12,0.888,0
1035,6,4,11,0.588,1523,12,0.888,0
762,6,4,11,0.632,1417,12,0.943,0
796,6,4,11,0.72,1430,12,0.943,0
874,6,4,11,0.931,1522,12,0.943,0
1035,6,4,11,0.799,1644,12,0.943,0
764,6,4,11,0.027,1396,12,0.943,0
692,6,4,11,0.139,1437,12,0.943,0
760,6,4,11,0.382,1461,12,0.888,0
647,6,4,11,0.425,1386,12,0.943,0
618,6,4,11,0.855,1533,12,0.943,0
619,6,4,11,0.596,1422,12,0.943,0
664,6,4,11,0.282,1322,12,0.943,0
811,6,4,11,0.541,1494,12,0.888,0
619,6,4,11,0.549,1357,12,0.943,0
953,6,4,11,0.274,1419,12,0.888,0
715,6,4,11,0.059,1214,12,0.888,0
843,6,4,11,0.895,1593,12,0.943,0
720,6,4,11,0.445,1486,12,0.888,0
917,6,4,11,1.002,1658,12,0.943,0
567,6,4,11,0.028,1360,12,0.943,0
911,6,4,11,0.919,1587,12,0.888,0
665,6,4,11,0.6,1282,12,0.888,0
697,6,4,11,0.939,1533,12,0.888,0
646,6,4,11,0.374,1346,12,0.943,0
759,6,4,11,0.831,1538,12,0.943,0
1017,6,4,11,1.376,1571,12,0.943,0
716,6,4,11,0.33,1357,12,0.888,0
802,6,4,11,0.724,1555,12,0.888,0
798,6,4,11,0.648,1462,12,0.943,0
799,6,4,11,0.035,1282,12,0.888,0
743,6,4,11,0.935,1493,12,0.943,0
755,6,4,11,0.915,1520,12,0.943,0
733,6,4,11,0.167,1374,12,0.888,0
626,6,4,11,0.931,1408,12,0.888,0
542,6,4,11,0.445,1350,12,0.943,0
765,6,4,11,0.429,1444,12,0.888,0
699,6,4,11,0.171,1368,12,0.888,0
708,6,4,11,0.704,1505,12,0.943,0
963,6,4,11,0.183,1378,12,0.943,0
943,6,4,11,1.408,1675,12,0.943,0
674,6,4,11,0.127,1286,12,0.943,0
675,6,4,11,0.481,1434,12,0.943,0
877,6,4,11,0.25,1423,12,0.888,0
763,6,4,11,0.513,1354,12,0.943,0
798,6,4,11,0.39,1577,12,0.888,0
615,6,4,11,0.553,1320,12,0.943,0
973,6,4,11,0.581,1575,12,0.888,0
886,6,4,11,0.449,1268,12,0.943,0
816,6,4,11,0.545,1508,12,0.888,0
747,6,4,11,0.27,1381,12,0.888,0
827,6,4,11,0.342,1306,12,0.943,0
760,6,4,11,0.397,1381,12,0.943,0
866,6,4,11,0.354,1436,12,0.888,0
668,6,4,11,0.684,1516,12,0.943,0
558,6,4,11,0.238,1270,12,0.888,0
665,6,4,11,0.322,1327,12,0.888,0
816,6,4,11,0.315,1290,12,0.943,0
245,6,4,11,0.275,1131,12,0.943,0
481,6,4,11,0.278,1277,12,0.943,0
763,6,4,11,0.048,1442,12,0.943,0
709,6,4,11,0.342,1398,12,0.888,0
624,6,4,11,0.215,1160,12,0.943,0
481,6,4,11,0.847,1540,12,0.888,0
868,6,4,11,0.485,1330,12,0.888,0
714,6,4,11,0.036,1384,12,0.888,0
623,6,4,11,0.437,1365,12,0.888,0
922,6,4,11,0.37,1409,12,0.888,0
882,6,4,11,0.911,1539,12,0.888,0
793,6,4,11,0.644,1537,12,0.943,0
727,6,4,11,0.756,1683,12,0.888,0
561,6,4,11,0.596,1345,12,0.888,0
857,6,4,11,0.68,1494,12,0.943,0
759,6,4,11,0.775,1492,12,0.943,0
885,6,4,11,0.624,1454,12,0.943,0
613,6,4,11,0.47,1192,12,0.943,0
768,6,4,11,0.401,1482,12,0.888,0
845,6,4,11,0.692,1463,12,0.888,0
943,6,4,11,1.289,1621,12,0.943,0
691,6,4,11,0.7,1518,12,0.943,0
736,6,4,11,0.644,1463,12,0.888,0
845,6,4,11,0.947,1560,12,0.888,0
589,6,4,11,0.469,1392,12,0.943,0
861,6,4,11,0.612,1570,12,0.943,0
625,6,4,11,0.227,1376,12,0.943,0
881,6,4,11,0.21,1421,12,0.888,0
896,6,4,11,1.547,1567,12,0.943,0
887,6,4,11,0.891,1478,12,0.943,0
492,6,4,11,0.274,1384,12,0.888,0
555,6,4,11,0.338,1355,12,0.888,0
681,6,4,11,0.819,1505,12,0.888,0
674,6,4,11,0.469,1437,12,0.888,0
665,6,4,11,0.644,1364,12,0.943,0
804,6,4,11,0.569,1409,12,0.888,0
794,6,4,11,0.409,1356,12,0.888,0
721,6,4,11,0.429,1497,12,0.888,0
769,6,4,11,0.413,1370,12,0.943,0
950,6,4,11,1.408,1560,12,0.943,0
694,6,4,11,1.11,1541,12,0.888,0
931,6,4,11,1.058,1473,12,0.943,0
560,6,4,11,0.258,1414,12,0.943,0
572,6,4,11,0.378,1323,12,0.888,0
776,6,4,11,0.493,1563,12,0.888,0
951,6,4,11,0.863,1519,12,0.888,0
545,6,4,11,0.37,1468,12,0.943,0
724,6,4,11,0.453,1525,12,0.888,0
697,6,4,11,0.25,1531,12,0.943,0
688,6,4,11,0.537,1380,12,0.943,0
782,6,4,11,0.226,1354,12,0.943,0
938,6,4,11,0.636,1435,12,0.888,0
771,6,4,11,1.344,1694,12,0.943,0
848,6,4,11,0.875,1612,12,0.943,0
968,6,4,11,0.573,1504,12,0.943,0
775,6,4,11,0.155,1424,12,0.943,0
781,6,4,11,0.115,1374,12,0.888,0
643,6,4,11,0.596,1475,12,0.943,0
818,6,4,11,0.811,1624,12,0.888,0
605,6,4,11,0.043,1249,12,0.943,0
705,6,4,11,0.119,1470,12,0.888,0
549,6,4,11,0.087,1491,12,0.943,0
855,6,4,11,1.233,1572,12,0.888,0
565,6,4,11,0.648,1421,12,0.888,0
618,6,4,11,0.33,1367,12,0.888,0
709,6,4,11,0.771,1420,12,0.888,0
874,6,4,11,0.935,1576,12,0.943,0
746,6,4,11,0.306,1372,12,0.943,0
472,6,4,11,0.238,1277,12,0.943,0
746,6,4,11,0.286,1563,12,0.888,0
898,6,4,11,0.768,1541,12,0.943,0
520,6,4,11,0.008,1263,12,0.888,0
830,6,4,11,0.66,1530,12,0.943,0
876,6,4,11,0.907,1421,12,0.943,0
839,6,4,11,0.386,1360,12,0.888,0
437,6,4,11,0.366,1269,12,0.943,0
982,6,4,11,0.254,1439,12,0.888,0
984,6,4,11,0.839,1496,12,0.943,0
827,6,4,11,0.775,1489,12,0.943,0
696,6,4,11,0.684,1604,12,0.888,0
742,6,4,11,0.724,1356,12,0.943,0
786,6,4,11,0.923,1517,12,0.943,0
839,6,4,11,0.214,1389,12,0.943,0
312,6,4,11,0.55,1123,12,0.888,0
669,6,4,11,0.425,1463,12,0.943,0
623,6,4,11,0.525,1360,12,0.888,0
928,6,4,11,0.493,1409,12,0.943,0
670,6,4,11,0.238,1467,12,0.943,0
760,6,4,11,0.557,1383,12,0.943,0
765,6,4,11,0.676,1424,12,0.888,0
612,6,4,11,0.386,1354,12,0.943,0
787,6,4,11,0.986,1552,12,0.888,0
759,6,4,11,0.64,1510,12,0.943,0
671,6,4,11,0.517,1312,12,0.943,0
951,6,4,11,0.835,1493,12,0.943,0
596,6,4,11,0.187,1365,12,0.888,0
674,6,4,11,0.64,1457,12,0.943,0
650,6,4,11,0.951,1543,12,0.888,0
849,6,4,11,0.358,1437,12,0.943,0
841,6,4,11,0.612,1432,12,0.888,0
652,6,4,11,0.891,1544,12,0.943,0
609,6,4,11,0.795,1493,12,0.888,0
829,6,4,11,0.692,1519,12,0.943,0
658,6,4,11,0.899,1581,12,0.888,0
786,6,4,11,0.39,1604,6,0.943,0
750,6,4,11,0.282,1739,6,0.888,0
786,6,4,5,0.441,1722,6,0.943,0
823,6,4,5,0.875,1654,6,0.888,0
789,6,4,5,0.123,1594,6,0.888,0
824,6,4,5,0.362,1676,6,0.888,0
935,6,4,11,0.616,1719,6,0.888,0
772,6,4,5,0.417,1667,6,0.943,0
824,6,4,5,0.286,1623,6,0.943,0
915,6,4,11,0.505,1698,6,0.888,0
967,6,4,5,0.306,1796,6,0.888,0
766,6,4,5,0.019,1550,6,0.943,0
858,6,4,11,0.397,1748,6,0.943,0
882,6,4,11,0.6,1672,6,0.888,0
784,6,4,5,0.505,1680,6,0.943,0
943,6,4,5,0.807,1739,6,0.943,0
1003,6,4,11,0.895,1716,6,0.943,0
1003,6,4,5,1.046,1791,6,0.888,0
913,6,4,11,0.863,1726,6,0.943,0
661,6,4,11,0.246,1678,6,0.888,0
1110,6,4,5,0.899,1800,6,0.888,0
972,6,4,11,1.185,1815,6,0.888,0
764,6,4,5,0.505,1678,6,0.943,0
940,6,4,11,0.867,1728,6,0.943,0
1132,6,4,5,0.927,1701,6,0.943,0
817,6,4,11,0.346,1692,6,0.888,0
780,6,4,11,0.323,1506,6,0.943,0
966,6,4,5,1.34,1888,6,0.888,0
930,6,4,11,0.127,1514,6,0.943,0
678,6,4,5,0.191,1565,6,0.943,0
961,6,4,11,0.704,1832,6,0.888,0
864,6,4,5,0.787,1723,6,0.943,0
919,6,4,11,0.242,1635,6,0.943,0
810,6,4,5,0.529,1596,6,0.943,0
1011,6,4,5,0.827,1765,6,0.943,0
835,6,4,11,0.664,1743,6,0.888,0
889,6,4,11,0.214,1580,6,0.943,0
787,6,4,5,0.322,1742,6,0.888,0
720,6,4,11,0.14,1616,6,0.943,0
811,6,4,11,0.135,1665,6,0.943,0
907,6,4,11,0.74,1761,6,0.943,0
994,6,4,11,0.863,1732,6,0.943,0
960,6,4,5,0.994,1745,6,0.943,0
846,6,4,11,0.334,1667,6,0.888,0
638,6,4,5,0.262,1515,6,0.888,0
831,6,4,5,0.588,1840,6,0.888,0
794,6,4,11,0.457,1608,6,0.943,0
953,6,4,5,0.521,1708,6,0.943,0
1064,6,4,5,1.098,1817,6,0.888,0
718,6,4,11,0.246,1603,6,0.888,0
894,6,4,11,0.35,1760,6,0.943,0
899,6,4,11,0.982,1698,6,0.943,0
833,6,4,11,0.736,1739,6,0.943,0
918,6,4,11,0.581,1644,6,0.943,0
891,6,4,11,1.018,1730,6,0.888,0
779,6,4,11,0.409,1623,6,0.888,0
904,6,4,5,0.469,1777,6,0.888,0
963,6,4,5,1.213,1720,6,0.888,0
805,6,4,5,0.278,1804,6,0.943,0
895,6,4,11,0.931,1782,6,0.888,0
809,6,4,11,0.191,1556,6,0.943,0
807,6,4,11,0.405,1676,6,0.888,0
920,6,4,11,1.122,1768,6,0.943,0
808,6,4,5,0.214,1686,6,0.888,0
887,6,4,5,0.799,1710,6,0.943,0
793,6,4,11,1.038,1850,6,0.888,0
895,6,4,11,0.429,1704,6,0.888,0
760,6,4,11,0.016,1532,6,0.943,0
890,6,4,5,0.6,1713,6,0.943,0
916,6,4,11,0.616,1839,6,0.888,0
748,6,4,11,0.744,1711,6,0.943,0
798,6,4,11,0.799,1816,6,0.943,0
792,6,4,5,0.088,1581,6,0.943,0
907,6,4,5,0.752,1626,6,0.888,0
896,6,4,11,0.382,1763,6,0.888,0
729,6,4,5,0.887,1749,6,0.888,0
816,6,4,5,0.569,1744,6,0.943,0
943,6,4,11,0.457,1710,6,0.888,0
942,6,4,5,0.33,1663,6,0.943,0
873,6,4,11,0.752,1764,6,0.888,0
716,6,4,5,0.144,1724,6,0.888,0
809,6,4,5,0.091,1687,6,0.888,0
858,6,4,5,0.362,1716,6,0.943,0
928,6,4,11,1.01,1723,6,0.888,0
984,6,4,11,0.74,1867,6,0.888,0
795,6,4,11,0.549,1622,6,0.943,0
882,6,4,11,0.537,1657,6,0.943,0
920,6,4,11,0.541,1646,6,0.888,0
789,6,4,5,0.429,1638,6,0.888,0
1114,6,4,5,1.173,1633,6,0.943,0
866,6,4,5,0.433,1702,6,0.888,0
776,6,4,5,0.588,1669,6,0.888,0
735,6,4,5,0.012,1603,6,0.888,0
855,6,4,11,0.489,1767,6,0.943,0
851,6,4,11,0.728,1741,6,0.943,0
949,6,4,11,1.126,1768,6,0.943,0
721,6,4,11,0.306,1585,6,0.943,0
803,6,4,5,0.569,1696,6,0.888,0
781,6,4,11,0.294,1698,6,0.888,0
1022,6,4,11,1.225,1863,6,0.888,0
891,6,4,11,0.76,1783,6,0.888,0
861,6,4,5,0.525,1778,6,0.943,0
896,6,4,5,0.883,1744,6,0.888,0
938,6,4,5,0.931,1763,6,0.888,0
851,6,4,11,0.592,1816,6,0.888,0
914,6,4,11,1.058,1744,6,0.943,0
824,6,4,11,1.034,1868,6,0.888,0
831,6,4,11,0.338,1592,6,0.943,0
756,6,4,11,0.258,1579,6,0.943,0
924,6,4,5,0.835,1637,6,0.888,0
729,6,4,11,0.307,1474,6,0.943,0
900,6,4,11,0.768,1672,6,0.888,0
826,6,4,11,0.871,1758,6,0.943,0
961,6,4,11,0.517,1718,6,0.943,0
996,6,4,5,0.266,1615,6,0.943,0
647,6,4,5,0.075,1641,6,0.888,0
828,6,4,11,1.038,1677,6,0.943,0
618,6,4,5,0.092,1538,6,0.943,0
993,6,4,5,0.811,1859,6,0.943,0
881,6,4,5,0.425,1607,6,0.943,0
873,6,4,5,0.668,1816,6,0.888,0
755,6,4,11,0.592,1744,6,0.888,0
911,6,4,11,0.752,1788,6,0.888,0
848,6,4,11,0.437,1762,6,0.943,0
931,6,4,5,0.871,1815,6,0.943,0
719,6,4,5,0.382,1753,6,0.943,0
940,6,4,11,1.444,1907,6,0.943,0
1082,6,4,5,0.668,1746,6,0.888,0
940,6,4,11,0.871,1734,6,0.943,0
628,6,4,5,0.274,1657,6,0.943,0
725,6,4,11,0.246,1567,6,0.888,0
826,6,4,5,0.318,1737,6,0.888,0
918,6,4,11,0.7,1778,6,0.943,0
791,6,4,11,1.078,1823,6,0.888,0
990,6,4,11,0.99,1769,6,0.943,0
829,6,4,11,0.664,1681,6,0.943,0
1008,6,4,11,0.306,1663,6,0.943,0
865,6,4,11,1.078,1809,6,0.943,0
763,6,4,5,0.258,1636,6,0.888,0
867,6,4,11,0.867,1817,6,0.943,0
931,6,4,11,0.811,1754,6,0.943,0
915,6,4,5,0.863,1714,6,0.888,0
962,6,4,5,0.843,1766,6,0.888,0
892,6,4,5,0.29,1615,6,0.943,0
722,6,4,5,0.307,1601,6,0.943,0
792,6,4,5,0.151,1583,6,0.888,0
843,6,4,5,0.477,1767,6,0.888,0
927,6,4,5,0.947,1800,6,0.943,0
785,6,4,5,0.935,1775,6,0.888,0
923,6,4,11,0.397,1631,6,0.943,0
889,6,4,11,0.019,1645,6,0.888,0
636,6,4,11,0.064,1545,6,0.943,0
915,6,4,5,0.095,1711,6,0.888,0
925,6,4,11,0.33,1740,6,0.943,0
909,6,4,11,0.592,1692,6,0.888,0
747,6,4,5,0.859,1759,6,0.943,0
947,6,4,11,1.277,1744,6,0.943,0
818,6,4,11,0.358,1713,6,0.888,0
824,6,4,11,0.473,1711,6,0.888,0
1022,6,4,5,0.7,1831,6,0.943,0
816,6,4,5,0.23,1548,6,0.888,0
757,6,4,11,0.37,1683,6,0.943,0
958,6,4,11,1.002,1799,6,0.888,0
932,6,4,11,0.692,1750,6,0.888,0
847,6,4,5,0.636,1754,6,0.888,0
1017,6,4,5,1.321,1846,6,0.888,0
555,6,4,11,0.262,1659,6,0.943,0
893,6,4,5,0.931,1781,6,0.943,0
727,6,4,5,0.032,1600,6,0.888,0
689,6,4,11,0.318,1617,6,0.888,0
949,6,4,11,0.815,1689,6,0.943,0
766,6,4,5,0.581,1830,6,0.943,0
966,6,4,5,0.429,1646,6,0.943,0
1060,6,4,5,1.424,1873,6,0.888,0
923,6,4,5,0.513,1743,6,0.888,0
762,6,4,5,0.911,1722,6,0.943,0
759,6,4,5,0.243,1502,6,0.888,0
972,6,4,5,0.911,1694,6,0.943,0
896,6,4,5,1.15,1793,6,0.888,0
798,6,4,5,0.123,1651,6,0.943,0
887,6,4,5,0.76,1761,6,0.943,0
745,6,4,5,0.206,1723,6,0.888,0
871,6,4,11,0.636,1615,6,0.888,0
921,6,4,11,0.974,1634,6,0.888,0
973,6,4,5,0.811,1816,6,0.943,0
905,6,4,11,0.354,1692,6,0.888,0
882,6,4,11,0.437,1615,6,0.943,0
772,6,4,5,0.469,1693,6,0.943,0
981,6,4,5,0.608,1789,6,0.943,0
887,6,4,11,0.831,1717,6,0.888,0
941,6,4,5,0.111,1605,6,0.888,0
855,6,4,11,0.887,1664,6,0.943,0
898,6,4,11,0.768,1818,6,0.943,0
970,6,4,5,0.831,1813,6,0.888,0
832,6,4,5,0.342,1719,6,0.888,0
921,6,4,5,0.64,1698,6,0.888,0
651,6,4,11,0.027,1586,6,0.888,0
811,6,4,5,0.206,1723,6,0.943,0
906,6,4,11,0.501,1699,6,0.888,0
752,6,4,11,0.084,1610,6,0.888,0
798,6,4,11,0.509,1687,6,0.943,0
895,6,4,11,0.29,1654,6,0.888,0
912,6,4,11,0.004,1668,6,0.943,0
685,6,4,11,0.163,1581,6,0.888,0
967,6,4,5,0.915,1757,6,0.888,0
883,6,4,11,0.692,1578,6,0.943,0
928,6,4,11,0.437,1666,6,0.943,0
825,6,4,11,0.756,1740,6,0.888,0
972,6,4,11,1.221,1854,6,0.943,0
1011,6,4,11,0.525,1854,6,0.888,0
686,6,4,11,0.604,1556,6,0.888,0
1016,6,4,5,0.771,1725,6,0.943,0
1067,6,4,11,0.716,1769,6,0.943,0
905,6,4,5,0.561,1699,6,0.943,0
885,6,4,5,0.915,1765,6,0.888,0
894,6,4,11,0.545,1715,6,0.888,0
839,6,4,11,0.867,1747,6,0.943,0
875,6,4,5,0.704,1756,6,0.888,0
835,6,4,11,0.015,1542,6,0.888,0
849,6,4,5,0.218,1674,6,0.943,0
705,6,4,5,0.756,1636,6,0.943,0
913,6,4,5,0.469,1670,6,0.888,0
654,6,4,11,0.477,1681,6,0.943,0
934,6,4,11,0.393,1717,6,0.888,0
1000,6,4,11,0.545,1700,6,0.888,0
972,6,4,5,0.704,1699,6,0.943,0
991,6,4,5,0.203,1640,6,0.943,0
921,6,4,11,0.513,1601,6,0.943,0
784,6,4,11,0.167,1621,6,0.888,0
861,6,4,5,0.648,1659,6,0.943,0
813,6,4,11,0.346,1622,6,0.888,0
748,6,4,11,0.835,1734,6,0.943,0
778,6,4,11,0.771,1776,6,0.943,0
795,6,4,5,0.346,1736,6,0.943,0
796,6,4,5,0.927,1628,6,0.943,0
771,6,4,11,0.21,1677,6,0.943,0
846,6,4,5,0.378,1642,6,0.943,0
834,6,4,11,0.704,1743,6,0.943,0
999,6,4,11,0.748,1785,6,0.888,0
829,6,4,11,0.457,1662,6,0.888,0
1008,6,4,5,0.429,1733,6,0.943,0
1039,6,4,11,0.955,1676,6,0.943,0
1034,6,4,11,1.301,1750,6,0.943,0
895,6,4,5,0.043,1613,6,0.888,0
838,6,4,11,0.31,1701,6,0.888,0
809,6,4,11,0.791,1747,6,0.888,0
772,6,4,5,0.064,1534,6,0.888,0
1057,6,4,11,0.481,1676,6,0.943,0
750,6,4,5,0.405,1641,6,0.943,0
828,6,4,11,0.911,1807,6,0.943,0
810,6,4,11,0.875,1784,6,0.943,0
996,6,4,11,0.863,1821,6,0.943,0
831,6,4,11,0.632,1723,6,0.888,0
821,6,4,5,1.146,1754,6,0.888,0
918,6,4,11,0.736,1793,6,0.943,0
910,6,4,5,0.596,1796,6,0.943,0
866,6,4,5,0.612,1629,6,0.943,0
709,6,4,5,0.055,1623,6,0.943,0
919,6,4,5,0.756,1725,6,0.943,0
975,6,4,5,0.636,1756,6,0.888,0
737,6,4,11,0.592,1727,6,0.888,0
886,6,4,11,0.314,1627,6,0.943,0
1038,6,4,5,1.177,1793,6,0.888,0
883,6,4,5,0.632,1780,6,0.888,0
977,6,4,5,1.114,1750,6,0.943,0
864,6,4,11,0.346,1519,6,0.888,0
896,6,4,11,0.783,1670,6,0.943,0
899,6,4,11,0.584,1651,6,0.943,0
869,6,4,5,0.064,1448,6,0.943,0
852,6,4,11,0.425,1719,6,0.943,0
758,6,4,5,0.712,1710,6,0.943,0
894,6,4,5,0.155,1615,6,0.888,0
914,6,4,5,0.588,1651,6,0.943,0
943,6,4,11,1.006,1751,6,0.888,0
861,6,4,11,0.465,1601,6,0.943,0
804,6,4,5,0.592,1724,6,0.943,0
787,6,4,5,0.334,1726,6,0.888,0
954,6,4,5,0.397,1638,6,0.888,0
838,6,4,5,0.819,1781,6,0.888,0
839,6,4,11,0.171,1641,6,0.943,0
672,6,4,11,0.083,1553,6,0.943,0
928,6,4,5,0.015,1653,6,0.888,0
677,6,4,5,0.374,1691,6,0.888,0
651,6,4,11,0.768,1689,6,0.943,0
765,6,4,11,0.509,1718,6,0.888,0
913,6,4,5,0.787,1646,6,0.888,0
804,6,4,5,0.775,1677,6,0.943,0
847,6,4,5,0.103,1568,6,0.943,0
945,6,4,5,0.871,1829,6,0.888,0
834,6,4,5,1.181,1760,6,0.943,0
751,6,4,5,0.112,1465,6,0.888,0
975,6,4,11,0.863,1824,6,0.888,0
865,6,4,5,0.545,1730,6,0.943,0
857,6,4,5,0.592,1663,6,0.888,0
865,6,4,5,0.378,1660,6,0.888,0
925,6,4,11,0.883,1749,6,0.943,0
987,6,4,11,0.676,1742,6,0.888,0
856,6,4,5,0.807,1872,6,0.943,0
773,6,4,11,0.461,1765,6,0.943,0
1037,6,4,5,0.855,1754,6,0.888,0
884,6,4,5,0.588,1738,6,0.943,0
818,6,4,5,0.624,1687,6,0.888,0
762,6,4,5,0.513,1711,6,0.888,0
846,6,4,11,0.258,1754,6,0.888,0
736,6,4,5,0.569,1710,6,0.888,0
829,6,4,11,0.656,1783,6,0.888,0
911,6,4,11,0.401,1719,6,0.943,0
740,6,4,11,0.445,1621,6,0.888,0
787,6,4,11,0.457,1631,6,0.943,0
841,6,4,5,0.079,1602,6,0.888,0
816,6,4,11,0.736,1683,6,0.943,0
974,6,4,11,0.636,1702,6,0.943,0
964,6,4,5,0.7,1866,6,0.943,0
910,6,4,5,0.708,1746,6,0.943,0
906,6,4,5,1.356,1811,6,0.943,0
931,6,4,5,0.529,1759,6,0.943,0
765,6,4,11,0.008,1529,6,0.943,0
798,6,4,5,0.887,1805,6,0.943,0
769,6,4,5,0.7,1707,6,0.888,0
802,6,4,5,0.569,1820,6,0.943,0
812,6,4,11,0.397,1734,6,0.888,0
1010,6,4,11,1.293,1916,6,0.943,0
1174,6,4,5,1.134,1845,6,0.943,0
882,6,4,11,0.143,1524,6,0.888,0
939,6,4,5,0.887,1837,6,0.888,0
721,6,4,11,0.027,1621,6,0.943,0
735,6,4,11,0.227,1515,6,0.888,0
876,6,4,5,0.171,1659,6,0.888,0
833,6,4,11,0.027,1525,6,0.888,0
954,6,4,5,1.201,1842,6,0.888,0
948,6,4,11,0.871,1739,6,0.943,0
1108,6,4,11,1.126,1808,6,0.943,0
940,6,4,11,0.875,1784,6,0.888,0
689,6,4,11,0.473,1625,6,0.943,0
910,6,4,5,1.026,1829,6,0.943,0
709,6,4,5,0.326,1621,6,0.888,0
1040,6,4,11,1.591,1749,6,0.943,0
878,6,4,11,0.477,1630,6,0.943,0
811,6,4,11,0.155,1608,6,0.888,0
941,6,4,5,0.636,1774,6,0.943,0
806,6,4,11,0.835,1745,6,0.943,0
1016,6,4,5,1.046,1858,6,0.888,0
937,6,4,5,0.692,1739,6,0.943,0
886,6,4,11,0.668,1737,6,0.943,0
824,6,4,11,0.624,1770,6,0.943,0
923,6,4,11,0.855,1724,6,0.888,0
902,6,4,11,0.354,1672,6,0.943,0
736,6,4,5,0.199,1648,6,0.888,0
847,6,4,5,0.417,1733,6,0.943,0
730,6,4,5,0.176,1657,6,0.943,0
896,6,4,5,0.823,1830,6,0.888,0
791,6,4,11,0.573,1769,6,0.943,0
702,6,4,5,0.262,1652,6,0.943,0
901,6,4,11,0.712,1249,6,0.943,0
918,6,4,11,1.002,1327,6,0.943,0
765,6,4,11,0.72,1227,6,0.888,0
841,6,4,11,0.151,1181,6,0.888,0
941,6,4,11,0.807,1290,6,0.943,0
551,6,4,11,0.095,1175,6,0.943,0
850,6,4,11,0.696,1321,6,0.943,0
871,6,4,11,0.692,1290,6,0.888,0
743,6,4,11,0.199,1167,6,0.943,0
945,6,4,11,0.636,1291,6,0.888,0
851,6,4,11,0.473,1265,6,0.943,0
664,6,4,11,0.015,1013,6,0.943,0
780,6,4,11,0.254,1181,6,0.943,0
739,6,4,11,0.33,1206,6,0.888,0
734,6,4,11,0.298,1111,6,0.943,0
737,6,4,11,0.437,1267,6,0.888,0
809,6,4,11,0.791,1310,6,0.943,0
567,6,4,11,0.167,1174,6,0.888,0
713,6,4,11,0.144,1039,6,0.943,0
685,6,4,11,0.111,1139,6,0.943,0
712,6,4,11,0.008,1098,6,0.888,0
672,6,4,11,0.21,1078,6,0.888,0
815,6,4,11,0.584,1315,6,0.943,0
850,6,4,11,0.573,1320,6,0.888,0
671,6,4,11,0.652,1253,6,0.888,0
817,6,4,11,0.206,1152,6,0.888,0
738,6,4,11,0.485,1205,6,0.888,0
905,6,4,11,0.704,1267,6,0.888,0
745,6,4,11,0.64,1210,6,0.943,0
821,6,4,11,0.819,1237,6,0.888,0
635,6,4,11,1.034,1297,6,0.888,0
573,6,4,11,0.124,1063,6,0.943,0
620,6,4,11,0.485,1119,6,0.888,0
805,6,4,11,0.664,1339,6,0.943,0
815,6,4,11,0.449,1333,6,0.888,0
716,6,4,11,0.64,1191,6,0.888,0
525,6,4,11,0.355,1084,6,0.888,0
753,6,4,11,0.091,1149,6,0.888,0
853,6,4,11,0.501,1162,6,0.888,0
551,6,4,11,0.107,1068,6,0.943,0
698,6,4,11,0.262,1113,6,0.943,0
631,6,4,11,0.136,1165,6,0.943,0
628,6,4,11,0.847,1324,6,0.943,0
823,6,4,11,0.099,1084,6,0.943,0
787,6,4,11,0.084,1141,6,0.888,0
736,6,4,11,0.179,1131,6,0.888,0
814,6,4,11,0.095,1187,6,0.943,0
753,6,4,11,0.374,1252,6,0.888,0
798,6,4,11,0.047,1114,6,0.888,0
598,6,4,11,0.286,1069,6,0.943,0
839,6,4,11,0.437,1251,6,0.888,0
1036,6,4,11,0.664,1174,6,0.943,0
484,6,4,11,0.315,1081,6,0.943,0
476,6,4,11,0.282,1106,6,0.943,0
943,6,4,11,0.823,1265,6,0.888,0
738,6,4,11,0.692,1194,6,0.888,0
535,6,4,11,0.322,1121,6,0.888,0
585,6,4,11,0.191,1133,6,0.943,0
732,6,4,11,0.397,1252,6,0.943,0
639,6,4,11,0.052,1170,6,0.888,0
716,6,4,11,0.374,1258,6,0.943,0
580,6,4,11,0.128,1122,6,0.888,0
640,6,4,11,0.14,1070,6,0.943,0
679,6,4,11,0.624,1204,6,0.943,0
629,6,4,11,0.282,1105,6,0.943,0
792,6,4,11,0.672,1261,6,0.943,0
782,6,4,11,0.112,1123,6,0.943,0
970,6,4,11,0.974,1254,6,0.943,0
692,6,4,11,0.561,1001,6,0.888,0
860,6,4,11,0.959,1246,6,0.943,0
781,6,4,11,0.176,1140,6,0.943,0
611,6,4,11,0.274,1113,6,0.943,0
812,6,4,11,0.091,1069,6,0.888,0
808,6,4,11,0.242,1137,6,0.943,0
830,6,4,11,0.732,1210,6,0.943,0
854,6,4,11,0.99,1277,6,0.888,0
869,6,4,11,0.756,1286,6,0.943,0
782,6,4,11,0.167,1229,6,0.888,0
691,6,4,11,0.744,1187,6,0.888,0
760,6,4,11,0.092,1131,6,0.888,0
872,6,4,11,0.561,1263,6,0.943,0
462,6,4,11,0.067,1153,6,0.888,0
772,6,4,11,0.226,1192,6,0.888,0
671,6,4,11,0.195,1120,6,0.943,0
796,6,4,11,0.087,1129,6,0.888,0
845,6,4,11,0.207,1202,6,0.943,0
508,6,4,11,0.176,1074,6,0.943,0
738,6,4,11,0.318,1125,6,0.888,0
649,6,4,11,0.931,1260,6,0.943,0
883,6,4,11,0.449,1191,6,0.888,0
740,6,4,11,1.042,1299,6,0.888,0
683,6,4,11,0.274,1252,6,0.888,0
866,6,4,11,0.266,1136,6,0.943,0
761,6,4,11,0.035,1154,6,0.943,0
832,6,4,11,0.569,1351,6,0.888,0
745,6,4,11,0.509,1204,6,0.943,0
573,6,4,11,0.079,1110,6,0.888,0
878,6,4,11,0.684,1187,6,0.943,0
803,6,4,11,0.214,1216,6,0.943,0
819,6,4,11,0.577,1289,6,0.943,0
778,6,4,11,0.012,1147,6,0.943,0
791,6,4,11,0.171,1164,6,0.888,0
753,6,4,11,0.433,1174,6,0.888,0
1014,6,4,11,0.553,1302,6,0.943,0
403,6,4,11,0.37,1114,6,0.888,0
890,6,4,11,0.879,1368,6,0.943,0
966,6,4,11,1.046,1303,6,0.888,0
623,6,4,11,0.075,1157,6,0.888,0
779,6,4,11,0.386,1201,6,0.943,0
787,6,4,11,0.207,1067,6,0.943,0
676,6,4,11,0.553,1184,6,0.943,0
609,6,4,11,0.043,1111,6,0.888,0
686,6,4,11,0.621,1130,6,0.943,0
941,6,4,11,0.33,1279,6,0.888,0
794,6,4,11,0.867,1361,6,0.943,0
844,6,4,11,0.254,1105,6,0.888,0
704,6,4,11,0.218,1137,6,0.943,0
750,6,4,11,0.127,1161,6,0.943,0
874,6,4,11,1.142,1306,6,0.943,0
658,6,4,11,0.215,1216,6,0.888,0
933,6,4,11,0.12,1183,6,0.888,0
626,6,4,11,0.112,1008,6,0.943,0
712,6,4,11,0.729,1129,6,0.888,0
744,6,4,11,0.131,1137,6,0.888,0
579,6,4,11,0.048,1185,6,0.943,0
901,6,4,11,0.66,1306,6,0.943,0
801,6,4,11,0.692,1278,6,0.943,0
777,6,4,11,0.533,1233,6,0.943,0
696,6,4,11,0.64,1255,6,0.888,0
686,6,4,11,0.433,1270,6,0.943,0
789,6,4,11,1.042,1301,6,0.943,0
705,6,4,11,0.203,1213,6,0.888,0
682,6,4,11,0.417,1305,6,0.943,0
825,6,4,11,0.943,1298,6,0.943,0
719,6,4,11,0.728,1347,6,0.888,0
699,6,4,11,0.095,1147,6,0.888,0
929,6,4,11,0.927,1315,6,0.888,0
971,6,4,11,0.803,1243,6,0.943,0
611,6,4,11,0.059,1075,6,0.888,0
613,6,4,11,0.056,1049,6,0.888,0
771,6,4,11,0.549,1289,6,0.888,0
806,6,4,11,0.764,1143,6,0.888,0
833,6,4,11,0.887,1236,6,0.943,0
429,6,4,11,0.362,1068,6,0.888,0
586,6,4,11,0.151,1204,6,0.943,0
776,6,4,11,0.565,1087,6,0.943,0
920,6,4,11,0.959,1307,6,0.888,0
869,6,4,11,0.119,1221,6,0.943,0
905,6,4,11,0.919,1274,6,0.888,0
432,6,4,11,1.011,990,6,0.943,0
837,6,4,11,0.282,1109,6,0.888,0
659,6,4,11,0.29,1328,6,0.888,0
648,6,4,11,0.636,1183,6,0.888,0
653,6,4,11,0.004,1044,6,0.888,0
782,6,4,11,0.978,1291,6,0.888,0
587,6,4,11,0.051,1163,6,0.888,0
873,6,4,11,0.771,1333,6,0.943,0
857,6,4,11,0.489,1153,6,0.888,0
636,6,4,11,0.405,1219,6,0.888,0
869,6,4,11,0.951,1316,6,0.943,0
888,6,4,11,0.668,1199,6,0.943,0
843,6,4,11,0.303,1163,6,0.943,0
734,6,4,11,0.242,1190,6,0.888,0
566,6,4,11,0.015,1024,6,0.943,0
547,6,4,11,0.036,1143,6,0.943,0
657,6,4,11,0.016,1109,6,0.943,0
738,6,4,11,0.362,1120,6,0.888,0
821,6,4,11,0.779,1195,6,0.943,0
447,6,4,11,0.059,1051,6,0.943,0
692,6,4,11,0.433,1158,6,0.888,0
565,6,4,11,0.159,1184,6,0.943,0
907,6,4,11,1.153,1367,6,0.888,0
981,6,4,11,0.911,1294,6,0.943,0
769,6,4,11,0.072,1212,6,0.943,0
743,6,4,11,0.195,1143,6,0.888,0
612,6,4,11,0.131,1203,6,0.943,0
1019,6,4,11,0.573,1148,6,0.943,0
732,6,4,11,0.318,1220,6,0.888,0
767,6,4,11,0.055,1249,6,0.888,0
699,6,4,11,0.128,1098,6,0.943,0
680,6,4,11,0.263,1196,6,0.943,0
692,6,4,11,0.083,1221,6,0.943,0
693,6,4,11,0.521,1202,6,0.888,0
730,6,4,11,0.656,1177,6,0.943,0
447,6,4,11,0.234,1122,6,0.943,0
786,6,4,11,0.7,1248,6,0.888,0
728,6,4,11,0.76,1269,6,0.888,0
728,6,4,11,0.135,1144,6,0.943,0
890,6,4,11,0.493,1277,6,0.888,0
908,6,4,11,0.533,1197,6,0.943,0
690,6,4,11,0.335,1173,6,0.943,0
853,6,4,11,0.919,1300,6,0.888,0
853,6,4,11,0.437,1172,6,0.888,0
773,6,4,11,0.453,1142,6,0.888,0
595,6,4,11,0.039,1183,6,0.888,0
739,6,4,11,0.167,1154,6,0.888,0
910,6,4,11,0.68,1221,6,0.888,0
624,6,4,11,0.159,1221,6,0.943,0
730,6,4,11,0.024,1123,6,0.943,0
681,6,4,11,0.015,1180,6,0.943,0
927,6,4,11,0.342,1294,6,0.943,0
824,6,4,11,0.135,1165,6,0.888,0
686,6,4,11,0.542,1035,6,0.943,0
810,6,4,11,0.008,1240,6,0.888,0
819,6,4,11,0.055,1143,6,0.943,0
949,6,4,11,0.485,1241,6,0.943,0
665,6,4,11,0.549,1154,6,0.888,0
816,6,4,11,0.246,1237,6,0.888,0
749,6,4,11,0.326,1143,6,0.943,0
452,6,4,11,0.031,1151,6,0.888,0
890,6,4,11,0.425,1293,6,0.888,0
854,6,4,11,0.33,1229,6,0.888,0
629,6,4,11,0.327,1099,6,0.943,0
527,6,4,11,0.616,1275,6,0.888,0
606,6,4,11,0.028,1155,6,0.888,0
699,6,4,11,0.02,1061,6,0.943,0
754,6,4,11,0.374,1165,6,0.943,0
689,6,4,11,0.266,1056,6,0.888,0
651,6,4,11,0.505,1197,6,0.888,0
923,6,4,11,0.827,1267,6,0.943,0
646,6,4,11,0.577,1164,6,0.943,0
665,6,4,11,0.191,1067,6,0.943,0
784,6,4,11,0.787,1332,6,0.888,0
794,6,4,11,0.521,1218,6,0.888,0
753,6,4,11,0.417,1187,6,0.888,0
689,6,4,11,0.151,1315,6,0.943,0
481,6,4,11,0.39,1147,6,0.888,0
734,6,4,11,0.195,1225,6,0.943,0
752,6,4,11,0.931,1334,6,0.943,0
765,6,4,11,0.206,1219,6,0.888,0
776,6,4,11,0.779,1239,6,0.888,0
882,6,4,11,0.823,1276,6,0.888,0
541,6,4,11,0.601,1140,6,0.943,0
936,6,4,11,0.199,1256,6,0.888,0
614,6,4,11,0.048,1196,6,0.888,0
829,6,4,11,0.915,1319,6,0.943,0
977,6,4,11,0.433,1254,6,0.888,0
805,6,4,11,0.907,1223,6,0.888,0
745,6,4,11,0.187,1229,6,0.888,0
654,6,4,11,0.429,1309,6,0.943,0
609,6,4,11,0.29,1249,6,0.888,0
489,6,4,11,0.382,1078,6,0.888,0
841,6,4,11,0.131,1187,6,0.888,0
750,6,4,11,0.485,1249,6,0.943,0
561,6,4,11,0.294,1122,6,0.888,0
861,6,4,11,0.119,1193,6,0.888,0
756,6,4,11,0.131,1236,6,0.888,0
721,6,4,11,0.807,1197,6,0.943,0
814,6,4,11,0.019,1066,6,0.888,0
756,6,4,11,0.863,1162,6,0.888,0
913,6,4,11,0.716,1271,6,0.943,0
539,6,4,11,0.183,1082,6,0.943,0
682,6,4,11,1.066,1290,6,0.888,0
831,6,4,11,0.334,1125,6,0.943,0
384,6,4,11,0.518,1034,6,0.943,0
947,6,4,11,0.712,1260,6,0.888,0
715,6,4,11,0.736,1252,6,0.943,0
553,6,4,11,0.346,1142,6,0.943,0
801,6,4,11,0.127,1205,6,0.888,0
678,6,4,11,0.346,1398,6,0.943,0
794,6,4,11,0.584,1334,6,0.888,0
865,6,4,11,0.477,1185,6,0.888,0
785,6,4,11,0.055,1200,6,0.888,0
890,6,4,11,0.116,1239,6,0.888,0
736,6,4,11,0.176,1104,6,0.888,0
732,6,4,11,0.334,1205,6,0.888,0
1013,6,4,11,0.863,1339,6,0.943,0
759,6,4,11,0.843,1271,6,0.943,0
718,6,4,11,0.127,1095,6,0.888,0
823,6,4,11,0.628,1276,6,0.943,0
656,6,4,11,0.06,1098,6,0.943,0
713,6,4,11,0.255,1101,6,0.888,0
728,6,4,11,0.628,1319,6,0.943,0
591,6,4,11,0.203,1064,6,0.943,0
722,6,4,11,0.604,1265,6,0.943,0
758,6,4,11,0.163,1199,6,0.943,0
642,6,4,11,0.239,1124,6,0.888,0
874,6,4,11,0.401,1231,6,0.888,0
742,6,4,11,0.346,1231,6,0.943,0
584,6,4,11,0.238,1136,6,0.943,0
802,6,4,11,0.513,1208,6,0.943,0
684,6,4,11,0.179,1141,6,0.943,0
879,6,4,11,0.191,1216,6,0.888,0
649,6,4,11,0.132,1194,6,0.943,0
887,6,4,11,1.563,1362,6,0.888,0
941,6,4,11,1.213,1389,6,0.943,0
732,6,4,11,0.366,1172,6,0.888,0
595,6,4,11,0.413,1258,6,0.888,0
607,6,4,11,0.636,1204,6,0.943,0
766,6,4,11,0.461,1197,6,0.888,0
677,6,4,11,0.032,1204,6,0.943,0
654,6,4,11,0.207,1182,6,0.888,0
987,6,4,11,1.082,1308,6,0.943,0
599,6,4,11,0.498,1023,6,0.888,0
601,6,4,11,0.461,1119,6,0.888,0
1073,6,4,11,0.779,1356,6,0.888,0
759,6,4,11,0.275,996,6,0.943,0
621,6,4,11,0.577,1267,6,0.888,0
467,6,4,11,0.096,1099,6,0.888,0
919,6,4,11,0.664,1240,6,0.888,0
787,6,4,11,0.795,1228,6,0.888,0
495,6,4,11,0.032,1175,6,0.888,0
684,6,4,11,0.147,1224,6,0.943,0
680,6,4,11,0.048,1128,6,0.943,0
662,6,4,11,0.095,1100,6,0.888,0
857,6,4,11,0.103,1109,6,0.943,0
875,6,4,11,0.334,1025,6,0.888,0
769,6,4,11,0.489,1247,6,0.943,0
492,6,4,11,0.036,1167,6,0.943,0
965,6,4,11,0.799,1159,6,0.888,0
896,6,4,11,0.334,1240,6,0.888,0
597,6,4,11,0.012,1276,6,0.888,0
810,6,4,11,0.417,1163,6,0.943,0
881,6,4,11,0.27,1225,6,0.888,0
774,6,4,11,0.728,1248,6,0.943,0
973,6,4,11,0.819,1308,6,0.943,0
644,6,4,11,0.183,1195,6,0.888,0
719,6,4,11,0.382,1264,6,0.888,0
653,6,4,11,0.036,1139,6,0.888,0
834,6,4,11,0.27,1206,6,0.943,0
822,6,4,11,0.306,1163,6,0.943,0
798,6,4,11,0.569,1218,6,0.943,0
645,6,4,11,0.156,1198,6,0.888,0
761,6,4,11,0.167,1222,6,0.888,0
543,6,4,11,0.063,1147,6,0.888,0
816,6,4,11,0.147,1159,6,0.943,0
773,6,4,11,0.286,1287,6,0.888,0
771,6,4,11,0.347,1204,6,0.888,0
840,6,4,11,0.429,1343,6,0.888,0
667,6,4,11,0.123,1158,6,0.888,0
815,6,4,11,0.354,1122,6,0.888,0
593,6,4,11,0.517,1263,6,0.888,0
650,6,4,11,0.211,1136,6,0.943,0
712,6,4,11,0.107,1099,6,0.888,0
827,6,4,11,0.596,1261,6,0.888,0
629,6,4,11,0.175,1209,6,0.943,0
777,6,4,11,0.445,1162,6,0.888,0
301,6,4,11,0.458,1064,6,0.943,0
829,6,4,11,0.493,1190,6,0.943,0
706,6,4,11,0.764,1207,6,0.943,0
924,6,4,11,0.596,1246,6,0.943,0
792,6,4,11,0.811,1222,6,0.888,0
741,6,4,11,0.183,1202,6,0.888,0
944,6,4,11,0.135,1235,6,0.888,0
792,6,4,11,0.286,1312,6,0.943,0
734,6,4,11,0.163,1158,6,0.888,0
833,6,4,11,0.768,1268,6,0.888,0
850,6,4,11,0.907,1279,6,0.943,0
570,6,4,11,0.012,1294,6,0.943,0
989,6,4,11,0.477,1320,6,0.888,0
708,6,4,11,0.501,1225,6,0.943,0
799,6,4,11,0.397,1152,6,0.888,0
918,6,4,11,0.222,1194,6,0.888,0
1223,2,1,5,0.095,1839,6,0.888,1
1073,6,1,5,0.315,1300,6,0.888,1
899,2,1,5,0.446,1246,6,0.943,1
982,6,1,5,0.43,1195,6,0.943,1
672,2,1,5,0.414,1376,6,0.888,1
1244,6,1,5,0,1666,6,0.943,1
971,6,1,5,0.183,1359,6,0.943,1
1030,2,1,5,0.048,1365,6,0.943,1
1253,5,1,5,0.059,1595,6,0.888,1
1154,2,1,5,0.195,1595,6,0.943,1
1366,6,1,5,0.004,1636,6,0.943,1
1021,2,1,5,0.067,1608,6,0.888,1
1082,2,1,5,0.247,1256,6,0.943,1
998,5,1,5,0.136,1399,6,0.888,1
1118,5,1,5,0.223,1530,6,0.888,1
1102,2,1,5,0.219,1339,6,0.888,1
1232,5,1,5,0.218,1457,6,0.888,1
1213,2,1,5,0.172,1479,6,0.888,1
1080,5,1,5,0.064,1556,6,0.888,1
1142,5,1,5,0.06,1378,6,0.888,1
1027,6,1,5,0.035,1549,6,0.888,1
978,6,1,5,0.218,1355,6,0.888,1
966,2,1,5,0.183,1592,6,0.888,1
969,6,1,5,0.172,1394,6,0.888,1
861,2,1,5,0.374,1140,6,0.888,1
976,5,1,5,0.08,1566,6,0.888,1
1070,5,1,5,0.008,1263,6,0.888,1
1156,6,1,5,0.004,1573,6,0.943,1
959,6,1,5,0.167,1448,6,0.943,1
1022,6,1,5,0.06,1455,6,0.943,1
1008,2,1,5,0.183,1334,6,0.943,1
1169,2,1,5,0.119,1575,6,0.888,1
1238,6,1,5,0.206,1547,6,0.888,1
830,5,1,5,0.283,1355,6,0.888,1
1179,5,1,5,0.358,1598,6,0.888,1
1091,2,1,5,0.156,1351,6,0.888,1
885,5,1,5,0.311,1386,6,0.943,1
738,6,1,5,0.37,1332,6,0.943,1
1066,6,1,5,0.127,1560,6,0.943,1
837,6,1,5,0.951,1303,6,0.888,1
1222,5,1,5,0.366,1677,6,0.888,1
1185,2,1,5,0.251,1298,6,0.888,1
928,6,1,5,0.072,1374,6,0.943,1
1285,2,1,5,0.251,1320,6,0.943,1
858,2,1,5,0.156,1317,6,0.888,1
926,5,1,5,0.032,1454,6,0.888,1
913,5,1,5,0.083,1484,6,0.943,1
1353,5,1,5,0.203,1775,6,0.888,1
1276,5,1,5,0.116,1579,6,0.888,1
1069,2,1,5,0.104,1496,6,0.888,1
1152,2,1,5,0.051,1650,6,0.888,1
952,5,1,5,0.179,1482,6,0.888,1
1092,5,1,5,0.251,1388,6,0.888,1
1034,2,1,5,0.164,1436,6,0.943,1
1216,5,1,5,0.493,1644,6,0.888,1
1016,6,1,5,0.071,1455,6,0.888,1
1449,5,1,5,0.537,1550,6,0.888,1
1103,6,1,5,0.33,1788,6,0.943,1
962,5,1,5,0.222,1596,6,0.888,1
1185,6,1,5,0.374,1590,6,0.943,1
894,5,1,5,0.434,1442,6,0.888,1
998,5,1,5,0.172,1230,6,0.888,1
839,5,1,5,0.135,1576,6,0.943,1
1162,5,1,5,0.287,1474,6,0.888,1
1024,2,1,5,0.422,1370,6,0.943,1
1073,6,1,5,0.195,1391,6,0.888,1
1200,2,1,5,0.163,1700,6,0.888,1
1180,2,1,5,0.541,1552,6,0.888,1
1021,5,1,5,0.307,1412,6,0.943,1
984,5,1,5,0.004,1454,6,0.943,1
1062,6,1,5,0.434,1253,6,0.888,1
1113,6,1,5,0.084,1438,6,0.888,1
1300,5,1,5,0.441,1658,6,0.943,1
1079,6,1,5,0.068,1473,6,0.888,1
1152,6,1,5,0.047,1376,6,0.888,1
1167,6,1,5,0.144,1356,6,0.943,1
947,2,1,5,0.112,1156,6,0.888,1
1071,5,1,5,0.176,1400,6,0.888,1
1035,6,1,5,0.175,1417,6,0.943,1
1246,2,1,5,0.64,1924,6,0.943,1
1124,6,1,5,0.405,1650,6,0.888,1
1019,5,1,5,0.179,1380,6,0.943,1
912,5,1,5,0.355,1216,6,0.943,1
1131,2,1,5,0.047,1415,6,0.943,1
1079,5,1,5,0.043,1643,6,0.943,1
1175,6,1,5,0.565,1268,6,0.943,1
1173,6,1,5,0.04,1526,6,0.888,1
1059,2,1,5,0.164,1415,6,0.943,1
1108,5,1,5,0.103,1511,6,0.888,1
1292,2,1,5,0.258,1667,6,0.888,1
939,6,1,5,0.176,1487,6,0.943,1
1233,5,1,5,0.044,1404,6,0.888,1
1047,5,1,5,0.024,1509,6,0.888,1
1134,6,1,5,0.206,1507,6,0.888,1
1384,2,1,5,0.27,1287,6,0.888,1
1281,5,1,5,0.036,1495,6,0.943,1
1016,2,1,5,0.441,1620,6,0.888,1
994,2,1,5,0.323,1373,6,0.943,1
1078,2,1,5,0.644,1818,6,0.888,1
949,5,1,5,0.14,1257,6,0.943,1
917,5,1,5,0.039,1408,6,0.888,1
1060,5,1,5,0.155,1694,6,0.888,1
1171,2,1,5,0.437,1699,6,0.888,1
1068,6,1,5,0.382,1369,6,0.943,1
1052,5,1,5,0.239,1280,6,0.888,1
1332,2,1,5,0.091,1757,6,0.888,1
1121,6,1,5,0.019,1608,6,0.943,1
1190,6,1,5,0.051,1389,6,0.888,1
1134,2,1,5,0.218,1436,6,0.888,1
982,6,1,5,0.068,1534,6,0.943,1
1115,6,1,5,0.083,1615,6,0.888,1
880,5,1,5,0.128,1615,6,0.888,1
1301,2,1,5,0.183,1576,6,0.943,1
1041,6,1,5,0.092,1224,6,0.888,1
1216,5,1,5,0.266,1763,6,0.943,1
1113,5,1,5,0.335,1494,6,0.888,1
1037,6,1,5,0.206,1419,6,0.943,1
1150,6,1,5,0.175,1398,6,0.943,1
967,2,1,5,0.052,1507,6,0.888,1
1106,2,1,5,0.278,1466,6,0.943,1
1014,5,1,5,0.442,1316,6,0.943,1
885,2,1,5,0.394,1283,6,0.943,1
795,6,1,5,0.617,1305,6,0.888,1
1052,2,1,5,0.179,1280,6,0.888,1
950,5,1,5,0.351,1097,6,0.888,1
1000,2,1,5,0.096,1509,6,0.943,1
859,2,1,5,0.039,1250,6,0.943,1
1053,5,1,5,0.251,1387,6,0.943,1
918,2,1,5,0.012,1512,6,0.943,1
957,6,1,5,0.283,1456,6,0.888,1
1202,6,1,5,0.493,1496,6,0.943,1
829,6,1,5,0.422,1330,6,0.943,1
1135,2,1,5,0.043,1472,6,0.943,1
997,2,1,5,0.366,1310,6,0.943,1
1029,6,1,5,0.16,1472,6,0.888,1
999,2,1,5,0.12,1217,6,0.943,1
1160,2,1,5,0.25,1608,6,0.888,1
1127,2,1,5,0.019,1664,6,0.943,1
958,2,1,5,0.159,1486,6,0.943,1
1191,5,1,5,0.335,1460,6,0.888,1
1252,2,1,5,0.151,1517,6,0.943,1
1133,2,1,5,0.199,1284,6,0.888,1
971,5,1,5,0.55,1347,6,0.888,1
1092,5,1,5,0.168,1310,6,0.888,1
1278,2,1,5,0.302,1761,6,0.888,1
972,2,1,5,0.016,1668,6,0.888,1
1295,6,1,5,0.119,1733,6,0.943,1
1071,5,1,5,0.087,1507,6,0.888,1
1044,5,1,5,0.303,1603,6,0.943,1
924,6,1,5,0.052,1162,6,0.943,1
1162,6,1,5,0.263,1412,6,0.943,1
989,2,1,5,0.223,1364,6,0.943,1
1037,5,1,5,0.959,1070,6,0.943,1
1225,6,1,5,0,1334,6,0.888,1
1092,6,1,5,0.103,1409,6,0.943,1
1256,6,1,5,0.111,1556,6,0.888,1
989,5,1,5,0.195,1533,6,0.888,1
1070,2,1,5,0.047,1294,6,0.888,1
910,2,1,5,0.08,1402,6,0.943,1
983,6,1,5,0.534,1412,6,0.943,1
793,2,1,5,0.359,1125,6,0.888,1
1026,6,1,5,0.06,1323,6,0.888,1
994,2,1,5,0.386,1235,6,0.943,1
1163,5,1,5,0.592,1876,6,0.888,1
892,6,1,5,0.311,1198,6,0.943,1
1273,2,1,5,0.172,1330,6,0.943,1
1250,2,1,5,0.167,1647,6,0.888,1
1035,6,1,5,0.203,1461,6,0.943,1
831,2,1,5,0.187,1316,6,0.888,1
954,2,1,5,0.199,1361,6,0.888,1
1125,5,1,5,0.179,1518,6,0.888,1
1025,6,1,5,0.573,1196,6,0.888,1
1166,6,1,5,0.063,1645,6,0.943,1
1214,2,1,5,0.164,1290,6,0.888,1
1264,5,1,5,0.358,1620,6,0.943,1
997,5,1,5,0.23,1458,6,0.943,1
1045,6,1,5,0.023,1520,6,0.943,1
1254,2,1,5,0.151,1552,6,0.888,1
984,2,1,5,0.015,1531,6,0.888,1
982,2,1,5,0.211,1529,6,0.888,1
1044,5,1,5,0.104,1467,6,0.943,1
1238,5,1,5,0.107,1591,6,0.943,1
966,5,1,5,0.406,1440,6,0.943,1
855,5,1,5,0.072,1548,6,0.943,1
1184,6,1,5,0.067,1579,6,0.888,1
931,2,1,5,0.132,1344,6,0.943,1
1088,6,1,5,0.156,1358,6,0.943,1
813,2,1,5,0.112,1618,6,0.888,1
1319,5,1,5,0.131,1500,6,0.888,1
1199,2,1,5,0.02,1550,6,0.943,1
930,2,1,5,0.211,1395,6,0.888,1
921,2,1,5,0.088,1347,6,0.888,1
978,5,1,5,0.195,1082,6,0.888,1
1286,6,1,5,0.068,1485,6,0.888,1
989,6,1,5,0.187,1534,6,0.943,1
1116,5,1,5,0.207,1227,6,0.888,1
959,6,1,5,0.231,1607,6,0.943,1
1270,6,1,5,0.183,1464,6,0.888,1
1301,5,1,5,0.051,1475,6,0.943,1
1055,2,1,5,0.246,1553,6,0.943,1
858,5,1,5,0.112,1459,6,0.888,1
1073,2,1,5,0.096,1302,6,0.943,1
913,2,1,5,0.271,1421,6,0.888,1
1147,2,1,5,0.035,1658,6,0.943,1
947,2,1,5,0.08,1448,6,0.888,1
1019,5,1,5,0.47,1304,6,0.888,1
1080,2,1,5,0.164,1590,6,0.888,1
1243,2,1,5,0.012,1579,6,0.943,1
815,2,1,5,0.311,1314,6,0.888,1
1291,5,1,5,0,1518,6,0.943,1
1133,6,1,5,0.262,1755,6,0.888,1
1011,5,1,5,0.291,1145,6,0.943,1
1115,6,1,5,0.709,1037,6,0.888,1
1048,2,1,5,0.124,1337,6,0.888,1
1063,2,1,5,0.095,1510,6,0.943,1
1119,6,1,5,0.254,1660,6,0.888,1
1005,2,1,5,0.152,1342,6,0.888,1
1069,6,1,5,0.012,1536,6,0.943,1
888,5,1,5,0.315,1316,6,0.888,1
1176,2,1,5,0.346,1659,6,0.943,1
1234,2,1,5,0.071,1408,6,0.888,1
960,2,1,5,0.195,1340,6,0.943,1
920,2,1,5,0.219,1240,6,0.888,1
1134,6,1,5,0.302,1670,6,0.888,1
1100,2,1,5,0.092,1559,6,0.943,1
870,6,1,5,0.08,1497,6,0.888,1
999,5,1,5,0,1428,6,0.888,1
879,5,1,5,0.355,1208,6,0.888,1
1067,2,1,5,0.124,1345,6,0.943,1
1099,2,1,5,0.498,1363,6,0.888,1
753,6,1,5,0.06,1472,6,0.943,1
1192,2,1,5,0.462,1571,6,0.888,1
1093,5,1,5,0.331,1555,6,0.943,1
798,2,1,5,0.466,1260,6,0.888,1
1242,5,1,5,0.226,1305,6,0.888,1
1083,6,1,5,0.242,1406,6,0.943,1
1075,2,1,5,0.319,1585,6,0.888,1
1371,2,1,5,0.445,1660,6,0.943,1
813,2,1,5,0.148,1447,6,0.888,1
1089,2,1,5,0.207,1627,6,0.888,1
1076,5,1,5,0.084,1301,6,0.888,1
1096,2,1,5,0.143,1283,6,0.888,1
949,2,1,5,0.14,1430,6,0.888,1
836,6,1,5,0.156,1322,6,0.888,1
1145,5,1,5,0.493,1691,6,0.888,1
1012,5,1,5,0.191,1837,6,0.888,1
879,5,1,5,0.414,1345,6,0.888,1
1103,5,1,5,0.031,1399,6,0.943,1
1241,6,1,5,0.187,1528,6,0.888,1
1002,2,1,5,0.522,1436,6,0.943,1
1181,2,1,5,0.008,1483,6,0.943,1
1201,6,1,5,0.318,1768,6,0.888,1
923,5,1,5,0.287,1215,6,0.888,1
1250,2,1,5,0.481,1514,6,0.888,1
1308,2,1,5,0.012,1587,6,0.943,1
1043,2,1,5,0.573,1130,6,0.888,1
1002,2,1,5,0.159,1609,6,0.888,1
1293,2,1,5,0.298,1517,6,0.888,1
1049,2,1,5,0.012,1506,6,0.943,1
1188,5,1,5,0.191,1581,6,0.888,1
1212,2,1,5,0.366,1318,6,0.888,1
1027,6,1,5,0.442,1268,6,0.943,1
1115,6,1,5,0.087,1760,6,0.943,1
994,6,1,5,0.263,1446,6,0.888,1
814,6,1,5,0.752,999,6,0.943,1
895,6,1,5,0.199,1625,6,0.888,1
872,5,1,5,0.096,1275,6,0.888,1
1055,5,1,5,0.258,1441,6,0.943,1
1316,2,1,5,0.195,1368,6,0.888,1
1097,6,1,5,0.008,1482,6,0.888,1
1095,5,1,5,0.343,1369,6,0.943,1
1155,6,1,5,0.425,1816,6,0.943,1
962,2,1,5,0.167,1556,6,0.943,1
1076,2,1,5,0.047,1403,6,0.943,1
1001,6,1,5,0.036,1640,6,0.943,1
999,2,1,5,0.035,1417,6,0.888,1
890,5,1,5,0.211,1404,6,0.943,1
909,5,1,5,0.343,1235,6,0.943,1
974,6,1,5,0.012,1387,6,0.888,1
1067,6,1,5,0.287,1542,6,0.888,1
879,5,1,5,0.323,1079,6,0.943,1
625,2,1,5,0.788,1011,6,0.943,1
598,5,1,5,1.027,839,6,0.943,1
1123,6,1,5,0.335,1405,6,0.943,1
1104,2,1,5,0.414,1218,6,0.943,1
1024,6,1,5,0.092,1500,6,0.943,1
867,6,1,5,0.004,1410,6,0.888,1
1181,6,1,5,0.393,1578,6,0.943,1
1046,2,1,5,0.151,1470,6,0.888,1
1139,6,1,5,0.398,1258,6,0.888,1
1157,2,1,5,0.163,1445,6,0.943,1
1220,5,1,5,0.183,1297,6,0.888,1
1116,5,1,5,0.131,1471,6,0.888,1
1232,5,1,5,0.112,1467,6,0.943,1
894,6,1,5,0.418,1283,6,0.888,1
1058,6,1,5,0.529,1657,6,0.943,1
829,5,1,5,0.546,1084,6,0.888,1
996,2,1,5,0.152,1398,6,0.943,1
1022,5,1,5,0.207,1208,6,0.888,1
1071,6,1,5,0.191,1280,6,0.943,1
974,2,1,5,0.247,1344,6,0.943,1
808,2,1,5,0.573,1183,6,0.943,1
1025,2,1,5,0.023,1338,6,0.888,1
955,6,1,5,0.291,1484,6,0.888,1
1267,6,1,5,0.107,1757,6,0.943,1
1236,2,1,5,0.008,1496,6,0.943,1
1218,2,1,5,0.047,1713,6,0.888,1
1066,6,1,5,0.243,1177,6,0.943,1
1183,6,1,5,0.315,1313,6,0.888,1
803,2,1,5,0.609,1113,6,0.943,1
994,5,1,5,0.442,1320,6,0.888,1
935,2,1,5,0.346,1656,6,0.943,1
1200,5,1,5,0.012,1695,6,0.888,1
1212,5,1,5,0.015,1619,6,0.888,1
1049,5,1,5,0.25,1532,6,0.888,1
1274,5,1,5,0.207,1494,6,0.888,1
1038,2,1,5,0.275,1441,6,0.888,1
1221,2,1,5,0.071,1370,6,0.943,1
1022,6,1,5,0.108,1468,6,0.943,1
976,2,1,5,0.494,1320,6,0.943,1
1198,6,1,5,0.036,1430,6,0.943,1
943,6,1,5,0.116,1422,6,0.943,1
1202,5,1,5,0.429,1710,6,0.888,1
1167,5,1,5,0.254,1504,6,0.943,1
750,6,1,5,0.227,1440,6,0.943,1
1069,5,1,5,0.187,1452,6,0.943,1
784,2,1,5,0.374,1414,6,0.943,1
1141,6,1,5,0.25,1592,6,0.943,1
947,5,1,5,0.398,1275,6,0.888,1
1080,2,1,5,0.124,1702,6,0.888,1
936,2,1,5,0.263,1393,6,0.943,1
1291,2,1,5,0.351,1449,6,0.888,1
1131,6,1,5,0.028,1450,6,0.943,1
1022,6,1,5,0.355,1252,6,0.943,1
838,5,1,5,0.076,1186,6,0.943,1
1162,2,1,5,0.044,1428,6,0.943,1
930,6,1,5,0.019,1381,6,0.888,1
1022,5,1,5,0.088,1376,6,0.943,1
954,5,1,5,0.498,1395,6,0.888,1
1359,6,1,5,0.127,1368,6,0.888,1
1031,5,1,5,0.239,1409,6,0.888,1
1055,6,1,5,0.075,1465,6,0.888,1
1180,2,1,5,0.179,1534,6,0.888,1
1187,5,1,5,0.187,1501,6,0.943,1
1249,5,1,5,0.787,1858,6,0.888,1
1205,2,1,5,0.187,1578,6,0.888,1
1154,6,1,5,0.478,1249,6,0.888,1
1022,2,1,5,0.247,1307,6,0.888,1
823,5,1,5,0.132,1280,6,0.943,1
1123,2,1,5,0.167,1553,6,0.943,1
782,2,1,5,0.359,1102,6,0.943,1
1106,5,1,5,0.032,1572,6,0.888,1
832,5,1,5,0.12,1434,6,0.888,1
1648,5,1,11,0.107,3420,6,0.888,1
1476,2,1,11,0.052,3441,4,0.888,1
1392,2,1,11,0.235,3044,6,0.943,1
1570,2,1,11,0.052,3451,6,0.888,1
1540,5,1,11,0.172,3398,4,0.888,1
1232,5,1,11,0.183,2908,6,0.943,1
1353,2,1,11,0.315,2798,6,0.943,1
1695,2,1,11,0.243,2822,6,0.943,1
1413,2,1,11,0.052,2879,4,0.943,1
1799,2,1,11,0.283,3528,6,0.943,1
1620,2,1,11,0.343,3120,4,0.888,1
1226,5,1,11,0.267,3019,4,0.943,1
1562,2,1,11,0.048,3019,4,0.888,1
1736,5,1,11,0.143,3470,4,0.943,1
1047,2,1,11,0.023,3008,4,0.888,1
1112,5,1,11,0.414,2787,6,0.943,1
1341,2,1,11,0.059,3464,4,0.943,1
1390,5,1,11,0.522,3396,6,0.943,1
1399,5,1,11,0.246,3355,6,0.888,1
1487,2,1,11,0.156,3017,4,0.888,1
1741,2,1,11,0.016,3498,6,0.888,1
1688,2,1,11,0.199,3521,4,0.943,1
1653,5,1,11,0.179,2935,4,0.888,1
1496,2,1,11,0.004,3215,6,0.888,1
1762,5,1,11,0.004,3554,4,0.888,1
1711,5,1,11,0.156,3402,4,0.888,1
1695,2,1,11,0.096,3133,4,0.943,1
1228,5,1,11,0.287,3175,4,0.888,1
1512,5,1,11,0.019,3480,6,0.943,1
1471,5,1,11,0,3326,4,0.943,1
1354,5,1,11,0.031,2986,4,0.943,1
1282,2,1,11,0.112,3449,4,0.888,1
1451,5,1,11,0.219,3368,6,0.888,1
1581,2,1,11,0.092,3539,6,0.888,1
1271,5,1,11,0.06,3285,6,0.888,1
1476,5,1,11,0.351,2927,6,0.943,1
1288,2,1,11,0.605,2587,4,0.943,1
1506,5,1,11,0.251,3484,4,0.888,1
1210,2,1,11,0.06,2313,6,0.943,1
1150,5,1,11,0.351,2950,6,0.888,1
1214,5,1,11,0.271,3164,6,0.888,1
1580,5,1,11,0.274,3520,4,0.943,1
1866,5,1,11,0.067,3061,4,0.888,1
1623,5,1,11,0.108,3156,6,0.943,1
1653,2,1,11,0.426,2951,6,0.888,1
1244,2,1,11,0.904,2177,6,0.888,1
1525,2,1,11,0.084,3321,4,0.943,1
1424,5,1,11,0.136,2695,4,0.888,1
1645,2,1,11,0.111,3365,4,0.943,1
898,2,1,11,0.143,3076,6,0.888,1
945,2,1,11,0.255,2699,4,0.943,1
1684,2,1,11,0.159,3322,6,0.888,1
1607,5,1,11,0.132,3362,4,0.888,1
1553,5,1,11,0.087,3449,6,0.943,1
986,5,1,11,0.335,2458,6,0.888,1
1528,5,1,11,0.235,3171,6,0.943,1
1370,5,1,11,0.032,3287,4,0.943,1
1791,2,1,11,0.08,3430,4,0.888,1
1755,5,1,11,0.235,3067,6,0.888,1
1274,2,1,11,0.561,2498,6,0.943,1
1517,5,1,11,0.032,2994,4,0.943,1
1311,2,1,11,0.203,3408,4,0.888,1
1578,5,1,11,0.82,2471,4,0.888,1
1474,5,1,11,0.406,2964,6,0.888,1
1646,5,1,11,0.347,2562,4,0.943,1
1795,2,1,11,0.255,3090,6,0.888,1
1740,5,1,11,0.405,3535,6,0.888,1
1518,2,1,11,0.187,2819,4,0.888,1
1360,2,1,11,0.063,3183,4,0.943,1
1769,5,1,11,0.008,3523,6,0.888,1
1432,5,1,11,0.278,3209,6,0.888,1
1219,5,1,11,0.374,3383,6,0.888,1
1446,2,1,11,0.211,3131,6,0.888,1
1375,2,1,11,0.227,2730,4,0.888,1
1645,5,1,11,0.394,3249,6,0.943,1
1669,5,1,11,0.14,3254,4,0.943,1
856,5,1,11,0.351,2631,6,0.943,1
1617,5,1,11,0.418,3222,4,0.888,1
1758,2,1,11,0.076,3204,6,0.888,1
1594,5,1,11,0.438,2646,6,0.888,1
1686,2,1,11,0.262,3421,4,0.888,1
1323,5,1,11,0.518,2622,4,0.943,1
1348,5,1,11,0.092,3490,4,0.943,1
1332,2,1,11,0.701,2423,6,0.943,1
1527,2,1,11,0.307,3165,4,0.943,1
1737,5,1,11,0.072,3506,6,0.943,1
1186,5,1,11,0.502,2820,6,0.888,1
1385,5,1,11,0.023,3092,6,0.888,1
1410,2,1,11,0.271,3153,4,0.888,1
1463,2,1,11,0.156,3037,6,0.888,1
1823,5,1,11,0.156,2872,4,0.943,1
1389,2,1,11,0.307,2886,4,0.888,1
1145,5,1,11,0.071,3277,6,0.943,1
1788,2,1,11,0.27,3565,4,0.943,1
1627,5,1,11,0.135,3362,6,0.943,1
1833,5,1,11,0.358,3536,6,0.943,1
1730,5,1,11,0.091,3540,6,0.888,1
1621,5,1,11,0.068,3136,4,0.888,1
1573,5,1,11,0.27,3427,6,0.943,1
1210,2,1,11,0.51,2387,4,0.943,1
1318,2,1,11,0.164,3325,4,0.888,1
1439,2,1,11,0.04,3529,6,0.888,1
1254,5,1,11,0.067,3242,4,0.888,1
1451,5,1,11,0.156,3299,6,0.943,1
1521,5,1,11,0.095,3186,4,0.943,1
1890,5,1,11,0.132,3559,4,0.943,1
1670,2,1,11,0.116,3456,4,0.943,1
1112,5,1,11,0.008,3334,4,0.888,1
1642,2,1,11,0.363,3518,6,0.888,1
1202,2,1,11,0.629,3111,4,0.888,1
1426,2,1,11,0.195,3229,6,0.888,1
1651,2,1,11,0.052,3031,6,0.943,1
691,2,1,11,0.597,1935,6,0.888,1
1395,5,1,11,0.036,3460,4,0.888,1
1610,5,1,11,0.112,3459,6,0.943,1
1422,2,1,11,0.06,3501,6,0.943,1
1309,5,1,11,0.132,3215,6,0.943,1
1110,2,1,11,0.168,2553,4,0.943,1
1302,2,1,11,0.522,3021,6,0.888,1
1624,2,1,11,0.14,2965,6,0.943,1
1528,2,1,11,0.454,2818,6,0.943,1
1504,5,1,11,0.015,3267,4,0.943,1
1217,2,1,11,0.597,2263,6,0.888,1
1539,5,1,11,0.004,3560,6,0.888,1
1449,5,1,11,0.211,3018,6,0.888,1
1356,5,1,11,0.191,3535,4,0.943,1
1607,5,1,11,0.27,3413,4,0.888,1
1385,5,1,11,0.422,2984,4,0.888,1
1387,2,1,11,0.366,2413,6,0.943,1
1552,5,1,11,0.398,2353,4,0.888,1
1174,5,1,11,0.394,2383,4,0.943,1
1629,5,1,11,0.226,3533,4,0.888,1
1369,2,1,11,0.299,3025,6,0.888,1
1624,5,1,11,0.1,3396,4,0.888,1
1144,2,1,11,0.43,2451,6,0.888,1
1529,2,1,11,0.12,3074,4,0.888,1
1545,5,1,11,0.043,3345,6,0.888,1
1115,5,1,11,0.072,3440,6,0.943,1
1633,5,1,11,0.402,3472,6,0.943,1
1299,2,1,11,0.502,2676,4,0.943,1
1838,2,1,11,0.187,3237,4,0.943,1
1004,5,1,11,0.366,2722,4,0.943,1
1692,5,1,11,0.104,3335,4,0.943,1
1524,5,1,11,0.287,3332,6,0.943,1
1145,2,1,11,0.211,3150,4,0.943,1
1725,2,1,11,0.067,3353,6,0.888,1
1441,5,1,11,0.299,3204,6,0.888,1
1426,2,1,11,0.418,2611,4,0.888,1
1759,5,1,11,0.354,3552,4,0.943,1
1138,2,1,11,0.207,2813,6,0.888,1
1233,2,1,11,0.351,2984,6,0.888,1
1517,2,1,11,0.319,2841,6,0.888,1
1501,5,1,11,0.291,3093,4,0.943,1
1662,5,1,11,0.004,3508,4,0.888,1
1735,5,1,11,0.027,3538,6,0.888,1
1402,5,1,11,0.573,2642,6,0.943,1
1225,5,1,11,0.502,3313,4,0.888,1
1374,5,1,11,0.538,2349,6,0.943,1
1661,2,1,11,0.144,3189,4,0.888,1
1196,5,1,11,0.526,2599,4,0.943,1
1511,5,1,11,0.032,3366,6,0.888,1
1341,2,1,11,0.37,2851,4,0.943,1
1849,2,1,11,0.311,3365,6,0.943,1
1416,5,1,11,0.366,2875,4,0.888,1
1420,2,1,11,0.127,3173,6,0.943,1
1241,5,1,11,0.382,3249,6,0.943,1
1282,5,1,11,0.211,3428,6,0.888,1
1494,2,1,11,0.275,3154,4,0.943,1
1576,5,1,11,0.255,2997,4,0.943,1
1149,2,1,11,0.585,2213,4,0.888,1
1502,2,1,11,0.243,3354,6,0.943,1
1552,2,1,11,0.279,3052,4,0.943,1
1394,2,1,11,0.283,3291,6,0.943,1
1555,5,1,11,0.307,2916,4,0.943,1
1546,5,1,11,0.239,3481,6,0.943,1
1420,2,1,11,0.303,3361,6,0.943,1
1700,2,1,11,0.223,3252,4,0.888,1
1490,2,1,11,0.067,3468,4,0.943,1
1154,2,1,11,0.577,2461,6,0.943,1
1695,5,1,11,0.218,3541,4,0.943,1
1843,5,1,11,0.287,3355,6,0.943,1
1317,2,1,11,0.55,2941,6,0.888,1
1387,2,1,11,0.1,3116,4,0.943,1
1684,2,1,11,0.036,3286,4,0.888,1
1314,5,1,11,0.653,3089,6,0.888,1
1527,2,1,11,0.12,3284,4,0.888,1
1533,5,1,11,0.195,2665,6,0.888,1
1351,5,1,11,0.43,2900,6,0.888,1
1495,2,1,11,0.355,3363,4,0.943,1
1463,5,1,11,0.124,3362,6,0.888,1
1504,5,1,11,0.239,3144,4,0.943,1
1334,5,1,11,0.573,2228,6,0.943,1
1181,2,1,11,0.398,2862,4,0.888,1
1421,5,1,11,0.032,3077,4,0.888,1
1209,2,1,11,0.299,2931,4,0.888,1
1429,2,1,11,0.148,3160,6,0.888,1
1516,2,1,11,0.187,3155,6,0.943,1
1772,2,1,11,0.219,2562,4,0.943,1
1775,5,1,11,0.136,3280,6,0.888,1
1551,5,1,11,0.104,3296,6,0.943,1
1522,2,1,11,0,3310,4,0.943,1
1561,5,1,11,0.048,3373,4,0.943,1
1526,5,1,11,0.164,3000,6,0.888,1
1490,5,1,11,0.303,3199,6,0.943,1
1206,2,1,11,0.14,3464,4,0.888,1
1798,5,1,11,0.055,3243,6,0.943,1
1353,5,1,11,0.156,2922,4,0.888,1
701,5,1,6,0.772,710,7,0.943,1
520,5,1,6,0.951,602,12,0.888,1
488,5,1,6,0.705,680,12,0.888,1
522,5,1,11,0.876,615,12,0.943,1
580,5,1,11,0.776,560,7,0.943,1
495,5,1,6,1.107,565,12,0.888,1
404,5,1,11,1.437,455,12,0.943,1
483,5,1,11,1.099,589,12,0.888,1
520,5,1,6,1.083,627,7,0.943,1
516,5,1,6,1.031,565,12,0.888,1
490,5,1,11,1.051,560,7,0.943,1
495,5,1,11,1.043,641,7,0.888,1
484,5,1,6,1.266,541,12,0.888,1
612,5,1,6,0.939,593,12,0.888,1
687,5,1,11,0.756,653,7,0.943,1
531,5,1,11,1.023,553,7,0.888,1
459,5,1,11,1.433,510,12,0.888,1
424,5,1,6,1.158,620,7,0.888,1
244,5,1,11,1.684,503,7,0.943,1
597,5,1,6,0.824,589,12,0.888,1
447,5,1,11,1.222,556,7,0.888,1
428,5,1,11,1.083,594,12,0.943,1
454,5,1,11,0.975,579,12,0.943,1
366,5,1,6,0.828,580,12,0.943,1
538,5,1,11,1.146,595,7,0.888,1
466,5,1,11,1.405,550,7,0.943,1
603,5,1,6,1.023,678,7,0.943,1
527,5,1,11,1.047,593,7,0.943,1
426,5,1,11,1.317,588,12,0.943,1
291,5,1,6,1.158,531,7,0.888,1
509,5,1,11,1.003,648,7,0.943,1
432,5,1,6,0.975,614,7,0.943,1
475,5,1,11,1.035,612,12,0.943,1
471,5,1,11,0.625,702,7,0.888,1
503,5,1,11,0.916,673,7,0.943,1
557,5,1,6,0.876,623,12,0.943,1
355,5,1,11,1.349,552,7,0.888,1
447,5,1,6,1.501,525,7,0.943,1
575,5,1,11,0.868,637,7,0.888,1
562,5,1,11,1.393,581,12,0.943,1
665,5,1,11,0.88,660,7,0.943,1
547,5,1,11,0.932,617,12,0.888,1
489,5,1,11,1.317,553,7,0.943,1
524,5,1,11,0.935,626,7,0.943,1
492,5,1,6,0.892,599,12,0.943,1
621,5,1,6,1.115,612,12,0.888,1
470,5,1,11,1.302,609,12,0.943,1
484,5,1,11,1.103,550,12,0.943,1
503,5,1,11,1.282,558,12,0.888,1
583,5,1,11,0.852,649,7,0.943,1
520,5,1,6,1.035,617,7,0.888,1
561,5,1,6,1.142,595,7,0.943,1
536,5,1,11,1.107,599,12,0.888,1
598,5,1,11,1.051,596,12,0.943,1
636,5,1,11,0.804,640,7,0.888,1
575,5,1,6,0.904,614,12,0.943,1
468,5,1,11,0.88,620,7,0.943,1
317,5,1,6,1.043,522,7,0.943,1
371,5,1,11,1.329,482,12,0.888,1
414,5,1,6,0.947,645,12,0.943,1
609,5,1,6,1.182,564,12,0.888,1
657,5,1,11,0.967,675,12,0.888,1
557,5,1,6,0.9,629,12,0.943,1
496,5,1,6,1.254,548,7,0.943,1
584,5,1,6,1.039,574,12,0.943,1
549,5,1,11,0.884,592,7,0.888,1
472,5,1,6,1.266,577,7,0.943,1
527,5,1,6,1.015,601,7,0.943,1
533,5,1,6,0.955,639,7,0.888,1
444,5,1,11,1.349,588,7,0.943,1
543,5,1,11,1.238,598,7,0.888,1
421,5,1,11,1.226,559,12,0.943,1
463,5,1,6,1.242,577,7,0.943,1
683,5,1,11,0.932,680,7,0.888,1
492,5,1,11,1.282,584,12,0.888,1
441,5,1,6,0.756,641,7,0.888,1
415,5,1,6,1.341,556,12,0.943,1
318,5,1,11,1.011,493,7,0.943,1
546,5,1,11,0.939,584,7,0.888,1
567,5,1,6,1.091,602,12,0.888,1
609,5,1,11,0.677,668,7,0.943,1
464,5,1,6,0.967,658,7,0.888,1
511,5,1,11,1.266,639,7,0.888,1
466,5,1,11,1.413,521,12,0.943,1
517,5,1,11,1.166,618,12,0.888,1
398,5,1,6,1.107,528,12,0.943,1
682,5,1,6,0.828,640,12,0.888,1
582,5,1,6,1.075,660,12,0.943,1
458,5,1,6,1.214,506,12,0.888,1
585,5,1,6,0.637,631,7,0.888,1
595,5,1,11,0.601,669,7,0.943,1
375,5,1,11,1.337,492,12,0.943,1
333,5,1,6,1.222,524,12,0.943,1
655,5,1,6,0.959,660,12,0.943,1
492,5,1,11,0.951,607,7,0.888,1
485,5,1,11,1.007,549,12,0.943,1
560,5,1,11,0.892,581,7,0.943,1
393,5,1,11,1.306,519,12,0.888,1
407,5,1,6,0.721,649,12,0.943,1
487,5,1,11,1.266,553,7,0.888,1
605,5,1,11,0.908,687,12,0.943,1
611,5,1,6,0.784,673,12,0.943,1
628,5,1,11,0.88,640,12,0.943,1
443,5,1,6,1.019,557,12,0.943,1
462,5,1,11,1.182,597,12,0.943,1
531,5,1,6,0.975,590,12,0.888,1
620,5,1,11,0.884,670,12,0.943,1
423,5,1,11,1.166,605,12,0.888,1
462,5,1,6,1.357,623,12,0.888,1
473,5,1,6,1.302,576,12,0.943,1
504,5,1,6,1.123,523,7,0.943,1
476,5,1,6,1.286,587,7,0.888,1
458,5,1,11,1.246,603,7,0.888,1
472,5,1,6,1.429,568,12,0.888,1
493,5,1,6,0.947,547,12,0.888,1
397,5,1,11,1.214,517,7,0.943,1
579,5,1,6,1.123,570,12,0.943,1
595,5,1,6,1.302,585,7,0.888,1
540,5,1,6,1.377,567,12,0.888,1
593,5,1,6,0.955,620,12,0.943,1
631,5,1,6,1.266,623,7,0.943,1
569,5,1,11,1.043,607,7,0.888,1
584,5,1,6,0.88,719,12,0.888,1
601,5,1,11,0.975,606,7,0.888,1
455,5,1,11,1.182,591,12,0.888,1
541,5,1,11,1.218,590,12,0.943,1
377,5,1,6,1.119,535,7,0.943,1
492,5,1,11,1.099,594,12,0.888,1
447,5,1,11,1.226,576,7,0.888,1
328,5,1,6,1.306,556,12,0.943,1
660,5,1,6,0.776,647,7,0.888,1
459,5,1,6,1.198,537,12,0.943,1
603,5,1,6,1.103,635,7,0.888,1
422,5,1,6,0.912,629,7,0.943,1
643,5,1,11,0.784,642,7,0.888,1
464,5,1,11,0.904,559,7,0.943,1
564,5,1,6,0.947,629,12,0.888,1
567,5,1,6,0.689,636,7,0.888,1
515,5,1,11,0.729,729,7,0.888,1
464,5,1,6,1.198,591,7,0.888,1
363,5,1,6,1.317,554,12,0.888,1
567,5,1,11,0.804,638,12,0.888,1
406,5,1,11,1.146,534,7,0.888,1
441,5,1,6,1.214,607,12,0.943,1
438,5,1,11,0.959,608,7,0.888,1
549,5,1,11,0.916,654,7,0.943,1
617,5,1,6,0.729,672,7,0.888,1
487,5,1,6,1.218,566,12,0.943,1
437,5,1,6,0.943,521,12,0.888,1
528,5,1,11,1.182,612,12,0.888,1
609,5,1,11,0.808,658,7,0.888,1
453,5,1,6,1.055,553,7,0.888,1
488,5,1,11,1.134,591,7,0.888,1
671,5,1,11,1.055,604,12,0.888,1
485,5,1,11,1.003,608,12,0.943,1
592,5,1,6,0.828,674,12,0.888,1
663,5,1,6,0.912,652,7,0.888,1
429,5,1,11,1.194,571,7,0.888,1
432,5,1,6,1.031,530,12,0.888,1
557,5,1,11,1.067,612,12,0.943,1
443,5,1,11,1.242,527,7,0.888,1
538,5,1,6,1.158,601,12,0.888,1
538,5,1,6,0.864,650,12,0.943,1
607,5,1,11,1.087,643,12,0.888,1
605,5,1,11,1.019,656,7,0.943,1
558,5,1,11,1.087,534,12,0.888,1
487,5,1,6,1.035,569,12,0.943,1
612,5,1,11,0.828,640,12,0.888,1
451,5,1,11,1.166,577,12,0.888,1
687,5,1,11,0.92,627,7,0.888,1
559,5,1,11,0.808,645,7,0.943,1
386,5,1,6,1.067,487,7,0.888,1
544,5,1,6,1.238,611,7,0.888,1
547,5,1,6,0.995,621,12,0.888,1
531,5,1,6,0.995,676,7,0.888,1
508,5,1,6,1.306,598,12,0.943,1
458,5,1,11,0.995,597,12,0.888,1
392,5,1,6,1.234,578,7,0.943,1
501,5,1,11,1.079,565,12,0.943,1
650,5,1,11,0.908,722,12,0.888,1
602,5,1,11,0.991,596,7,0.888,1
451,5,1,11,1.218,619,7,0.888,1
465,5,1,11,1.214,595,7,0.943,1
510,5,1,6,1.162,572,7,0.888,1
557,5,1,11,1.162,594,7,0.888,1
454,5,1,6,1.154,523,7,0.943,1
711,5,1,11,0.824,646,12,0.943,1
550,5,1,6,1.071,617,7,0.888,1
368,5,1,11,1.142,554,7,0.943,1
474,5,1,6,0.78,688,7,0.888,1
492,5,1,6,1.15,558,12,0.943,1
458,5,1,11,1.341,547,7,0.888,1
433,5,1,6,1.087,574,7,0.943,1
411,5,1,6,0.967,630,7,0.943,1
571,5,1,11,1.186,618,7,0.943,1
500,5,1,6,1.21,574,12,0.888,1
387,5,1,6,1.568,496,12,0.888,1
459,5,1,11,0.975,568,7,0.888,1
560,5,1,11,1.25,570,12,0.888,1
570,5,1,6,1.015,603,7,0.943,1
526,5,1,11,1.115,645,7,0.943,1
497,5,1,11,1.19,569,7,0.943,1
619,5,1,6,0.947,586,7,0.943,1
513,5,1,6,0.995,620,12,0.888,1
628,5,1,6,0.725,652,12,0.888,1
432,5,1,6,1.075,591,12,0.943,1
393,5,1,6,1.158,636,12,0.888,1
489,5,1,6,1.039,591,7,0.888,1
520,5,1,11,0.609,680,7,0.888,1
529,5,1,6,0.999,569,7,0.943,1
391,5,1,6,1.071,568,7,0.943,1
543,5,1,11,1.103,578,12,0.943,1
528,5,1,6,1.17,587,12,0.888,1
599,5,1,6,0.88,673,12,0.943,1
618,5,1,11,0.697,737,12,0.943,1
596,5,1,6,0.951,635,7,0.888,1
571,5,1,6,0.951,559,7,0.888,1
610,5,1,6,1.011,614,7,0.943,1
470,5,1,6,0.979,546,7,0.888,1
507,5,1,11,1.381,484,7,0.943,1
367,5,1,11,1.449,503,7,0.943,1
504,5,1,11,1.25,559,12,0.888,1
520,5,1,6,1.011,585,7,0.888,1
501,5,1,11,1.126,594,7,0.888,1
421,5,1,6,0.991,513,12,0.888,1
634,5,1,6,0.8,669,12,0.888,1
518,5,1,6,1.353,585,7,0.943,1
586,5,1,6,0.669,596,12,0.943,1
443,5,1,6,1.075,560,7,0.888,1
574,5,1,6,0.864,647,12,0.888,1
478,5,1,11,1.222,543,12,0.943,1
471,5,1,11,0.832,623,12,0.888,1
504,5,1,11,1.15,555,12,0.943,1
529,5,1,11,1.007,635,7,0.943,1
476,5,1,11,1.186,620,7,0.888,1
489,5,1,6,1.051,561,12,0.888,1
678,5,1,11,0.904,586,7,0.943,1
494,5,1,11,0.844,643,12,0.943,1
332,5,1,6,1.329,466,7,0.888,1
454,5,1,6,0.884,652,12,0.943,1
508,5,1,11,0.816,647,12,0.888,1
508,5,1,6,1.055,586,12,0.943,1
453,5,1,6,0.852,631,7,0.888,1
464,5,1,11,1.051,642,12,0.888,1
435,5,1,6,1.198,575,7,0.943,1
567,5,1,6,1.17,504,12,0.943,1
571,5,1,6,0.812,667,12,0.888,1
487,5,1,11,1.162,579,7,0.888,1
451,5,1,11,1.612,599,7,0.888,1
534,5,1,11,1.353,653,12,0.943,1
591,5,1,11,0.939,641,7,0.943,1
418,5,1,11,1.107,589,12,0.943,1
537,5,1,6,0.88,644,7,0.888,1
520,5,1,11,1.234,532,7,0.943,1
659,5,1,6,0.621,662,12,0.943,1
551,5,1,11,0.665,660,7,0.888,1
431,5,1,6,1.485,511,7,0.888,1
380,5,1,6,0.963,550,7,0.888,1
444,5,1,6,1.099,555,7,0.888,1
548,5,1,11,0.991,588,7,0.888,1
566,5,1,11,1.262,522,12,0.943,1
406,5,1,11,1.15,554,12,0.888,1
455,5,1,6,1.031,496,7,0.888,1
429,5,1,6,1.333,548,7,0.943,1
540,5,1,6,1.059,599,7,0.943,1
619,5,1,11,0.832,637,12,0.943,1
543,5,1,11,0.808,641,7,0.888,1
561,5,1,11,1.317,564,12,0.943,1
483,5,1,6,0.82,530,12,0.888,1
518,5,1,6,1.055,596,7,0.888,1
483,5,1,6,1.071,627,12,0.943,1
523,5,1,6,1.134,588,7,0.943,1
434,5,1,11,1.027,582,7,0.888,1
468,5,1,6,0.832,628,7,0.943,1
529,5,1,11,1.031,635,7,0.943,1
438,5,1,11,0.884,605,12,0.943,1
437,5,1,6,1.234,502,12,0.888,1
693,5,1,6,1.158,626,7,0.888,1
502,5,1,11,1.075,591,12,0.888,1
444,5,1,11,1.206,586,7,0.888,1
463,5,1,6,1.258,584,7,0.888,1
559,5,1,6,0.912,625,7,0.943,1
347,5,1,6,1.608,495,12,0.888,1
497,5,1,11,1.425,541,12,0.888,1
456,5,1,6,1.003,594,7,0.888,1
574,5,1,11,0.967,617,7,0.943,1
534,5,1,6,0.896,637,7,0.888,1
369,5,1,11,1.178,552,7,0.943,1
431,5,1,6,1.258,552,12,0.943,1
609,5,1,11,0.832,617,7,0.943,1
445,5,1,6,1.365,518,12,0.888,1
511,5,1,11,1.329,636,12,0.943,1
346,5,1,6,1.377,567,7,0.888,1
384,5,1,6,1.222,543,12,0.888,1
488,5,1,6,0.928,665,7,0.888,1
547,5,1,6,1.123,582,12,0.888,1
586,5,1,11,0.645,679,7,0.888,1
697,5,1,6,0.924,656,7,0.888,1
625,5,1,11,0.565,682,12,0.888,1
592,5,1,6,1.226,569,12,0.943,1
489,5,1,11,1.023,629,7,0.888,1
349,5,1,11,1.325,486,12,0.943,1
431,5,1,6,1.091,532,7,0.943,1
538,5,1,11,1.027,635,7,0.943,1
472,5,1,6,0.912,633,12,0.943,1
617,5,1,6,0.526,683,12,0.943,1
460,5,1,11,0.824,623,12,0.943,1
501,5,1,6,1.043,661,12,0.888,1
534,5,1,11,1.015,612,12,0.943,1
448,5,1,11,1.043,638,12,0.888,1
582,5,1,11,1.067,601,12,0.888,1
440,5,1,11,1.21,543,7,0.888,1
335,5,1,6,1.186,539,7,0.888,1
534,5,1,6,0.951,568,7,0.943,1
574,5,1,11,0.796,670,12,0.888,1
505,5,1,11,1.119,616,12,0.943,1
660,5,1,11,0.756,713,7,0.888,1
515,5,1,6,0.947,560,7,0.943,1
487,5,1,6,0.88,618,7,0.943,1
491,5,1,11,0.908,643,7,0.943,1
464,5,1,6,1.067,573,12,0.888,1
485,5,1,11,1.095,607,12,0.943,1
523,5,1,6,0.999,575,12,0.888,1
457,5,1,6,0.939,597,7,0.943,1
547,5,1,11,0.928,590,12,0.943,1
456,5,1,11,0.928,637,7,0.943,1
644,5,1,6,1.087,670,12,0.943,1
527,5,1,6,1.214,539,12,0.943,1
542,5,1,6,1.115,538,12,0.943,1
460,5,1,11,1.226,515,7,0.888,1
578,5,1,6,1.003,578,12,0.943,1
477,5,1,6,1.126,569,7,0.888,1
563,5,1,6,1.035,562,7,0.943,1
550,5,1,11,0.896,573,12,0.888,1
507,5,1,11,1.469,539,7,0.888,1
531,5,1,11,1.035,594,12,0.943,1
300,5,1,11,1.644,509,12,0.943,1
574,5,1,11,0.792,704,7,0.943,1
374,5,1,6,0.92,589,12,0.888,1
494,5,1,11,1.099,545,7,0.888,1
459,5,1,11,1.405,530,7,0.943,1
453,5,1,11,1.067,571,7,0.943,1
536,5,1,6,0.92,646,7,0.888,1
510,5,1,6,1.063,633,7,0.943,1
312,5,1,11,1.29,505,7,0.943,1
560,5,1,11,0.928,612,12,0.888,1
498,5,1,6,1.083,598,7,0.943,1
543,5,1,6,0.935,544,12,0.888,1
468,5,1,11,1.306,507,12,0.888,1
439,5,1,6,1.079,576,7,0.943,1
450,5,1,6,1.13,612,12,0.888,1
508,5,1,11,1.019,630,12,0.943,1
425,5,1,6,1.174,603,7,0.888,1
653,5,3,2,0.135,1346,12,0.943,0
463,2,3,2,0.418,1370,12,0.943,0
391,5,3,2,0.076,1780,12,0.943,0
472,5,3,2,0.247,1435,12,0.888,0
529,2,3,2,0.737,1207,12,0.888,0
500,5,3,2,0.868,1192,12,0.888,0
699,5,3,2,0.355,1498,12,0.888,0
348,5,3,2,0.788,1167,12,0.943,0
749,5,3,2,0.486,1626,12,0.943,0
729,5,3,2,0.322,1448,12,0.943,0
453,2,3,2,0.669,1299,12,0.888,0
611,6,3,2,0.355,1474,12,0.888,0
679,6,3,2,0.04,1580,12,0.888,0
490,5,3,2,0.935,969,12,0.888,0
402,6,3,2,0.319,1464,12,0.943,0
654,5,3,2,0.298,1515,12,0.943,0
441,2,3,2,0.756,1062,12,0.943,0
299,5,3,2,0.999,1062,12,0.888,0
772,2,3,2,0.43,1336,12,0.888,0
347,2,3,2,0.366,1250,12,0.943,0
663,2,3,2,0.135,1598,12,0.888,0
627,6,3,2,0.478,1259,12,0.888,0
563,2,3,2,0.203,1379,12,0.943,0
380,6,3,2,1.158,934,12,0.888,0
741,2,3,2,0.33,1733,12,0.888,0
606,5,3,2,0.37,1020,12,0.943,0
559,2,3,2,0.84,1134,12,0.943,0
680,6,3,2,0.335,1119,12,0.888,0
528,5,3,2,0.128,1396,12,0.943,0
589,6,3,2,0.156,1758,12,0.888,0
683,2,3,2,0.864,1099,12,0.943,0
482,6,3,2,0.792,1283,12,0.943,0
480,2,3,2,0.609,1393,12,0.888,0
267,6,3,2,1.357,883,12,0.888,0
787,6,3,2,0.382,1786,12,0.943,0
565,6,3,2,0.752,885,12,0.943,0
651,2,3,2,0.159,1519,12,0.888,0
735,6,3,2,0.625,1352,12,0.943,0
381,6,3,2,0.251,1342,12,0.888,0
397,2,3,2,0.641,1484,12,0.943,0
469,6,3,2,0.366,1315,12,0.943,0
324,2,3,2,0.764,1143,12,0.888,0
321,2,3,2,0.872,1167,12,0.888,0
578,5,3,2,0.374,1487,12,0.888,0
704,5,3,2,0.132,1416,12,0.943,0
708,2,3,2,0,1748,12,0.943,0
699,2,3,2,0.844,1175,12,0.888,0
325,5,3,2,0.649,1519,12,0.943,0
428,6,3,2,0.577,1037,12,0.888,0
580,2,3,2,0.159,1396,12,0.943,0
783,2,3,2,0.055,1338,12,0.888,0
373,6,3,2,0.908,1283,12,0.888,0
476,2,3,2,0.335,1362,12,0.943,0
533,2,3,2,0.518,956,12,0.943,0
654,5,3,2,0.426,1301,12,0.888,0
520,6,3,2,0.084,1329,12,0.943,0
481,2,3,2,0.41,1383,12,0.943,0
695,6,3,2,1.31,1107,12,0.943,0
722,5,3,2,0.171,1545,12,0.943,0
479,2,3,2,0.466,1395,12,0.943,0
526,6,3,2,1.174,1252,12,0.888,0
348,2,3,2,0.498,1189,12,0.943,0
649,2,3,2,0.152,1327,12,0.943,0
608,5,3,2,0.82,1201,12,0.943,0
487,5,3,2,1.27,981,12,0.888,0
540,2,3,2,0.876,908,12,0.888,0
837,5,3,2,0.024,1656,12,0.943,0
401,5,3,2,0.577,1225,12,0.888,0
621,5,3,2,0.585,1325,12,0.888,0
442,6,3,2,0.784,1258,12,0.943,0
628,2,3,2,0.144,1625,12,0.888,0
453,2,3,2,0.689,1402,12,0.943,0
521,6,3,2,0.418,1304,12,0.888,0
491,5,3,2,0.51,1108,12,0.943,0
651,2,3,2,0.565,1520,12,0.888,0
449,5,3,2,0.78,1000,12,0.943,0
586,6,3,2,0.561,1144,12,0.888,0
573,2,3,2,0.84,1141,12,0.943,0
436,6,3,2,0.82,1180,12,0.888,0
546,2,3,2,0.366,1458,12,0.888,0
293,6,3,2,0.359,1292,12,0.943,0
680,6,3,2,0.318,1445,12,0.888,0
705,5,3,2,0.004,1130,12,0.943,0
627,2,3,2,0.203,1759,12,0.888,0
754,6,3,2,0.928,1276,12,0.943,0
669,2,3,2,0.064,1437,12,0.943,0
503,5,3,2,0.617,1469,12,0.943,0
677,6,3,2,0.351,1618,12,0.943,0
496,5,3,2,0.506,1287,12,0.888,0
517,5,3,2,0.255,1359,12,0.888,0
545,6,3,2,0.557,1510,12,0.943,0
483,2,3,2,0.526,1131,12,0.943,0
649,6,3,2,0.08,1402,12,0.943,0
690,6,3,2,0.534,1472,12,0.888,0
403,5,3,2,0.402,1418,12,0.888,0
411,2,3,2,0.307,1212,12,0.943,0
761,5,3,2,0.37,1308,12,0.943,0
464,2,3,2,1.385,998,12,0.888,0
738,6,3,2,0.083,1655,12,0.943,0
783,2,3,2,0.294,1677,12,0.888,0
243,6,3,2,1.007,1057,12,0.943,0
558,6,3,2,0.056,1275,12,0.888,0
541,2,3,2,0.43,1435,12,0.888,0
507,6,3,2,0.438,1220,12,0.888,0
248,2,3,2,1.604,885,12,0.888,0
388,2,3,2,0.999,1061,12,0.943,0
595,5,3,2,0.363,1095,12,0.888,0
518,6,3,2,0.605,1321,12,0.943,0
526,6,3,2,0.454,1320,12,0.888,0
424,2,3,2,0.78,1062,12,0.943,0
576,2,3,2,0.068,1659,12,0.943,0
655,2,3,2,0.071,1580,12,0.943,0
510,5,3,2,0.267,1387,12,0.888,0
647,5,3,2,0.303,1306,12,0.888,0
437,2,3,2,0.816,1179,12,0.943,0
506,5,3,2,0.267,1307,12,0.943,0
614,6,3,2,0.108,1225,12,0.888,0
666,6,3,2,0.203,1207,12,0.943,0
432,5,3,2,0.657,1250,12,0.943,0
532,2,3,2,0.554,1330,12,0.888,0
485,5,3,2,0.116,1529,12,0.943,0
419,6,3,2,0.299,1434,12,0.943,0
484,2,3,2,0.06,1262,12,0.888,0
430,6,3,2,0.76,1167,12,0.888,0
477,5,3,2,0.633,1400,12,0.943,0
565,6,3,2,0.219,1221,12,0.943,0
403,6,3,2,1.234,953,12,0.888,0
513,5,3,2,0.311,1602,12,0.943,0
360,2,3,2,0.514,1178,12,0.888,0
448,2,3,2,0.271,1416,12,0.943,0
695,6,3,2,0.016,1451,12,0.888,0
623,2,3,2,0.665,1335,12,0.943,0
478,6,3,2,0.836,1225,12,0.943,0
603,6,3,2,0.649,1351,12,0.943,0
808,5,3,2,0.478,1346,12,0.943,0
655,6,3,2,0.274,1719,12,0.888,0
591,5,3,2,0.06,1497,12,0.943,0
649,2,3,2,0.226,1476,12,0.943,0
613,2,3,2,0.187,1561,12,0.888,0
666,5,3,2,0.191,1158,12,0.943,0
418,6,3,2,1.353,795,12,0.943,0
532,5,3,2,0.331,1509,12,0.888,0
533,6,3,2,0.876,1481,12,0.888,0
551,2,3,2,0.231,1281,12,0.888,0
501,2,3,2,0.538,1451,12,0.943,0
462,6,3,2,0.585,1168,12,0.888,0
473,2,3,2,1.433,1220,12,0.943,0
470,6,3,2,0.112,1474,12,0.943,0
602,2,3,2,0.665,1355,12,0.888,0
773,6,3,2,0.088,1556,12,0.943,0
533,5,3,2,0.848,1001,12,0.888,0
568,5,3,2,0.319,1354,12,0.943,0
620,6,3,2,0.124,1312,12,0.943,0
478,2,3,2,0.617,1182,12,0.888,0
669,2,3,2,0.41,1473,12,0.888,0
462,5,3,2,0.068,1464,12,0.943,0
565,2,3,2,1.047,1296,12,0.888,0
445,2,3,2,0.629,1179,12,0.888,0
542,2,3,2,0.788,1212,12,0.943,0
412,6,3,2,0.303,1467,12,0.943,0
716,5,3,2,0.374,1757,12,0.943,0
538,2,3,2,0.534,1087,12,0.888,0
469,6,3,2,0.896,1045,12,0.888,0
721,2,3,2,0.406,1602,12,0.888,0
556,6,3,2,0.522,1326,12,0.888,0
440,2,3,2,1.031,1372,12,0.888,0
520,2,3,2,0.82,1084,12,0.888,0
634,6,3,2,0.677,1427,12,0.943,0
566,2,3,2,0.546,1263,12,0.888,0
532,2,3,2,0.82,1164,12,0.888,0
472,5,3,2,0.848,1169,12,0.943,0
424,2,3,2,0.355,1120,12,0.943,0
521,6,3,2,0.991,1050,12,0.943,0
707,5,3,2,0.004,1619,12,0.888,0
472,5,3,2,0.844,1225,12,0.888,0
699,2,3,2,0.199,1635,12,0.888,0
638,6,3,2,0.16,1432,12,0.888,0
596,5,3,2,0.131,1569,12,0.943,0
395,6,3,2,0.951,903,12,0.943,0
676,2,3,2,0.784,1488,12,0.888,0
609,6,3,2,0.386,1421,12,0.888,0
505,2,3,2,0.323,1301,12,0.888,0
896,5,3,2,0.024,1464,12,0.943,0
597,2,3,2,0.183,1496,12,0.943,0
454,6,3,2,0.828,1151,12,0.943,0
809,2,3,2,0.299,1605,12,0.943,0
423,5,3,2,0.398,1459,12,0.888,0
760,2,3,2,0.124,1620,12,0.888,0
622,5,3,2,0,1430,12,0.943,0
569,5,3,2,0.112,1241,12,0.888,0
458,6,3,2,1.174,1126,12,0.888,0
296,2,3,2,0.812,1279,12,0.943,0
453,5,3,2,0.53,1447,12,0.888,0
306,6,3,2,1.126,780,12,0.888,0
760,5,3,2,0.573,1318,12,0.888,0
590,2,3,2,0.311,1531,12,0.943,0
674,6,3,2,0.625,1346,12,0.943,0
580,5,3,2,0.374,1202,12,0.943,0
435,5,3,2,0.725,1534,12,0.888,0
532,2,3,2,0.454,1326,12,0.943,0
630,2,3,2,0.199,1571,12,0.943,0
655,2,3,2,0.323,1165,12,0.888,0
465,6,3,2,1.003,1236,12,0.888,0
415,2,3,2,0.924,1074,12,0.943,0
555,2,3,2,0.152,1542,12,0.888,0
533,6,3,2,0.633,1206,12,0.888,0
701,5,3,2,0.283,1090,12,0.888,0
574,5,3,2,0.366,1307,12,0.888,0
581,6,3,2,0.51,1491,12,0.943,0
352,2,3,2,0.267,1349,12,0.943,0
630,6,3,2,0.243,1350,12,0.888,0
539,6,3,2,0.152,1502,12,0.888,0
406,5,3,2,1.158,1282,12,0.888,0
458,2,3,2,0.251,1375,12,0.943,0
549,2,3,2,0.019,1488,12,0.888,0
510,6,3,2,0.454,1204,12,0.888,0
466,5,3,2,0.144,1639,12,0.888,0
546,2,3,2,0.251,1417,12,0.888,0
751,2,3,2,0.008,1356,12,0.943,0
726,5,3,2,0.25,1286,12,0.943,0
687,6,3,2,0.052,1369,12,0.943,0
731,5,3,2,0.307,1347,12,0.888,0
605,2,3,2,0.091,1605,12,0.943,0
511,5,3,2,0.446,1403,12,0.888,0
825,2,3,2,0.362,1632,12,0.888,0
593,2,3,2,0.16,1460,12,0.888,0
545,5,3,2,0.641,1374,12,0.943,0
472,6,3,2,0.896,1253,12,0.943,0
600,2,3,2,0.514,1306,12,0.888,0
464,6,3,2,0.852,1181,12,0.943,0
532,2,3,2,0.143,1622,12,0.943,0
549,2,3,2,0.203,1268,12,0.943,0
496,2,3,2,0.187,1152,12,0.888,0
612,5,3,2,0.55,1466,12,0.888,0
528,2,3,2,1.27,898,12,0.943,0
620,2,3,2,0.458,1491,12,0.888,0
658,6,3,2,0.554,1284,12,0.888,0
472,2,3,2,0.398,1348,12,0.888,0
450,2,3,2,0.37,1177,12,0.888,0
726,6,3,2,0.53,1429,12,0.943,0
350,2,3,2,0.828,1359,12,0.943,0
388,6,3,2,0.76,1135,12,0.888,0
590,2,3,2,0.609,1077,12,0.888,0
657,2,3,2,0.522,1172,12,0.943,0
509,5,3,2,0.088,1276,12,0.943,0
460,2,3,2,0.876,838,12,0.888,0
686,2,3,2,0.246,1473,12,0.888,0
375,6,3,2,0.589,1507,12,0.943,0
678,6,3,2,0.633,1124,12,0.888,0
588,5,3,2,0.04,1279,12,0.888,0
929,2,3,2,0.437,1875,12,0.888,0
367,5,3,2,0.621,1139,12,0.943,0
555,6,3,2,0.406,1146,12,0.888,0
381,5,3,2,0.454,1137,12,0.943,0
488,6,3,2,1.262,1121,12,0.943,0
730,6,3,2,0.924,1310,12,0.888,0
549,5,3,2,0.908,1401,12,0.888,0
714,5,3,2,0.498,1414,12,0.943,0
525,5,3,2,0.06,1407,12,0.888,0
631,2,3,2,0.928,1311,12,0.888,0
342,6,3,2,1.31,1015,12,0.943,0
508,6,3,2,1.178,1104,12,0.943,0
570,2,3,2,0.554,1402,12,0.888,0
741,2,3,2,0.608,2023,12,0.943,0
263,5,3,2,1.119,1025,12,0.943,0
447,2,3,2,1.067,947,12,0.943,0
589,6,3,2,0.653,1463,12,0.943,0
728,6,3,2,0.665,1284,12,0.888,0
634,5,3,2,0.262,1663,12,0.943,0
744,2,3,2,0.107,1686,12,0.943,0
676,2,3,2,0.235,1321,12,0.888,0
504,2,3,2,0.307,1249,12,0.943,0
652,5,3,2,0.51,1401,12,0.888,0
568,6,3,2,0.064,1376,12,0.943,0
622,5,3,2,0.031,1456,12,0.888,0
553,5,3,2,0.522,1188,12,0.888,0
476,2,3,2,0.438,1361,12,0.888,0
471,2,3,2,0.991,1018,12,0.888,0
768,6,3,2,0.792,1386,12,0.888,0
609,6,3,2,0.203,1455,12,0.888,0
412,5,3,2,0.713,1381,12,0.943,0
663,6,3,2,0.195,1524,12,0.943,0
374,6,3,2,1.214,921,12,0.943,0
712,6,3,2,0.067,1627,12,0.888,0
705,2,3,2,0.486,1150,12,0.888,0
456,6,3,2,0.645,1367,12,0.888,0
332,5,3,2,0.486,1404,12,0.943,0
550,6,3,2,0.112,1459,12,0.943,0
355,2,3,2,1.091,1191,12,0.943,0
859,2,3,2,0.979,1204,12,0.888,0
772,6,3,2,0.119,1569,12,0.943,0
484,2,3,2,0.291,1529,12,0.888,0
452,6,3,2,0.88,1107,12,0.943,0
867,5,3,2,0.023,1397,12,0.888,0
650,5,3,2,0.828,1086,12,0.888,0
719,2,3,2,0.152,1327,12,0.943,0
754,5,3,2,0.951,1140,12,0.888,0
388,6,3,2,0.625,1393,12,0.943,0
635,5,3,2,0.151,1658,12,0.943,0
531,2,3,2,0.9,1174,12,0.943,0
666,5,3,2,0.16,1464,12,0.943,0
423,5,3,2,0.339,1655,12,0.888,0
492,6,3,2,0.554,1381,12,0.888,0
569,5,3,2,0.733,1005,12,0.943,0
737,2,3,2,0.115,1625,12,0.888,0
407,6,3,2,0.168,1415,12,0.943,0
503,2,3,2,1.019,1008,12,0.888,0
495,5,3,2,0.402,1292,12,0.943,0
560,2,3,2,0.442,1497,12,0.888,0
518,5,3,2,0.039,1536,12,0.888,0
465,5,3,2,0.637,1286,12,0.888,0
508,5,3,2,0.275,1431,12,0.888,0
643,2,3,2,0.104,1487,12,0.943,0
698,6,3,2,0.1,1305,12,0.943,0
625,6,3,2,0.709,1238,12,0.943,0
573,2,3,2,0.589,1082,12,0.888,0
873,5,3,2,0.103,1738,12,0.888,0
628,6,3,2,0.235,1379,12,0.888,0
497,2,3,2,0.422,1341,12,0.888,0
418,6,3,2,0.705,1394,12,0.943,0
623,2,3,2,0.872,1335,12,0.888,0
461,5,3,2,0.267,1482,12,0.888,0
620,5,3,2,0.37,1677,12,0.888,0
737,5,3,2,0.215,1304,12,0.888,0
475,2,3,2,0.028,1641,12,0.888,0
624,5,3,2,0.748,1456,12,0.943,0
427,2,3,2,0.963,1123,12,0.943,0
569,6,3,2,0.478,1192,12,0.943,0
525,2,3,2,0.183,1340,12,0.888,0
567,5,3,2,0.55,1266,12,0.888,0
555,5,3,2,0.1,1479,12,0.888,0
503,6,3,2,0.951,1139,12,0.888,0
669,6,3,2,0.657,1319,12,0.888,0
297,6,3,2,0.215,1368,12,0.888,0
682,6,3,2,0.136,1540,12,0.888,0
587,5,3,2,0.251,1380,12,0.888,0
498,2,3,2,0.641,1411,12,0.888,0
497,6,3,2,0.896,1379,12,0.943,0
579,5,3,2,0.191,1353,12,0.888,0
519,5,3,2,0.167,1584,12,0.943,0
504,6,3,2,1.083,936,12,0.888,0
572,6,3,2,0.888,1305,12,0.888,0
492,5,3,2,0.45,1577,12,0.888,0
569,2,3,2,0.565,1365,12,0.943,0
570,6,3,2,0.294,1645,12,0.943,0
222,6,3,2,1.504,1020,12,0.888,0
500,2,3,2,0.892,971,12,0.888,0
409,2,3,2,1.373,916,12,0.943,0
607,2,3,2,0.478,1271,12,0.943,0
443,2,3,2,0.506,1492,12,0.888,0
464,5,3,2,1.23,1038,12,0.943,0
683,6,3,2,0.609,1373,12,0.888,0
372,5,3,2,0.776,1035,12,0.888,0
319,5,3,2,0.008,671,12,0.943,0
328,5,3,2,0.187,652,7,0.943,0
343,5,3,2,0.477,770,7,0.943,0
231,5,3,2,0.27,724,12,0.943,0
317,5,3,2,0.278,791,12,0.943,0
402,5,3,2,0.656,737,7,0.943,0
343,5,3,2,0.087,677,7,0.943,0
280,5,3,2,0.243,582,12,0.943,0
287,5,3,2,0.087,674,12,0.943,0
365,5,3,2,0.322,648,12,0.943,0
373,5,3,2,0.147,602,12,0.943,0
296,5,3,2,0.234,837,7,0.943,0
281,5,3,2,0.031,567,12,0.943,0
366,5,3,2,0.112,570,7,0.943,0
265,5,3,2,0.079,650,7,0.943,0
250,5,3,2,0.569,824,12,0.943,0
278,5,3,2,0.031,659,12,0.943,0
383,5,3,2,0.147,717,12,0.943,0
261,5,3,2,0.047,618,7,0.943,0
243,5,3,2,0.187,754,7,0.943,0
278,5,3,2,0.08,639,7,0.943,0
244,5,3,2,0.008,573,12,0.943,0
408,5,3,2,0.262,791,12,0.943,0
251,5,3,2,0.008,623,7,0.943,0
268,5,3,2,0.294,683,7,0.943,0
287,5,3,2,0.199,609,7,0.943,0
272,5,3,2,0.235,690,12,0.943,0
401,5,3,2,0.517,807,7,0.943,0
298,5,3,2,0.072,568,12,0.943,0
365,5,3,2,0.195,693,12,0.943,0
283,5,3,2,0.206,679,12,0.943,0
275,5,3,2,0.234,568,7,0.943,0
312,5,3,2,0.31,815,12,0.943,0
375,5,3,2,0.27,743,12,0.943,0
291,5,3,2,0.127,601,12,0.943,0
252,5,3,2,0.358,754,12,0.943,0
381,5,3,2,0.214,712,7,0.943,0
300,5,3,2,0.326,787,7,0.943,0
279,5,3,2,0.04,598,7,0.943,0
268,5,3,2,0.016,658,12,0.943,0
394,5,3,2,0.274,679,12,0.943,0
301,5,3,2,0.322,725,7,0.943,0
279,5,3,2,0.083,579,12,0.943,0
278,5,3,2,0.131,614,7,0.943,0
299,5,3,2,0.191,521,12,0.943,0
338,5,3,2,0.409,774,7,0.943,0
231,5,3,2,0.072,653,7,0.943,0
334,5,3,2,0.056,794,12,0.943,0
188,5,3,2,0.315,484,12,0.943,0
325,5,3,2,0.059,744,7,0.943,0
281,5,3,2,0.092,653,7,0.943,0
313,5,3,2,0.282,719,12,0.943,0
352,5,3,2,0.286,625,12,0.943,0
340,5,3,2,0.214,751,12,0.943,0
340,5,3,2,0.015,707,7,0.943,0
360,5,3,2,0.37,734,12,0.943,0
271,5,3,2,0.195,599,7,0.943,0
230,5,3,2,0.346,725,12,0.943,0
259,5,3,2,0.135,614,12,0.943,0
375,5,3,2,0.425,793,7,0.943,0
293,5,3,2,0.218,674,12,0.943,0
260,5,3,2,0.123,608,7,0.943,0
183,5,3,2,0.179,533,12,0.943,0
316,5,3,2,0.039,623,12,0.943,0
296,5,3,2,0.076,663,12,0.943,0
307,5,3,2,0.131,632,12,0.943,0
293,5,3,2,0.071,659,12,0.943,0
354,5,3,2,0.604,806,12,0.943,0
329,5,3,2,0.25,721,7,0.943,0
310,5,3,2,0.168,658,7,0.943,0
394,5,3,2,0.266,731,12,0.943,0
292,5,3,2,0.004,565,7,0.943,0
313,5,3,2,0.055,695,12,0.943,0
172,5,3,2,0.063,441,7,0.943,0
274,5,3,2,0.043,739,7,0.943,0
359,5,3,2,0.441,758,12,0.943,0
274,5,3,2,0.095,622,12,0.943,0
304,5,3,2,0.21,701,12,0.943,0
256,5,3,2,0.032,619,7,0.943,0
188,5,3,2,0.179,562,7,0.943,0
300,5,3,2,0.139,695,12,0.943,0
376,5,3,2,0.111,738,12,0.943,0
268,5,3,2,0.083,842,12,0.943,0
389,5,3,2,0.517,879,12,0.943,0
207,5,3,2,0.191,548,7,0.943,0
296,5,3,2,0.29,710,12,0.943,0
317,5,3,2,0.044,718,7,0.943,0
377,5,3,2,0.254,730,7,0.943,0
289,5,3,2,0.059,673,12,0.943,0
282,5,3,2,0.179,574,12,0.943,0
370,5,3,2,0.258,766,12,0.943,0
253,5,3,2,0.04,617,12,0.943,0
332,5,3,2,0.179,582,7,0.943,0
344,5,3,2,0.175,681,12,0.943,0
263,5,3,2,0.036,640,12,0.943,0
273,5,3,2,0.282,714,12,0.943,0
315,5,3,2,0.02,699,12,0.943,0
313,5,3,2,0.234,604,7,0.943,0
283,5,3,2,0.334,681,7,0.943,0
302,5,3,2,0.143,617,7,0.943,0
290,5,3,2,0.072,625,7,0.943,0
252,5,3,2,0.176,578,12,0.943,0
305,5,3,2,0.306,739,12,0.943,0
259,5,3,2,0.043,684,12,0.943,0
369,5,3,2,0.62,792,12,0.943,0
349,5,3,2,0.226,809,12,0.943,0
245,5,3,2,0.207,596,7,0.943,0
370,5,3,2,0.397,751,12,0.943,0
296,5,3,2,0.449,812,12,0.943,0
208,5,3,2,0.128,634,7,0.943,0
342,5,3,2,0.191,774,12,0.943,0
267,5,3,2,0.088,605,7,0.943,0
230,5,3,2,0.206,674,12,0.943,0
362,5,3,2,0.087,658,12,0.943,0
287,5,3,2,0.091,589,12,0.943,0
298,5,3,2,0.183,717,12,0.943,0
277,5,3,2,0.079,766,7,0.943,0
284,5,3,2,0.119,699,7,0.943,0
294,5,3,2,0.401,770,7,0.943,0
339,5,3,2,0.131,736,7,0.943,0
290,5,3,2,0.016,658,12,0.943,0
239,5,3,2,0.298,651,12,0.943,0
288,5,3,2,0.222,719,12,0.943,0
337,5,3,2,0.175,762,12,0.943,0
375,5,3,2,0.06,633,12,0.943,0
320,5,3,2,0.258,691,12,0.943,0
334,5,3,2,0.461,684,7,0.943,0
269,5,3,2,0.039,712,7,0.943,0
326,5,3,2,0.206,692,7,0.943,0
221,5,3,2,0.035,605,12,0.943,0
290,5,3,2,0.346,696,7,0.943,0
282,5,3,2,0.056,664,12,0.943,0
328,5,3,2,0.071,709,7,0.943,0
312,5,3,2,0.21,807,7,0.943,0
313,5,3,2,0.079,658,12,0.943,0
305,5,3,2,0.187,626,7,0.943,0
176,5,3,2,0.036,657,12,0.943,0
315,5,3,2,0.103,639,12,0.943,0
303,5,3,2,0.219,609,12,0.943,0
307,5,3,2,0.059,629,12,0.943,0
358,5,3,2,0.31,795,7,0.943,0
223,5,3,2,0.024,563,7,0.943,0
320,5,3,2,0.091,799,7,0.943,0
220,5,3,2,0.115,611,7,0.943,0
236,5,3,2,0.024,652,7,0.943,0
243,5,3,2,0.056,639,12,0.943,0
216,5,3,2,0.405,786,12,0.943,0
318,5,3,2,0.246,725,7,0.943,0
290,5,3,2,0.055,657,12,0.943,0
301,5,3,2,0,747,12,0.943,0
356,5,3,2,0.004,782,12,0.943,0
289,5,3,2,0.099,814,12,0.943,0
299,5,3,2,0.008,702,7,0.943,0
270,5,3,2,0.195,554,7,0.943,0
312,5,3,2,0.095,648,12,0.943,0
266,5,3,2,0.502,531,12,0.943,0
341,5,3,2,0.254,816,7,0.943,0
285,5,3,2,0.187,673,12,0.943,0
348,5,3,2,0.083,704,12,0.943,0
273,5,3,2,0.159,615,7,0.943,0
223,5,3,2,0.111,563,7,0.943,0
308,5,3,2,0.183,683,7,0.943,0
309,5,3,2,0.306,678,7,0.943,0
344,5,3,2,0.056,536,7,0.943,0
367,5,3,2,0.147,732,12,0.943,0
382,5,3,2,0.465,694,12,0.943,0
350,5,3,2,0.393,768,7,0.943,0
257,5,3,2,0.247,568,7,0.943,0
339,5,3,2,0.036,632,7,0.943,0
326,5,3,2,0.051,647,7,0.943,0
235,5,3,2,0.076,696,7,0.943,0
328,5,3,2,0.207,688,7,0.943,0
331,5,3,2,0.306,774,7,0.943,0
356,5,3,2,0.29,756,12,0.943,0
279,5,3,2,0.095,644,7,0.943,0
298,5,3,2,0.019,640,7,0.943,0
308,5,3,2,0.059,676,7,0.943,0
306,5,3,2,0.111,621,7,0.943,0
300,5,3,2,0.214,801,7,0.943,0
366,5,3,2,0.393,819,7,0.943,0
236,5,3,2,0.176,595,7,0.943,0
341,5,3,2,0.131,658,7,0.943,0
328,5,3,2,0.239,603,12,0.943,0
315,5,3,2,0.067,759,12,0.943,0
267,5,3,2,0.075,602,7,0.943,0
286,5,3,2,0.21,757,12,0.943,0
282,5,3,2,0.02,663,12,0.943,0
367,5,3,2,0.489,738,7,0.943,0
259,5,3,2,0.079,683,7,0.943,0
366,5,3,2,0.032,680,7,0.943,0
330,5,3,2,0.258,733,12,0.943,0
306,5,3,2,0.043,648,12,0.943,0
266,5,3,2,0.299,544,7,0.943,0
261,5,3,2,0.246,630,12,0.943,0
398,5,3,2,0.517,852,12,0.943,0
177,5,3,2,0.076,552,7,0.943,0
397,5,3,2,0.513,816,7,0.943,0
313,5,3,2,0.084,680,12,0.943,0
237,5,3,2,0.195,604,7,0.943,0
242,5,3,2,0.004,623,12,0.943,0
317,5,3,2,0.405,744,12,0.943,0
403,5,3,2,0.25,770,12,0.943,0
256,5,3,2,0.123,632,7,0.943,0
309,5,3,2,0.21,810,7,0.943,0
241,5,3,2,0.39,718,12,0.943,0
297,5,3,2,0.195,625,12,0.943,0
374,5,3,2,0.191,858,12,0.943,0
314,5,3,2,0.015,800,7,0.943,0
299,5,3,2,0.31,646,12,0.943,0
295,5,3,2,0.004,659,12,0.943,0
360,5,3,2,0.115,695,7,0.943,0
271,5,3,2,0.027,731,7,0.943,0
407,5,3,2,0.393,871,7,0.943,0
311,5,3,2,0.175,693,12,0.943,0
320,5,3,2,0.087,601,7,0.943,0
289,5,3,2,0.004,671,7,0.943,0
339,5,3,2,0.063,704,7,0.943,0
298,5,3,2,0.135,601,12,0.943,0
216,5,3,2,0.075,607,12,0.943,0
332,5,3,2,0.473,913,12,0.943,0
297,5,3,2,0.23,749,7,0.943,0
266,5,3,2,0.287,529,7,0.943,0
347,5,3,2,0.302,613,7,0.943,0
178,5,3,2,0.119,629,12,0.943,0
402,5,3,2,0.148,677,7,0.943,0
295,5,3,2,0.088,669,7,0.943,0
354,5,3,2,0.214,732,7,0.943,0
311,5,3,2,0.068,692,12,0.943,0
291,5,3,2,0.286,745,12,0.943,0
257,5,3,2,0.195,737,7,0.943,0
182,5,3,2,0.052,571,12,0.943,0
357,5,3,2,0.31,745,7,0.943,0
328,5,3,2,0.084,616,7,0.943,0
309,5,3,2,0.187,709,12,0.943,0
338,5,3,2,0.286,822,7,0.943,0
278,5,3,2,0.425,747,7,0.943,0
321,5,3,2,0.043,717,7,0.943,0
333,5,3,2,0.199,718,7,0.943,0
356,5,3,2,0.25,692,12,0.943,0
310,5,3,2,0.171,742,12,0.943,0
237,5,3,2,0.051,742,12,0.943,0
273,5,3,2,0.147,800,7,0.943,0
364,5,3,2,0.569,887,12,0.943,0
324,5,3,2,0.072,656,12,0.943,0
297,5,3,2,0.242,661,12,0.943,0
296,5,3,2,0.02,718,7,0.943,0
280,5,3,2,0.084,622,12,0.943,0
329,5,3,2,0.056,638,7,0.943,0
257,5,3,2,0.318,725,7,0.943,0
353,5,3,2,0.199,686,12,0.943,0
356,5,3,2,0.68,790,12,0.943,0
315,5,3,2,0.537,839,7,0.943,0
269,5,3,2,0.096,529,12,0.943,0
264,5,3,2,0.132,644,7,0.943,0
232,5,3,2,0.319,509,7,0.943,0
348,5,3,2,0.195,603,12,0.943,0
233,5,3,2,0.023,639,12,0.943,0
304,5,3,2,0.366,821,7,0.943,0
379,5,3,2,0.668,884,12,0.943,0
398,5,3,2,0.386,745,7,0.943,0
277,5,3,2,0.294,763,12,0.943,0
311,5,3,2,0.067,659,7,0.943,0
259,5,3,2,0.068,662,12,0.943,0
220,5,3,2,0.156,641,7,0.943,0
221,5,3,2,0.215,669,7,0.943,0
253,5,3,2,0.088,598,12,0.943,0
253,5,3,2,0.247,603,7,0.943,0
358,5,3,2,0.382,776,12,0.943,0
280,5,3,2,0.04,721,12,0.943,0
292,5,3,2,0.302,733,7,0.943,0
272,5,3,2,0.107,647,7,0.943,0
370,5,3,2,0.206,746,12,0.943,0
374,5,3,2,0.437,830,12,0.943,0
356,5,3,2,0.501,771,7,0.943,0
297,5,3,2,0.075,677,12,0.943,0
249,5,3,2,0.382,459,7,0.943,0
311,5,3,2,0.084,763,7,0.943,0
336,5,3,2,0.267,545,7,0.943,0
320,5,3,2,0.203,685,7,0.943,0
346,5,3,2,0.362,770,12,0.943,0
343,5,3,2,0.159,694,12,0.943,0
290,5,3,2,0.238,647,7,0.943,0
331,5,3,2,0.02,566,7,0.943,0
351,5,3,2,0.302,814,7,0.943,0
265,5,3,2,0.294,658,7,0.943,0
341,5,3,2,0.08,695,7,0.943,0
332,5,3,2,0.354,699,7,0.943,0
290,5,3,2,0.019,735,12,0.943,0
302,5,3,2,0.127,681,12,0.943,0
379,5,3,2,0.25,759,7,0.943,0
295,5,3,2,0.112,637,12,0.943,0
367,5,3,2,0.561,838,12,0.943,0
294,5,3,2,0.35,804,12,0.943,0
294,5,3,2,0.234,688,12,0.943,0
380,5,3,2,0.222,783,12,0.943,0
309,5,3,2,0.247,577,7,0.943,0
280,5,3,2,0.183,611,7,0.943,0
341,5,3,2,0.39,687,12,0.943,0
371,5,3,2,0.366,758,12,0.943,0
357,5,3,2,0.314,691,12,0.943,0
262,5,3,2,0.071,650,7,0.943,0
311,5,3,2,0.274,683,7,0.943,0
306,5,3,2,0.275,603,7,0.943,0
279,5,3,2,0.04,659,7,0.943,0
288,5,3,2,0.151,597,12,0.943,0
337,5,3,2,0.155,787,7,0.943,0
329,5,3,2,0.493,839,12,0.943,0
279,5,3,2,0.035,644,12,0.943,0
274,5,3,2,0.047,619,7,0.943,0
254,5,3,2,0.099,655,7,0.943,0
255,5,3,2,0.075,645,12,0.943,0
280,5,3,2,0.103,767,7,0.943,0
395,5,3,2,0.171,554,12,0.943,0
274,5,3,2,0.083,624,12,0.943,0
318,5,3,2,0.131,711,7,0.943,0
280,5,3,2,0.055,721,7,0.943,0
258,5,3,2,0.051,526,7,0.943,0
266,5,3,2,0.052,641,12,0.943,0
395,5,3,2,0.032,721,12,0.943,0
252,5,3,2,0.135,733,7,0.943,0
282,5,3,2,0.135,708,12,0.943,0
337,5,3,2,0.338,783,12,0.943,0
284,5,3,2,0.155,578,7,0.943,0
332,5,3,2,0.254,765,12,0.943,0
291,5,3,2,0.334,776,7,0.943,0
397,5,3,2,0.29,796,12,0.943,0
321,5,3,2,0.493,784,7,0.943,0
261,5,3,2,0.048,603,7,0.943,0
329,5,3,2,0.155,726,12,0.943,0
267,5,3,2,0.004,674,12,0.943,0
295,5,3,2,0.076,587,12,0.943,0
351,5,3,2,0.366,674,12,0.943,0
236,5,3,2,0.004,615,12,0.943,0
256,5,3,2,0.171,735,12,0.943,0
280,5,3,2,0.274,792,12,0.943,0
376,5,3,2,0.067,681,12,0.943,0
362,5,3,2,0.346,716,12,0.943,0
294,5,3,2,0.123,717,12,0.943,0
417,5,3,2,0.246,819,7,0.943,0
397,5,3,2,0.318,824,7,0.943,0
228,5,3,2,0.326,724,7,0.943,0
288,5,3,2,0.266,654,7,0.943,0
357,5,3,2,0.278,793,7,0.943,0
247,5,3,2,0.023,707,12,0.943,0
293,5,3,2,0.004,697,12,0.943,0
373,5,3,2,0.334,783,7,0.943,0
263,5,3,2,0.096,654,12,0.943,0
396,5,3,2,0.393,774,7,0.943,0
273,5,3,2,0.095,650,7,0.943,0
299,5,3,2,0.167,735,12,0.943,0
304,5,3,2,0.179,575,7,0.943,0
312,5,3,2,0.111,670,7,0.943,0
308,5,3,2,0.116,535,7,0.943,0
378,5,3,2,0.231,2330,6,1.804,0
250,3,3,2,0.064,3386,6,0.888,0
315,5,3,2,0.374,3319,6,1.804,0
481,3,3,2,0.438,3317,6,0.888,0
216,5,3,2,0.183,3059,6,0.888,0
503,5,3,2,0.06,3202,6,0.888,0
453,3,3,2,0.028,3479,6,0.888,0
413,3,3,2,0.291,3477,6,0.943,0
271,5,3,2,0.128,2885,6,0.943,0
468,3,3,2,0.183,2423,6,0.888,0
336,3,3,2,0.382,2065,6,0.888,0
378,3,3,2,0.299,2780,6,1.804,0
286,5,3,2,0.908,2321,6,1.804,0
353,3,3,2,0.426,2851,6,0.943,0
330,5,3,2,0.378,2890,6,0.888,0
451,3,3,2,0.374,3346,6,0.888,0
409,3,3,2,0.023,3513,6,0.943,0
510,5,3,2,0.159,3408,6,0.943,0
308,5,3,2,0.076,3145,6,1.804,0
220,5,3,2,0.183,3565,6,1.804,0
265,5,3,2,0.653,3286,6,1.804,0
330,3,3,2,0.254,3373,6,0.888,0
287,3,3,2,0.422,3263,6,1.804,0
388,5,3,2,0.363,3254,6,0.888,0
354,3,3,2,0.059,3423,6,1.804,0
268,5,3,2,0.446,3262,6,1.804,0
493,3,3,2,0.168,2413,6,1.804,0
455,3,3,2,0.195,3397,6,1.804,0
269,3,3,2,0.478,2625,6,1.804,0
379,3,3,2,0.628,3426,6,0.943,0
607,3,3,2,0.327,3374,6,0.888,0
283,5,3,2,0.29,3520,6,0.943,0
339,5,3,2,0.374,3203,6,1.804,0
293,5,3,2,0.967,2765,6,0.943,0
473,5,3,2,0.318,3390,6,0.888,0
256,5,3,2,0.071,3377,6,0.888,0
383,5,3,2,0.494,2657,6,0.888,0
478,3,3,2,0.127,3492,6,0.888,0
520,5,3,2,0.478,3511,6,0.888,0
446,5,3,2,0.108,3531,6,0.943,0
241,5,3,2,0.486,3461,6,1.804,0
401,3,3,2,0.287,1877,6,0.943,0
381,5,3,2,0.168,3226,6,0.888,0
293,5,3,2,0.286,2891,6,1.804,0
917,2,1,11,1.6,1376,11,1.804,0
955,2,1,11,1.397,1543,11,0.943,0
717,2,1,11,1.512,1253,11,0.943,0
889,2,1,11,1.417,1305,11,0.943,0
1182,2,1,11,1.417,1558,11,0.943,0
815,2,1,10,1.501,1225,11,0.943,0
925,2,1,10,1.532,1501,11,1.804,0
1086,2,1,10,1.449,1581,11,0.943,0
1096,2,1,11,1.449,1508,11,1.804,0
1221,2,1,11,1.524,1429,11,1.804,0
1219,2,1,10,1.469,1255,11,1.804,0
933,2,1,11,1.536,1295,11,1.804,0
949,2,1,11,1.54,1281,11,0.943,0
1208,2,1,10,1.429,1393,11,0.943,0
1243,2,1,11,1.234,1870,11,1.804,0
1298,2,1,11,1.477,1398,11,0.943,0
1138,2,1,11,1.357,1523,11,0.943,0
1017,2,1,11,1.385,1516,11,0.943,0
1208,2,1,11,1.429,1595,11,0.943,0
1329,2,1,10,1.425,1368,11,0.943,0
717,2,1,11,1.612,1023,11,0.943,0
1027,2,1,10,1.564,1158,11,1.804,0
1003,2,1,10,1.437,1518,11,0.943,0
1028,2,1,11,1.461,1206,11,0.943,0
950,2,1,10,1.421,1488,11,1.804,0
1343,2,1,11,1.405,1727,11,0.943,0
1484,2,1,11,1.437,1710,11,1.804,0
1039,2,1,10,1.592,1107,11,1.804,0
1404,2,1,11,1.481,1335,11,0.943,0
1109,2,1,11,1.429,1168,11,1.804,0
1233,2,1,11,1.441,1527,11,0.943,0
1408,2,1,10,1.365,1572,11,1.804,0
976,2,1,11,1.337,1449,11,0.943,0
872,2,1,11,1.556,1072,11,0.943,0
1052,2,1,10,1.413,1483,11,0.943,0
1261,2,1,11,1.493,1334,11,1.804,0
1199,2,1,11,1.401,1489,11,1.804,0
834,2,1,10,1.512,1355,11,1.804,0
1010,2,1,10,1.556,1263,11,0.943,0
1216,2,1,10,1.441,1408,11,0.943,0
1380,2,1,11,1.449,1623,11,1.804,0
1091,2,1,10,1.405,1579,11,1.804,0
881,2,1,10,1.572,1113,11,0.943,0
1282,2,1,11,1.417,1582,11,0.943,0
1017,2,1,10,1.497,1328,11,1.804,0
1042,2,1,11,1.441,1456,11,1.804,0
1265,2,1,10,1.409,1468,11,1.804,0
1161,2,1,11,1.437,1453,11,0.943,0
1413,2,1,10,1.286,1801,11,0.943,0
1241,2,1,11,1.397,1497,11,1.804,0
1339,2,1,10,1.31,1778,11,1.804,0
1075,2,1,11,1.401,1715,11,0.943,0
1153,2,1,11,1.373,1530,11,1.804,0
1243,2,1,10,1.409,1641,11,0.943,0
1215,2,1,10,1.504,1348,11,1.804,0
1264,2,1,10,1.532,1361,11,0.943,0
1214,2,1,11,1.449,1404,11,0.943,0
851,2,1,11,1.548,1631,11,0.943,0
1020,2,1,10,1.421,1387,11,1.804,0
810,2,1,11,1.588,1122,11,1.804,0
1051,2,1,11,1.536,1327,11,0.943,0
825,2,1,10,1.524,1426,11,1.804,0
974,2,1,11,1.465,1360,11,0.943,0
708,2,1,10,1.493,1243,11,0.943,0
1207,2,1,11,1.409,1530,11,1.804,0
935,2,1,10,1.485,1370,11,0.943,0
1550,2,1,10,1.377,1659,11,1.804,0
1179,2,1,10,1.457,1429,11,1.804,0
951,2,1,11,1.504,1288,11,0.943,0
1069,2,1,11,1.393,1463,11,1.804,0
1066,2,1,11,1.489,1380,11,1.804,0
1170,2,1,10,1.385,1601,11,1.804,0
1679,2,1,10,1.385,1669,11,0.943,0
922,2,1,11,1.58,1095,11,0.943,0
1340,2,1,11,1.321,1693,11,1.804,0
1191,2,1,11,1.477,1331,11,1.804,0
1042,2,1,10,1.429,1655,11,1.804,0
1319,2,1,11,1.373,1605,11,1.804,0
1341,2,1,11,1.397,1674,11,1.804,0
947,2,1,11,1.501,1311,11,1.804,0
1470,2,1,11,1.306,1633,11,0.943,0
984,2,1,11,1.353,1418,11,0.943,0
1077,2,1,10,1.481,1349,11,1.804,0
1241,2,1,10,1.52,1402,11,0.943,0
1000,2,1,11,1.429,1725,11,0.943,0
895,2,1,10,1.493,1283,11,0.943,0
1423,2,1,10,1.282,1648,11,1.804,0
1526,2,1,11,1.417,1743,11,0.943,0
1046,2,1,11,1.425,1542,11,0.943,0
841,2,1,10,1.473,1405,11,0.943,0
1249,2,1,10,1.477,1621,11,1.804,0
1136,2,1,11,1.421,1452,11,1.804,0
845,2,1,10,1.441,1575,11,1.804,0
1216,2,1,10,1.465,1613,11,0.943,0
939,2,1,10,1.52,1446,11,0.943,0
894,2,1,10,1.508,1499,11,0.943,0
1206,2,1,11,1.397,1669,11,0.943,0
1278,2,1,10,1.497,1233,11,1.804,0
1094,2,1,10,1.489,1463,11,0.943,0
732,2,1,11,1.548,1094,11,1.804,0
1432,2,1,11,1.532,1442,11,0.943,0
1400,2,1,10,1.413,1614,11,0.943,0
1084,2,1,10,1.437,1459,11,1.804,0
1095,2,1,10,1.453,1496,11,1.804,0
1268,2,1,11,1.481,1259,11,1.804,0
832,2,1,11,1.457,1341,11,1.804,0
1316,2,1,11,1.433,1430,11,1.804,0
1213,2,1,11,1.461,1392,11,0.943,0
1465,2,1,10,1.361,1550,11,0.943,0
1308,2,1,11,1.329,1752,11,0.943,0
1007,2,1,10,1.481,1541,11,0.943,0
1090,2,1,10,1.341,1604,11,1.804,0
1222,2,1,10,1.552,1615,11,1.804,0
1489,2,1,11,1.373,1653,11,1.804,0
780,2,1,11,1.512,1449,11,1.804,0
1118,2,1,11,1.493,1522,11,0.943,0
1282,2,1,11,1.421,1421,11,1.804,0
1103,2,1,11,1.421,1740,11,1.804,0
1228,2,1,10,1.473,1436,11,0.943,0
999,2,1,11,1.516,1380,11,1.804,0
1354,2,1,10,1.465,1279,11,0.943,0
743,2,1,10,1.552,1285,11,0.943,0
929,2,1,10,1.548,1395,11,0.943,0
1428,2,1,11,1.445,1416,11,0.943,0
711,2,1,10,1.489,1304,11,1.804,0
1502,2,1,11,1.477,1441,11,0.943,0
721,2,1,10,1.552,1258,11,1.804,0
750,2,1,11,1.552,1199,11,0.943,0
699,2,1,10,1.596,994,11,0.943,0
996,2,1,10,1.477,1364,11,0.943,0
1262,2,1,11,1.381,1730,11,1.804,0
954,2,1,11,1.493,1268,11,1.804,0
988,2,1,11,1.504,1262,11,0.943,0
927,2,1,11,1.54,1481,11,1.804,0
1276,2,1,10,1.544,1368,11,0.943,0
1058,2,1,10,1.321,1695,11,1.804,0
1119,2,1,11,1.504,1286,11,1.804,0
983,2,1,11,1.437,1226,11,0.943,0
1065,2,1,11,1.552,1341,11,0.943,0
859,2,1,11,1.572,1232,11,1.804,0
855,2,1,10,1.421,1216,11,1.804,0
1276,2,1,10,1.429,1631,11,0.943,0
927,2,1,11,1.524,1482,11,1.804,0
922,2,1,10,1.413,1648,11,0.943,0
1009,2,1,10,1.465,1236,11,0.943,0
1206,2,1,10,1.397,1656,11,1.804,0
997,2,1,11,1.381,1776,11,1.804,0
794,2,1,10,1.465,1158,11,0.943,0
1297,2,1,11,1.421,1315,11,1.804,0
1492,2,1,11,1.405,1656,11,0.943,0
1092,2,1,10,1.445,1672,11,1.804,0
1312,2,1,11,1.413,1640,11,1.804,0
1087,2,1,11,1.433,1489,11,1.804,0
1259,2,1,11,1.313,1659,11,1.804,0
1007,2,1,10,1.433,1382,11,1.804,0
1142,2,1,10,1.413,1569,11,0.943,0
1150,2,1,11,1.481,1304,11,0.943,0
1166,2,1,10,1.437,1444,11,0.943,0
816,2,1,10,1.429,1553,11,0.943,0
1116,2,1,10,1.477,1389,11,1.804,0
1041,2,1,11,1.528,1430,11,1.804,0
1066,2,1,10,1.504,1355,11,1.804,0
735,2,1,10,1.576,1262,11,0.943,0
1201,2,1,11,1.421,1402,11,0.943,0
956,2,1,11,1.556,1351,11,1.804,0
1435,2,1,11,1.409,1658,11,1.804,0
1271,2,1,11,1.397,1585,11,1.804,0
939,2,1,10,1.524,1335,11,0.943,0
767,2,1,10,1.516,1248,11,0.943,0
1138,2,1,10,1.405,1525,11,0.943,0
1106,2,1,11,1.493,1474,11,1.804,0
1281,2,1,10,1.377,1488,11,0.943,0
1455,2,1,11,1.473,1555,11,1.804,0
808,2,1,10,1.429,1487,11,1.804,0
1250,2,1,11,1.437,1547,11,1.804,0
844,2,1,10,1.532,1499,11,0.943,0
1328,2,1,10,1.345,1692,11,0.943,0
1114,2,1,10,1.317,1475,11,0.943,0
1369,2,1,11,1.377,1537,11,0.943,0
905,2,1,10,1.417,1310,11,0.943,0
942,2,1,11,1.473,1573,11,1.804,0
1106,2,1,11,1.477,1423,11,1.804,0
1011,2,1,11,1.485,1323,11,1.804,0
733,2,1,10,1.501,1309,11,0.943,0
1223,2,1,10,1.393,1667,11,1.804,0
1063,2,1,11,1.504,1189,11,1.804,0
1129,2,1,10,1.485,1411,11,1.804,0
1275,2,1,11,1.385,1603,11,1.804,0
1001,2,1,10,1.461,1449,11,1.804,0
1496,2,1,11,1.385,1490,11,0.943,0
1157,2,1,11,1.377,1484,11,0.943,0
857,2,1,10,1.564,1374,11,1.804,0
1237,2,1,10,1.417,1368,11,1.804,0
1038,2,1,10,1.485,1396,11,1.804,0
1474,2,1,10,1.421,1598,11,1.804,0
1352,2,1,11,1.449,1612,11,0.943,0
1121,2,1,11,1.425,1351,11,0.943,0
1727,2,1,10,1.333,1578,11,0.943,0
880,2,1,11,1.433,1587,11,0.943,0
1059,2,1,10,1.56,1331,11,0.943,0
1139,2,1,11,1.445,1626,11,1.804,0
1259,2,1,11,1.449,1279,11,1.804,0
1002,2,1,10,1.457,1428,11,1.804,0
1376,2,1,11,1.433,1537,11,1.804,0
1252,2,1,10,1.405,1430,11,0.943,0
1427,2,1,11,1.544,1510,11,0.943,0
1012,2,1,11,1.397,1629,11,1.804,0
1287,2,1,11,1.425,1502,11,1.804,0
974,2,1,10,1.469,1503,11,0.943,0
859,2,1,10,1.564,1331,11,1.804,0
1271,2,1,11,1.321,1596,11,0.943,0
770,2,1,10,1.56,1328,11,0.943,0
1363,2,1,11,1.512,1432,11,1.804,0
993,2,1,11,1.361,1692,11,1.804,0
951,2,1,10,1.457,1322,11,1.804,0
1481,2,1,11,1.385,1807,11,1.804,0
609,2,1,11,1.568,1394,11,0.943,0
1413,2,1,10,1.433,1482,11,1.804,0
1106,2,1,11,1.433,1487,11,0.943,0
795,2,1,10,1.552,1464,11,1.804,0
1032,2,1,11,1.528,1494,11,1.804,0
1025,2,1,10,1.421,1591,11,1.804,0
1190,2,1,11,1.433,1593,11,0.943,0
879,2,1,10,1.469,1449,11,1.804,0
1199,2,1,10,1.493,1468,11,0.943,0
1185,2,1,11,1.489,1631,11,0.943,0
627,2,1,10,1.493,1415,11,1.804,0
891,2,1,11,1.501,1309,11,0.943,0
1206,2,1,10,1.461,1411,11,0.943,0
1124,2,1,10,1.361,1653,11,0.943,0
1039,2,1,10,1.437,1510,11,0.943,0
1348,2,1,10,1.409,1552,11,0.943,0
1267,2,1,11,1.469,1209,11,1.804,0
1295,2,1,11,1.477,1221,11,1.804,0
1059,2,1,10,1.504,1450,11,1.804,0
1241,2,1,11,1.453,1200,11,0.943,0
998,2,1,11,1.449,1421,11,0.943,0
1059,2,1,11,1.481,1359,11,1.804,0
1149,2,1,10,1.413,1475,11,1.804,0
1000,2,1,11,1.54,1199,11,1.804,0
995,2,1,10,1.421,1490,11,0.943,0
950,2,1,11,1.421,1636,11,1.804,0
1075,2,1,10,1.504,1398,11,0.943,0
1073,2,1,10,1.461,1386,11,1.804,0
973,2,1,11,1.453,1301,11,1.804,0
1080,2,1,10,1.417,1583,11,0.943,0
1507,2,1,11,1.333,1669,11,0.943,0
1692,2,1,11,1.409,1628,11,1.804,0
1149,2,1,11,1.453,1412,11,1.804,0
844,2,1,11,1.453,1391,11,0.943,0
1061,2,1,10,1.421,1583,11,0.943,0
1176,2,1,10,1.532,1369,11,0.943,0
1102,2,1,10,1.421,1389,11,0.943,0
768,2,1,10,1.469,1320,11,1.804,0
1067,2,1,11,1.341,1544,11,1.804,0
996,2,1,10,1.536,1204,11,0.943,0
844,2,1,11,1.413,1388,11,0.943,0
1388,2,1,11,1.417,1834,11,0.943,0
1040,2,1,11,1.508,1404,11,1.804,0
1224,2,1,10,1.449,1337,11,0.943,0
650,2,1,11,1.58,1131,11,0.943,0
922,2,1,10,1.401,1357,11,0.943,0
867,2,1,10,1.345,1633,11,1.804,0
1001,2,1,11,1.461,1393,11,1.804,0
749,2,1,10,1.584,1262,11,1.804,0
1237,2,1,10,1.441,1517,11,1.804,0
1388,2,1,11,1.357,1527,11,0.943,0
1022,2,1,11,1.497,1267,11,0.943,0
1388,2,1,11,1.381,1733,11,1.804,0
1200,2,1,11,1.425,1562,11,1.804,0
960,2,1,11,1.457,1421,11,1.804,0
1157,2,1,10,1.441,1503,11,0.943,0
593,2,1,10,1.441,1451,11,1.804,0
1031,2,1,11,1.445,1463,11,1.804,0
781,2,1,10,1.588,1261,11,0.943,0
1204,2,1,11,1.449,1615,11,1.804,0
1331,2,1,11,1.361,1717,11,1.804,0
942,2,1,10,1.568,1404,11,0.943,0
728,2,1,10,1.469,1534,11,0.943,0
1217,2,1,11,1.357,1562,11,0.943,0
964,2,1,10,1.493,1341,11,0.943,0
998,2,1,11,1.528,1407,11,1.804,0
716,2,1,10,1.493,1208,11,1.804,0
633,2,1,10,1.58,1206,11,1.804,0
1098,2,1,11,1.437,1553,11,0.943,0
528,2,1,10,1.636,1224,11,0.943,0
1366,2,1,10,1.441,1467,11,0.943,0
1034,2,1,10,1.512,1206,11,0.943,0
1092,2,1,10,1.389,1485,11,0.943,0
645,2,1,10,1.596,1033,11,0.943,0
1154,2,1,11,1.413,1513,11,1.804,0
922,2,1,11,1.564,1380,11,1.804,0
820,2,1,10,1.493,1477,11,0.943,0
1322,2,1,11,1.417,1456,11,1.804,0
1123,2,1,10,1.457,1460,11,0.943,0
985,2,1,10,1.572,1309,11,1.804,0
1095,2,1,10,1.465,1407,11,0.943,0
1207,2,1,10,1.413,1639,11,1.804,0
1145,2,1,11,1.54,1185,11,1.804,0
957,2,1,10,1.453,1590,11,0.943,0
701,2,1,11,1.592,1170,11,1.804,0
929,2,1,10,1.608,1241,11,0.943,0
940,2,1,11,1.317,1620,11,1.804,0
1337,2,1,11,1.361,1561,11,1.804,0
1573,2,1,11,1.298,1828,11,0.943,0
931,2,1,10,1.552,1144,11,1.804,0
781,2,1,11,1.449,1409,11,0.943,0
1388,2,1,11,1.433,1567,11,1.804,0
994,2,1,11,1.429,1317,11,1.804,0
957,2,1,10,1.54,1236,11,0.943,0
819,2,1,11,1.433,1656,11,1.804,0
1167,2,1,11,1.489,1489,11,0.943,0
1386,2,1,11,1.397,1662,11,1.804,0
1079,2,1,11,1.345,1505,11,1.804,0
1556,2,1,10,1.266,1949,11,0.943,0
1024,2,1,11,1.445,1580,11,1.804,0
1067,2,1,11,1.504,1393,11,1.804,0
1117,2,1,10,1.417,1619,11,1.804,0
982,2,1,11,1.401,1355,11,0.943,0
991,2,1,10,1.508,1411,11,0.943,0
754,2,1,11,1.437,1487,11,0.943,0
1133,2,1,11,1.441,1415,11,1.804,0
952,2,1,11,1.469,1430,11,1.804,0
1173,2,1,11,1.461,1551,11,0.943,0
996,2,1,11,1.568,906,11,1.804,0
903,2,1,11,1.433,1442,11,0.943,0
767,2,1,10,1.524,1241,11,1.804,0
1148,2,1,11,1.489,1499,11,1.804,0
1360,2,1,10,1.345,1323,11,0.943,0
889,2,1,11,1.556,1313,11,1.804,0
1050,2,1,11,1.544,1175,11,1.804,0
746,2,1,10,1.516,1399,11,0.943,0
1383,2,1,10,1.441,1355,11,0.943,0
1301,2,1,10,1.417,1703,11,0.943,0
1279,2,1,10,1.417,1653,11,1.804,0
772,2,1,10,1.445,1576,11,0.943,0
854,2,1,10,1.417,1568,11,0.943,0
1074,2,1,10,1.52,1601,11,0.943,0
1280,2,1,10,1.477,1330,11,1.804,0
1501,2,1,10,1.429,1483,11,1.804,0
829,2,1,10,1.56,1417,11,1.804,0
1283,2,1,11,1.441,1557,11,1.804,0
1375,2,1,11,1.421,1640,11,0.943,0
1062,2,1,10,1.524,1408,11,1.804,0
1162,2,1,10,1.369,1661,11,1.804,0
1141,2,1,11,1.54,1295,11,0.943,0
911,2,1,10,1.481,1327,11,1.804,0
1410,2,1,10,1.417,1611,11,0.943,0
1474,2,1,11,1.461,1438,11,0.943,0
1086,2,1,10,1.393,1549,11,1.804,0
1177,2,1,10,1.429,1481,11,1.804,0
1257,2,1,11,1.473,1470,11,1.804,0
955,2,1,11,1.441,1500,11,0.943,0
815,3,0,10,0.832,2336,6,0.943,0
853,5,0,10,0.426,2080,6,0.943,0
656,3,0,10,0.892,2080,6,0.888,0
666,5,0,10,1.397,1580,6,0.943,0
766,5,0,10,0.518,2141,6,0.943,0
787,3,0,10,0.959,1994,6,0.943,0
897,5,0,10,0.88,1858,6,0.943,0
878,3,0,10,0.661,2025,6,0.943,0
891,3,0,10,0.585,2354,6,0.888,0
884,3,0,10,1.075,1991,6,0.943,0
599,5,0,10,1.011,1743,6,0.943,0
638,5,0,10,0.641,1896,6,0.888,0
1068,5,0,10,0.486,2200,6,0.943,0
792,3,0,10,0.609,2390,6,0.888,0
964,3,0,10,0.16,2610,6,0.943,0
735,5,0,10,0.943,1734,6,0.888,0
883,3,0,10,0.47,2317,6,0.888,0
620,3,0,10,0.943,1643,6,0.888,0
899,5,0,10,0.438,2122,6,0.943,0
766,3,0,10,0.339,2601,6,0.888,0
560,5,0,10,1.282,1577,6,0.888,0
881,3,0,10,0.283,2628,6,0.943,0
648,3,0,10,0.904,2105,6,0.888,0
897,5,0,10,0.569,2500,6,0.943,0
977,5,0,10,0.076,2316,6,0.943,0
644,3,0,10,0.637,2097,6,0.888,0
720,3,0,10,0.605,1986,6,0.888,0
639,3,0,10,0.347,2386,6,0.943,0
681,3,0,10,1.166,1882,6,0.888,0
582,5,0,10,1.449,1751,6,0.943,0
742,5,0,10,0.709,2127,6,0.888,0
764,5,0,10,0.625,2425,6,0.943,0
682,5,0,10,0.458,2369,6,0.888,0
924,5,0,10,0.478,2491,6,0.943,0
1011,5,0,10,0.569,2218,6,0.888,0
718,5,0,10,1.083,1979,6,0.888,0
742,3,0,10,0.585,2061,6,0.943,0
851,5,0,10,0.37,1987,6,0.943,0
690,5,0,10,0.916,2129,6,0.943,0
1106,5,0,10,0.211,2465,6,0.888,0
917,5,0,10,0.335,2584,6,0.888,0
865,5,0,10,1.043,2354,6,0.888,0
972,5,0,10,0.374,2383,6,0.943,0
893,3,0,10,0.319,2419,6,0.943,0
953,3,0,10,0.331,2546,6,0.943,0
700,3,0,10,0.744,2534,6,0.943,0
634,5,0,10,0.852,2134,6,0.943,0
491,3,0,10,0.788,2168,6,0.888,0
716,5,0,10,0.53,2231,6,0.943,0
712,3,0,10,1.29,1674,6,0.943,0
855,3,0,10,0.653,2683,6,0.888,0
874,5,0,10,0.621,2219,6,0.943,0
948,5,0,10,0.012,2571,6,0.943,0
764,3,0,10,0.721,2177,6,0.888,0
811,3,0,10,0.043,2765,6,0.943,0
906,5,0,10,0.971,1928,6,0.888,0
801,5,0,10,0.804,1982,6,0.943,0
749,3,0,10,0.947,2218,6,0.943,0
645,5,0,10,1.329,1783,6,0.888,0
667,5,0,10,0.792,2424,6,0.888,0
839,3,0,10,1.29,1962,6,0.888,0
807,3,0,10,0.701,2017,6,0.943,0
628,5,0,10,0.908,2194,6,0.888,0
837,5,0,10,0.733,2340,6,0.943,0
948,5,0,10,0.561,2279,6,0.888,0
704,5,0,10,0.824,2233,6,0.888,0
916,5,0,10,0.661,2399,6,0.943,0
609,3,0,10,0.935,2035,6,0.888,0
710,3,0,10,0.848,2076,6,0.943,0
814,3,0,10,0.649,2446,6,0.888,0
753,3,0,10,0.709,2404,6,0.943,0
814,3,0,10,0.534,2086,6,0.943,0
806,3,0,10,0.621,2142,6,0.943,0
718,3,0,10,1.071,1863,6,0.943,0
577,5,0,10,0.613,2259,6,0.888,0
885,3,0,10,0.645,2181,6,0.943,0
1048,5,0,10,0.41,2514,6,0.888,0
895,5,0,10,0.438,2459,6,0.943,0
474,3,0,10,0.987,1717,6,0.888,0
716,3,0,10,0.744,1911,6,0.888,0
767,5,0,10,0.788,2178,6,0.943,0
834,3,0,10,0.832,2082,6,0.943,0
653,3,0,10,0.86,1963,6,0.943,0
562,3,0,10,0.995,2120,6,0.943,0
963,5,0,10,0.518,2250,6,0.888,0
811,3,0,10,0.752,1922,6,0.888,0
870,5,0,10,0.689,2075,6,0.888,0
709,5,0,10,1.083,1888,6,0.888,0
1021,3,0,10,0.043,2426,6,0.943,0
902,5,0,10,0.382,2204,6,0.943,0
747,3,0,10,0.709,2247,6,0.888,0
844,3,0,10,1.107,1927,6,0.888,0
870,3,0,10,0.92,2094,6,0.943,0
864,3,0,10,0.9,2259,6,0.943,0
793,3,0,10,0.872,2138,6,0.943,0
875,5,0,10,0.218,2674,6,0.943,0
795,5,0,10,0.951,1830,6,0.943,0
537,3,0,10,1.182,1418,6,0.943,0
937,3,0,10,0.633,2091,6,0.888,0
813,5,0,10,0.581,2352,6,0.888,0
846,3,0,10,0.788,1824,6,0.888,0
898,5,0,10,0.776,2067,6,0.888,0
1100,5,0,10,0.494,2754,6,0.888,0
746,5,0,10,0.872,1925,6,0.888,0
652,3,0,10,1.134,2068,6,0.943,0
744,5,0,10,0.482,2285,6,0.943,0
817,3,0,10,0.733,2406,6,0.888,0
788,5,0,10,0.645,2220,6,0.888,0
825,3,0,10,0.832,1963,6,0.943,0
820,3,0,10,0.824,2592,6,0.888,0
1001,5,0,10,0.748,2324,6,0.888,0
833,3,0,10,0.015,2571,6,0.943,0
851,5,0,10,0.844,1850,6,0.943,0
742,5,0,10,0.975,1921,6,0.888,0
912,5,0,10,0.287,2532,6,0.888,0
709,5,0,10,0.844,1649,6,0.943,0
868,3,0,10,0.804,2256,6,0.888,0
780,5,0,10,0.737,2107,6,0.888,0
932,3,0,10,0.669,1956,6,0.888,0
730,3,0,10,0.51,2389,6,0.943,0
771,3,0,10,0.366,1809,6,0.888,0
852,5,0,10,0.685,2260,6,0.943,0
834,3,0,10,0.665,2193,6,0.943,0
1052,5,0,10,0.585,2177,6,0.888,0
679,3,0,10,0.705,1962,6,0.943,0
746,5,0,10,0.804,2027,6,0.888,0
1008,5,0,10,0.163,2908,6,0.943,0
857,5,0,10,0.394,2584,6,0.888,0
938,5,0,10,0.251,2532,6,0.888,0
737,5,0,10,0.92,2022,6,0.888,0
844,3,0,10,0.896,2291,6,0.943,0
849,3,0,10,0.752,1999,6,0.943,0
782,5,0,10,0.693,2197,6,0.888,0
707,3,0,10,0.832,2130,6,0.888,0
657,3,0,10,1.202,1996,6,0.888,0
892,3,0,10,0.681,1931,6,0.943,0
723,3,0,10,0.792,2189,6,0.888,0
985,5,0,10,0.645,2213,6,0.888,0
798,5,0,10,0.828,1967,6,0.943,0
672,5,0,10,0.251,2286,6,0.888,0
791,3,0,10,0.331,2280,6,0.943,0
728,5,0,10,0.76,2280,6,0.888,0
943,3,0,10,0.601,2532,6,0.888,0
956,3,0,10,0.796,2075,6,0.888,0
603,3,0,10,1.059,2190,6,0.943,0
1024,3,0,10,0.713,2090,6,0.943,0
736,3,0,10,0.872,2122,6,0.888,0
793,5,0,10,0.422,2607,6,0.943,0
812,3,0,10,0.307,2409,6,0.888,0
500,3,0,10,1.095,1724,6,0.943,0
628,3,0,10,1.099,2113,6,0.943,0
705,3,0,10,1.103,1915,6,0.943,0
938,5,0,10,0.418,2490,6,0.888,0
872,5,0,10,0.554,2141,6,0.888,0
848,3,0,10,0.717,2109,6,0.943,0
974,5,0,10,0.37,2426,6,0.943,0
980,5,0,10,0.987,2000,6,0.943,0
801,3,0,10,0.398,2094,6,0.943,0
895,5,0,10,0.705,2473,6,0.888,0
775,3,0,10,0.152,2504,6,0.943,0
877,5,0,10,0.689,2230,6,0.943,0
870,5,0,10,0.737,2286,6,0.943,0
652,5,0,10,0.92,2101,6,0.888,0
825,3,0,10,0.693,1894,6,0.943,0
1082,5,0,10,0.108,2762,6,0.888,0
717,5,0,10,0.609,2227,6,0.888,0
771,3,0,10,0.9,2067,6,0.943,0
708,3,0,10,0.737,2061,6,0.943,0
751,5,0,10,0.351,2241,6,0.888,0
851,5,0,10,0.374,2381,6,0.888,0
819,3,0,10,0.772,2143,6,0.888,0
705,5,0,10,0.53,2430,6,0.888,0
916,5,0,10,0.076,2281,6,0.943,0
708,3,0,10,1.182,1879,6,0.888,0
932,3,0,10,0.498,2293,6,0.888,0
692,3,0,10,0.335,2592,6,0.888,0
956,5,0,10,0.47,2526,6,0.888,0
902,3,0,10,0.963,2285,6,0.943,0
808,3,0,10,1.146,2129,6,0.888,0
756,3,0,10,1.023,1875,6,0.943,0
822,3,0,10,0.343,2189,6,0.888,0
759,3,0,10,0.645,1987,6,0.888,0
769,3,0,10,0.422,2380,6,0.888,0
993,5,0,10,0.697,2059,6,0.943,0
829,3,0,10,0.653,2126,6,0.943,0
660,5,0,10,0.55,2274,6,0.943,0
779,3,0,10,0.737,2098,6,0.943,0
749,5,0,10,0.104,2363,6,0.943,0
741,3,0,10,0.259,2653,6,0.943,0
754,3,0,10,1.445,1818,6,0.888,0
841,3,0,10,1.079,1626,6,0.943,0
846,3,0,10,1.087,1744,6,0.888,0
812,3,0,10,0.128,2358,6,0.943,0
825,5,0,10,0.924,1881,6,0.888,0
924,3,0,10,0.095,2672,6,0.943,0
855,3,0,10,0.991,2323,6,0.943,0
826,3,0,10,0.239,2648,6,0.943,0
782,3,0,10,0.49,1727,6,0.943,0
899,3,0,10,1.13,2059,6,0.943,0
834,5,0,10,0.924,2181,6,0.888,0
1032,3,0,10,0.414,2612,6,0.943,0
893,3,0,10,0.422,2374,6,0.943,0
781,5,0,10,0.39,2459,6,0.888,0
822,3,0,10,0.884,1990,6,0.943,0
790,5,0,10,1.083,1734,6,0.943,0
774,5,0,10,0.959,2094,6,0.888,0
653,5,0,10,0.701,1923,6,0.943,0
639,3,0,10,0.979,1738,6,0.888,0
847,3,0,10,0.486,2472,6,0.888,0
802,5,0,10,0.665,2241,6,0.943,0
611,3,0,10,0.522,2091,6,0.888,0
814,3,0,10,0.816,1901,6,0.888,0
1036,3,0,10,0.168,2601,6,0.943,0
862,5,0,10,0.53,2297,6,0.943,0
1091,5,0,10,0.526,2326,6,0.943,0
714,3,0,10,1.083,2122,6,0.943,0
687,5,0,10,0.792,2111,6,0.943,0
618,5,0,10,1.306,1948,6,0.888,0
826,5,0,10,0.924,2237,6,0.943,0
704,5,0,10,1.011,1873,6,0.888,0
658,5,0,10,0.896,1821,6,0.888,0
854,3,0,10,0.406,2406,6,0.943,0
986,3,0,10,0.637,2356,6,0.943,0
716,5,0,10,1.087,1725,6,0.888,0
895,3,0,10,0.243,2299,6,0.943,0
836,5,0,10,0.756,2084,6,0.943,0
548,3,0,10,0.756,2284,6,0.888,0
861,3,0,10,0.47,2361,6,0.943,0
971,5,0,10,0.47,2389,6,0.943,0
843,5,0,10,0.701,2212,6,0.943,0
825,3,0,10,0.748,2196,6,0.888,0
722,5,0,10,0.756,2233,6,0.943,0
840,3,0,10,0.538,2496,6,0.943,0
836,5,0,10,0.251,2143,6,0.888,0
931,3,0,10,0.928,2278,6,0.888,0
571,5,0,10,1.087,1557,6,0.943,0
611,3,0,10,1.071,2016,6,0.943,0
977,5,0,10,0.478,2545,6,0.943,0
799,3,0,10,0.096,2392,6,0.888,0
869,3,0,10,0.41,2408,6,0.888,0
760,5,0,10,0.76,2233,6,0.943,0
562,5,0,10,1.302,2164,6,0.943,0
991,3,0,10,0.43,2668,6,0.888,0
693,3,0,10,0.784,1911,6,0.943,0
761,5,0,10,0.51,2191,6,0.888,0
1097,5,0,10,0.573,2335,6,0.888,0
565,5,0,10,1.051,2006,6,0.943,0
784,3,0,10,0.78,2262,6,0.888,0
820,3,0,10,0.577,2479,6,0.888,0
625,3,0,10,1.134,2043,6,0.888,0
895,3,0,10,0.323,2277,6,0.888,0
955,5,0,10,0.203,2806,6,0.943,0
1042,3,0,10,0.482,2315,6,0.888,0
800,5,0,10,0.263,2182,6,0.943,0
631,5,0,10,0.832,2086,6,0.943,0
919,3,0,10,0.259,2470,6,0.888,0
764,5,0,10,0.597,2167,6,0.888,0
827,5,0,10,0.394,2492,6,0.943,0
966,5,0,10,0.386,2581,6,0.943,0
1019,3,0,10,0.641,2252,6,0.888,0
631,5,0,10,1.051,1864,6,0.888,0
645,5,0,10,0.864,1961,6,0.888,0
686,3,0,10,0.593,2226,6,0.888,0
735,5,0,10,1.182,1847,6,0.943,0
976,3,0,10,0.299,2285,6,0.888,0
983,3,0,10,1.063,2093,6,0.943,0
702,3,0,10,0.331,2421,6,0.888,0
764,3,0,10,0.733,2100,6,0.943,0
971,5,0,10,0.561,2392,6,0.943,0
643,3,0,10,1.13,2177,6,0.888,0
535,5,0,10,0.8,1807,6,0.888,0
747,3,0,10,0.816,2392,6,0.943,0
673,5,0,10,0.605,2260,6,0.888,0
733,5,0,10,0.363,2440,6,0.943,0
666,3,0,10,0.701,2154,6,0.888,0
993,5,0,10,0.589,2397,6,0.943,0
922,3,0,10,0.494,2468,6,0.943,0
864,5,0,10,0.163,2437,6,0.888,0
806,5,0,10,0.939,1827,6,0.943,0
999,5,0,10,0.617,2153,6,0.888,0
1009,3,0,10,0.394,2569,6,0.888,0
750,3,0,10,0.892,2240,6,0.888,0
532,3,0,10,1.341,1786,6,0.943,0
743,3,0,10,0.641,2305,6,0.943,0
665,5,0,10,1.457,1485,6,0.943,0
788,3,0,10,0.995,2262,6,0.888,0
785,5,0,10,1.134,1560,6,0.943,0
555,3,0,10,0.844,1969,6,0.888,0
852,3,0,10,0.593,2598,6,0.888,0
604,5,0,10,1.258,1837,6,0.888,0
685,5,0,10,0.386,2125,6,0.943,0
782,5,0,10,0.713,2287,6,0.888,0
725,5,0,10,1.071,2103,6,0.943,0
1012,3,0,10,0.21,2560,6,0.943,0
614,5,0,10,1.182,1902,6,0.943,0
832,3,0,10,0.546,2490,6,0.888,0
1015,5,0,10,0.311,2383,6,0.888,0
905,5,0,10,0.498,2469,6,0.888,0
706,3,0,10,0.454,2454,6,0.888,0
841,3,0,10,0.446,2336,6,0.943,0
864,5,0,10,0.645,2272,6,0.888,0
820,3,0,10,0.359,2352,6,0.943,0
762,5,0,10,0.661,1910,6,0.943,0
1074,3,0,10,0.291,2456,6,0.943,0
604,3,0,10,0.939,1904,6,0.888,0
825,3,0,10,0.565,2308,6,0.888,0
983,3,0,10,0.398,2126,6,0.888,0
818,5,0,10,0.239,2166,6,0.888,0
913,3,0,10,0.187,2296,6,0.943,0
787,3,0,10,0.43,2275,6,0.888,0
817,3,0,10,0.012,2628,6,0.943,0
893,3,0,10,0.816,2188,6,0.888,0
789,5,0,10,0.287,1914,6,0.943,0
696,5,0,10,1.063,2123,6,0.943,0
733,5,0,10,0.896,2193,6,0.888,0
505,5,0,10,0.836,2279,6,0.888,0
775,3,0,10,0.713,2083,6,0.943,0
824,3,0,10,0.637,2080,6,0.943,0
501,3,0,10,1.345,1528,6,0.888,0
846,5,0,10,0.848,1945,6,0.943,0
844,3,0,10,0.466,2361,6,0.888,0
948,5,0,10,0.593,2305,6,0.943,0
873,3,0,10,0.963,2301,6,0.943,0
726,3,0,10,0.856,2184,6,0.943,0
788,5,0,10,0.51,2365,6,0.888,0
917,3,0,10,0.307,2457,6,0.888,0
813,3,0,10,0.442,2503,6,0.888,0
889,5,0,10,0.323,2636,6,0.888,0
804,3,0,10,0.912,1884,6,0.943,0
752,5,0,10,0.733,2091,6,0.943,0
686,3,0,10,0.601,1915,6,0.888,0
914,5,0,10,0.538,2206,6,0.943,0
850,5,0,10,0.315,2364,6,0.943,0
934,3,0,10,0.593,2201,6,0.943,0
845,3,0,10,0.538,2552,6,0.888,0
800,3,0,10,0.991,1809,6,0.888,0
817,3,0,10,0.51,2173,6,0.888,0
714,5,0,10,0.84,1889,6,0.943,0
850,5,0,10,0.394,2434,6,0.888,0
792,5,0,10,0.299,2272,6,0.943,0
867,5,0,10,0.422,2375,6,0.888,0
737,3,0,10,0.522,2123,6,0.943,0
850,3,0,10,1.158,2057,6,0.888,0
822,5,0,10,0.935,2133,6,0.888,0
842,5,0,10,0.458,2203,6,0.943,0
1006,3,0,10,0.275,2364,6,0.888,0
860,5,0,10,1.166,1926,6,0.943,0
945,3,0,10,0.665,2389,6,0.888,0
673,5,0,10,1.043,1734,6,0.888,0
725,5,0,10,0.752,2006,6,0.943,0
707,3,0,10,1.047,1840,6,0.943,0
681,3,0,10,0.772,2270,6,0.888,0
891,5,0,10,0.43,2468,6,0.943,0
557,3,0,6,1.859,1230,12,0.943,1
655,3,0,11,1.946,1281,12,1.804,1
863,3,0,6,1.855,1423,12,1.804,1
977,3,0,6,1.684,1578,12,1.804,1
613,3,0,11,1.831,1560,12,1.804,1
554,3,0,11,1.867,1350,12,1.804,1
798,3,0,11,1.767,1693,12,0.943,1
636,3,0,11,1.946,1344,6,0.943,1
897,3,0,6,1.867,1443,6,0.943,1
893,3,0,11,1.843,1566,12,0.943,1
853,3,0,11,1.807,1398,12,0.943,1
750,3,0,11,1.882,1374,6,0.943,1
800,3,0,11,1.886,1542,6,0.943,1
369,3,0,11,1.894,1409,12,0.943,1
633,3,0,6,1.882,1492,12,1.804,1
871,3,0,6,1.747,1716,12,1.804,1
567,3,0,11,1.926,1125,6,0.943,1
503,3,0,11,1.91,1355,12,1.804,1
690,3,0,11,1.807,1558,12,0.943,1
619,3,0,6,1.91,1298,6,1.804,1
632,3,0,11,1.926,1439,6,1.804,1
507,3,0,11,1.922,1351,12,0.943,1
654,3,0,11,1.751,1586,12,0.943,1
773,3,0,11,1.95,1374,12,0.943,1
778,3,0,11,1.859,1318,6,1.804,1
606,3,0,6,1.867,1407,12,1.804,1
701,3,0,11,1.807,1632,6,1.804,1
614,3,0,11,1.863,1435,12,1.804,1
785,3,0,6,1.898,1412,6,1.804,1
718,3,0,11,1.994,1193,6,1.804,1
837,3,0,11,1.779,1566,6,0.943,1
808,3,0,11,1.839,1453,12,0.943,1
915,3,0,6,1.827,1434,12,1.804,1
526,3,0,6,1.859,1393,6,1.804,1
897,3,0,11,1.803,1490,6,1.804,1
430,3,0,6,1.934,1432,6,0.943,1
940,3,0,11,1.763,1897,6,1.804,1
1005,3,0,11,1.763,1339,6,1.804,1
515,3,0,6,1.771,1480,6,1.804,1
627,3,0,6,1.93,1131,12,1.804,1
396,3,0,11,2.006,1080,6,0.943,1
901,3,0,6,1.843,1601,6,1.804,1
888,3,0,11,1.827,1446,6,0.943,1
792,3,0,6,1.859,1392,12,0.943,1
813,3,0,11,1.847,1331,6,0.943,1
785,3,0,6,1.783,1580,6,1.804,1
938,3,0,11,1.906,1333,12,0.943,1
702,3,0,11,1.863,1456,12,0.943,1
947,3,0,6,1.827,1601,6,0.943,1
650,3,0,11,1.843,1495,6,0.943,1
714,3,0,11,1.783,1490,6,0.943,1
710,3,0,11,1.831,1620,6,1.804,1
478,3,0,6,1.954,1229,12,0.943,1
692,3,0,6,1.867,1387,12,1.804,1
778,3,0,11,1.855,1546,12,0.943,1
677,3,0,6,1.95,1290,6,1.804,1
881,3,0,11,1.723,1586,6,0.943,1
600,3,0,6,1.89,1382,12,1.804,1
665,3,0,11,1.699,1791,6,1.804,1
395,3,0,6,1.954,1352,12,1.804,1
950,3,0,11,1.743,1639,6,0.943,1
891,3,0,6,1.787,1668,12,0.943,1
719,3,0,6,1.807,1707,12,1.804,1
641,3,0,11,1.89,1302,12,0.943,1
1005,3,0,11,1.684,1656,6,0.943,1
733,3,0,11,1.882,1335,12,1.804,1
794,3,0,6,1.859,1528,12,1.804,1
548,3,0,11,1.954,1114,6,1.804,1
834,3,0,6,1.803,1473,6,0.943,1
641,3,0,11,1.807,1571,12,0.943,1
522,3,0,6,1.93,1359,6,1.804,1
488,3,0,11,1.974,1273,6,1.804,1
884,3,0,6,1.767,1578,12,1.804,1
795,3,0,6,1.803,1443,6,0.943,1
412,3,0,11,1.998,1232,12,1.804,1
716,3,0,11,1.871,1307,6,1.804,1
641,3,0,6,1.811,1613,6,0.943,1
968,3,0,11,1.803,1676,12,1.804,1
619,3,0,11,1.882,1202,12,0.943,1
617,3,0,11,1.938,1387,12,1.804,1
467,3,0,11,1.787,1487,6,0.943,1
533,3,0,11,1.91,1372,6,1.804,1
560,3,0,11,1.839,1644,12,0.943,1
715,3,0,6,1.867,1433,12,1.804,1
880,3,0,11,1.99,1310,6,1.804,1
746,3,0,6,1.795,1552,12,0.943,1
816,3,0,11,1.831,1409,12,0.943,1
820,3,0,11,1.787,1596,12,1.804,1
447,3,0,11,1.914,1427,12,0.943,1
872,3,0,6,1.811,1354,6,0.943,1
758,3,0,11,1.859,1473,12,1.804,1
615,3,0,6,1.882,1409,6,1.804,1
846,3,0,6,1.811,1287,6,1.804,1
825,3,0,6,1.739,1501,12,0.943,1
739,3,0,6,1.882,1499,12,0.943,1
517,3,0,6,1.847,1515,6,0.943,1
527,3,0,6,1.855,1407,12,1.804,1
546,3,0,11,1.974,930,12,0.943,1
1003,3,0,6,1.735,1915,6,0.943,1
680,3,0,11,1.938,1285,6,0.943,1
827,3,0,11,1.767,1565,12,0.943,1
559,3,0,6,1.867,1439,12,1.804,1
949,3,0,6,1.795,1594,12,0.943,1
713,3,0,6,1.863,1289,12,0.943,1
668,3,0,11,1.926,1238,12,0.943,1
497,3,0,6,1.882,1455,6,1.804,1
557,3,0,6,1.902,1207,12,1.804,1
811,3,0,6,1.882,1471,12,1.804,1
510,3,0,11,1.91,1349,6,1.804,1
846,3,0,6,1.835,1421,12,0.943,1
893,3,0,11,1.946,1115,6,0.943,1
488,3,0,6,1.886,1500,6,0.943,1
722,3,0,11,1.879,1279,12,1.804,1
476,3,0,11,1.863,1374,6,1.804,1
726,3,0,11,1.827,1569,12,1.804,1
869,3,0,6,1.751,1664,12,1.804,1
886,3,0,6,1.743,1571,6,1.804,1
649,3,0,6,1.863,1473,12,1.804,1
640,3,0,11,1.89,1396,6,0.943,1
896,3,0,6,1.879,1550,6,0.943,1
462,3,0,6,1.95,1229,12,0.943,1
412,3,0,11,1.886,1296,6,1.804,1
692,3,0,11,1.859,1394,12,1.804,1
608,3,0,11,1.89,1580,12,1.804,1
766,3,0,11,1.95,1175,12,1.804,1
674,3,0,11,1.863,1304,12,1.804,1
682,3,0,6,1.871,1248,6,1.804,1
733,3,0,6,1.906,1363,12,1.804,1
385,3,0,6,1.922,1388,12,1.804,1
698,3,0,11,1.819,1509,12,1.804,1
890,3,0,11,1.867,1455,6,0.943,1
771,3,0,6,1.763,1430,6,1.804,1
647,3,0,11,2.002,1321,12,1.804,1
664,3,0,11,1.779,1697,12,0.943,1
700,3,0,6,1.946,1190,6,0.943,1
688,3,0,11,1.775,1537,12,0.943,1
511,3,0,11,1.938,1020,6,0.943,1
711,3,0,6,1.775,1648,12,0.943,1
925,3,0,11,1.827,1301,6,0.943,1
549,3,0,11,1.938,1036,6,0.943,1
787,3,0,6,1.91,1412,12,0.943,1
416,3,0,6,1.986,1213,12,1.804,1
805,3,0,11,1.831,1578,6,1.804,1
690,3,0,11,1.918,1431,12,0.943,1
868,3,0,11,1.799,1452,6,1.804,1
605,3,0,6,1.875,1518,12,1.804,1
590,3,0,11,1.894,1409,12,0.943,1
606,3,0,6,1.843,1426,12,1.804,1
530,3,0,6,1.974,1285,6,1.804,1
741,3,0,11,1.894,1497,12,1.804,1
635,3,0,6,1.926,1353,12,0.943,1
711,3,0,11,1.807,1343,12,0.943,1
720,3,0,6,1.807,1564,12,1.804,1
726,3,0,6,1.894,1260,6,1.804,1
635,3,0,11,1.918,1135,6,0.943,1
589,3,0,11,1.898,1252,12,1.804,1
600,3,0,6,1.906,1425,6,0.943,1
743,3,0,11,1.875,1334,12,1.804,1
632,3,0,11,1.819,1634,12,1.804,1
600,3,0,11,1.974,1397,6,1.804,1
733,3,0,6,1.795,1609,6,0.943,1
561,3,0,6,1.851,1290,12,0.943,1
484,3,0,11,2.01,973,12,1.804,1
695,3,0,11,1.783,1370,12,1.804,1
788,3,0,11,1.771,1979,12,0.943,1
744,3,0,11,1.823,1311,6,0.943,1
802,3,0,6,1.859,1463,12,1.804,1
555,3,0,11,1.942,1045,12,1.804,1
712,3,0,6,1.783,1593,6,0.943,1
712,3,0,6,1.799,1487,6,0.943,1
756,3,0,11,1.819,1328,6,0.943,1
716,3,0,6,1.815,1450,6,0.943,1
537,3,0,11,1.89,1240,12,1.804,1
428,3,0,11,1.831,1403,12,0.943,1
611,3,0,6,1.827,1322,12,1.804,1
793,3,0,6,1.835,1508,6,0.943,1
921,3,0,6,1.775,1655,6,0.943,1
760,3,0,11,1.791,1594,12,0.943,1
610,3,0,6,1.815,1668,12,1.804,1
717,3,0,6,1.799,1435,12,1.804,1
645,3,0,11,1.799,1505,12,0.943,1
615,3,0,6,1.978,1372,6,0.943,1
712,3,0,6,1.89,1399,6,0.943,1
686,3,0,11,1.803,1590,6,1.804,1
774,3,0,6,1.843,1351,12,0.943,1
911,3,0,11,1.823,1476,6,1.804,1
724,3,0,11,1.695,1745,12,1.804,1
819,3,0,6,1.807,1436,12,1.804,1
639,3,0,6,1.787,1537,6,1.804,1
743,3,0,6,1.886,1428,12,0.943,1
533,3,0,11,1.763,1506,12,0.943,1
280,3,0,11,1.871,1507,6,0.943,1
447,3,0,6,1.99,1097,6,1.804,1
664,3,0,11,1.918,1261,6,1.804,1
980,3,0,6,1.731,1835,12,0.943,1
551,3,0,6,1.906,1293,12,1.804,1
770,3,0,11,1.914,1526,6,1.804,1
579,3,0,11,1.815,1307,12,1.804,1
827,3,0,6,1.799,1358,6,0.943,1
809,3,0,6,1.843,1607,6,1.804,1
786,3,0,11,1.807,1395,6,1.804,1
656,3,0,11,1.867,1424,12,0.943,1
619,3,0,11,1.863,1278,12,0.943,1
657,3,0,6,1.863,1447,6,0.943,1
815,3,0,11,1.803,1662,12,1.804,1
724,3,0,6,1.882,1375,6,0.943,1
624,3,0,11,1.827,1469,12,1.804,1
657,3,0,6,1.863,1485,12,0.943,1
546,3,0,11,1.823,1497,6,0.943,1
465,3,0,6,1.958,1492,12,0.943,1
928,3,0,6,1.851,1655,12,1.804,1
707,3,0,6,1.839,1460,12,0.943,1
688,3,0,11,1.966,1332,12,0.943,1
588,3,0,6,1.879,1642,12,0.943,1
586,3,0,11,1.859,1544,12,0.943,1
607,3,0,6,1.807,1474,12,0.943,1
668,3,0,11,1.867,1478,12,1.804,1
741,3,0,6,1.835,1467,12,0.943,1
692,3,0,6,1.827,1312,6,0.943,1
693,3,0,11,1.731,1481,6,1.804,1
585,3,0,11,1.91,1354,6,0.943,1
697,3,0,6,1.807,1453,6,1.804,1
811,3,0,11,1.839,1646,12,0.943,1
975,3,0,11,1.843,1606,12,0.943,1
395,3,0,6,1.847,1356,6,1.804,1
487,3,0,6,1.942,1431,6,1.804,1
627,3,0,11,1.859,1277,12,1.804,1
676,3,0,6,1.859,1550,12,1.804,1
739,3,0,6,1.894,1160,6,1.804,1
667,3,0,6,1.859,1454,12,1.804,1
669,3,0,11,1.763,1470,12,0.943,1
635,3,0,6,1.89,1504,6,0.943,1
961,3,0,11,1.731,1590,6,0.943,1
801,3,0,11,1.867,1358,12,1.804,1
616,3,0,11,1.783,1570,6,1.804,1
578,3,0,6,1.886,1222,12,1.804,1
594,3,0,11,1.795,1627,6,1.804,1
780,3,0,11,1.863,1327,6,0.943,1
540,3,0,6,1.982,1152,6,0.943,1
994,3,0,11,1.707,1793,12,1.804,1
848,3,0,6,1.763,1531,12,1.804,1
658,3,0,6,1.851,1462,6,1.804,1
858,3,0,11,1.803,1657,6,1.804,1
827,3,0,6,1.799,1617,6,0.943,1
673,3,0,6,1.886,1300,12,0.943,1
931,3,0,6,1.688,1636,6,1.804,1
767,3,0,11,1.755,1538,6,1.804,1
758,3,0,6,1.815,1508,6,1.804,1
546,3,0,11,1.871,1407,12,0.943,1
624,3,0,11,1.958,1288,6,1.804,1
609,3,0,6,1.89,1166,6,1.804,1
743,3,0,6,1.922,1130,12,0.943,1
641,3,0,11,1.914,1345,6,1.804,1
755,3,0,6,1.886,1257,6,1.804,1
451,3,0,6,1.93,1214,6,1.804,1
825,3,0,6,1.847,1261,6,1.804,1
613,3,0,11,1.89,1291,6,0.943,1
658,3,0,11,1.795,1341,6,0.943,1
922,3,0,6,1.787,1639,6,1.804,1
714,3,0,6,1.922,1273,12,0.943,1
597,3,0,11,1.851,1488,12,0.943,1
1047,3,0,6,1.68,1881,6,0.943,1
714,3,0,11,1.879,1398,12,0.943,1
368,3,0,11,1.954,1041,6,1.804,1
828,3,0,11,1.89,1177,12,0.943,1
667,3,0,6,1.882,1504,6,0.943,1
711,3,0,11,1.835,1557,12,1.804,1
618,3,0,6,1.851,1500,12,0.943,1
509,3,0,6,1.882,1414,12,0.943,1
884,3,0,11,1.823,1407,6,1.804,1
656,3,0,6,1.795,1389,6,0.943,1
745,3,0,11,1.843,1351,6,1.804,1
651,3,0,6,1.863,1453,12,1.804,1
851,3,0,11,1.711,1581,6,0.943,1
510,3,0,6,1.95,1401,12,0.943,1
661,3,0,11,1.882,1642,12,1.804,1
585,3,0,6,1.851,1295,6,0.943,1
579,3,0,6,1.871,1445,6,1.804,1
841,3,0,6,1.823,1684,6,0.943,1
730,3,0,6,1.843,1364,12,0.943,1
471,3,0,11,1.89,1247,12,1.804,1
703,3,0,11,1.815,1409,6,0.943,1
715,3,0,11,1.735,1773,12,1.804,1
909,3,0,6,1.918,1414,6,1.804,1
715,3,0,6,1.867,1518,6,1.804,1
502,3,0,11,1.863,1374,12,1.804,1
783,3,0,11,1.823,1597,6,1.804,1
789,3,0,11,1.783,1554,12,1.804,1
606,3,0,6,1.783,1543,6,1.804,1
801,3,0,6,1.739,1480,6,1.804,1
802,3,0,6,1.847,1483,6,0.943,1
742,3,0,6,1.831,1503,12,1.804,1
862,3,0,6,1.779,1541,12,1.804,1
752,3,0,11,1.859,1284,6,0.943,1
413,3,0,6,1.934,1097,6,1.804,1
667,3,0,11,1.807,1440,6,0.943,1
723,3,0,11,1.811,1485,12,0.943,1
845,3,0,11,1.886,1402,6,1.804,1
476,3,0,11,1.91,1379,6,1.804,1
772,3,0,6,1.902,1513,6,0.943,1
757,3,0,6,1.926,1281,6,0.943,1
718,3,0,6,1.914,1421,12,0.943,1
754,3,0,11,1.89,1421,12,0.943,1
770,3,0,6,1.859,1594,12,1.804,1
860,3,0,11,1.863,1546,12,1.804,1
524,3,0,11,1.906,1333,6,1.804,1
894,3,0,6,1.831,1670,12,1.804,1
659,3,0,6,1.966,1141,6,0.943,1
649,3,0,6,1.775,1413,12,1.804,1
800,3,0,6,1.843,1464,12,0.943,1
815,3,0,11,1.811,1603,6,1.804,1
819,3,0,11,1.835,1611,12,1.804,1
812,3,0,11,1.811,1498,12,0.943,1
675,3,0,11,1.819,1424,12,1.804,1
755,3,0,11,1.747,1486,12,0.943,1
383,3,0,6,1.926,1226,12,1.804,1
784,3,0,11,1.759,1429,12,0.943,1
713,3,0,6,1.835,1527,6,0.943,1
660,3,0,6,1.791,1507,12,0.943,1
642,3,0,11,1.743,1597,6,1.804,1
848,3,0,11,1.783,1672,12,0.943,1
727,3,0,6,1.835,1199,12,1.804,1
576,3,0,6,1.91,1200,6,1.804,1
571,3,0,6,1.974,1309,6,1.804,1
857,3,0,11,1.871,1381,12,0.943,1
1001,3,0,6,1.751,1725,12,1.804,1
403,3,0,11,1.966,1298,12,1.804,1
762,3,0,6,1.875,1200,12,1.804,1
941,3,0,11,1.751,1616,12,1.804,1
664,3,0,6,1.855,1318,12,1.804,1
477,3,0,6,1.934,1221,6,1.804,1
782,3,0,11,1.747,1438,12,1.804,1
722,3,0,6,1.807,1532,6,0.943,1
946,3,0,6,1.656,1832,12,0.943,1
781,3,0,6,1.759,1662,6,0.943,1
625,3,0,6,1.97,1213,6,0.943,1
701,3,0,6,1.791,1333,6,0.943,1
681,3,0,6,1.703,1838,12,1.804,1
748,3,0,11,1.775,1448,6,0.943,1
635,3,0,6,1.835,1719,12,1.804,1
895,3,0,6,1.815,1518,12,0.943,1
736,3,0,11,1.89,1115,12,1.804,1
814,3,0,11,1.751,1594,6,0.943,1
581,3,0,6,1.847,1434,12,1.804,1
670,3,0,6,1.918,1167,6,1.804,1
986,3,0,11,1.727,1709,6,0.943,1
866,3,0,11,1.835,1382,6,0.943,1
644,3,0,11,1.934,1284,6,0.943,1
661,3,0,11,1.998,1234,6,1.804,1
849,3,0,11,1.803,1652,6,0.943,1
318,3,0,11,1.863,1294,12,1.804,1
823,3,0,11,1.918,1482,12,0.943,1
736,3,0,6,1.791,1325,6,0.943,1
203,3,0,10,2.014,0,2,0.888,1
384,3,0,10,2.014,0,2,0.888,1
384,3,0,10,2.014,0,2,0.888,1
427,3,0,10,2.014,0,2,0.888,1
421,3,0,10,2.014,0,2,0.943,1
605,3,0,10,2.014,0,2,0.888,1
283,3,0,10,2.014,0,2,0.943,1
382,3,0,10,2.014,0,2,0.888,1
417,3,0,10,2.014,0,2,0.888,1
346,3,0,10,2.014,0,2,0.943,1
391,3,0,10,2.014,0,2,0.888,1
338,3,0,10,2.014,0,2,0.888,1
469,3,0,10,2.014,0,2,0.888,1
495,3,0,10,2.014,0,2,0.888,1
420,3,0,10,2.014,0,2,0.888,1
382,3,0,10,2.014,0,2,0.943,1
320,3,0,10,2.014,0,2,0.943,1
383,3,0,10,2.014,0,2,0.888,1
387,3,0,10,2.014,0,2,0.943,1
444,3,0,10,2.014,0,2,0.888,1
301,3,0,10,2.014,0,2,0.888,1
415,3,0,10,2.014,0,2,0.888,1
355,3,0,10,2.014,0,2,0.943,1
265,3,0,10,2.014,0,2,0.888,1
411,3,0,10,2.014,0,2,0.888,1
458,3,0,10,2.014,0,2,0.888,1
514,3,0,10,2.014,0,2,0.943,1
280,3,0,10,2.014,0,2,0.888,1
293,3,0,10,2.014,0,2,0.888,1
465,3,0,10,2.014,0,2,0.943,1
396,3,0,10,2.014,0,2,0.943,1
311,3,0,10,2.014,0,2,0.943,1
330,3,0,10,2.014,0,2,0.888,1
368,3,0,10,2.014,0,2,0.943,1
347,3,0,10,2.014,0,2,0.943,1
174,3,0,10,2.014,0,2,0.888,1
537,3,0,10,2.014,0,2,0.888,1
320,3,0,10,2.014,0,2,0.888,1
395,3,0,10,2.014,0,2,0.943,1
415,3,0,10,2.014,0,2,0.943,1
477,3,0,10,2.014,0,2,0.888,1
305,3,0,10,2.014,0,2,0.943,1
297,3,0,10,2.014,0,2,0.943,1
437,3,0,10,2.014,0,2,0.943,1
192,3,0,10,2.014,0,2,0.888,1
371,3,0,10,2.014,0,2,0.943,1
382,3,0,10,2.014,0,2,0.888,1
528,3,0,10,2.014,0,2,0.943,1
414,3,0,10,2.014,0,2,0.888,1
386,3,0,10,2.014,0,2,0.943,1
421,3,0,10,2.014,0,2,0.888,1
350,3,0,10,2.014,0,2,0.888,1
519,3,0,10,2.014,0,2,0.888,1
384,3,0,10,2.014,0,2,0.888,1
438,3,0,10,2.014,0,2,0.888,1
357,3,0,10,2.014,0,2,0.888,1
389,3,0,10,2.014,0,2,0.943,1
353,3,0,10,2.014,0,2,0.888,1
539,3,0,10,2.014,0,2,0.943,1
363,3,0,10,2.014,0,2,0.943,1
400,3,0,10,2.014,0,2,0.943,1
385,3,0,10,2.014,0,2,0.888,1
340,3,0,10,2.014,0,2,0.888,1
427,3,0,10,2.014,0,2,0.888,1
385,3,0,10,2.014,0,2,0.888,1
462,3,0,10,2.014,0,2,0.943,1
491,3,0,10,2.014,0,2,0.888,1
308,3,0,10,2.014,0,2,0.888,1
535,3,0,10,2.014,0,2,0.943,1
480,3,0,10,2.014,0,2,0.888,1
403,3,0,10,2.014,0,2,0.943,1
357,3,0,10,2.014,0,2,0.888,1
355,3,0,10,2.014,0,2,0.888,1
388,3,0,10,2.014,0,2,0.943,1
381,3,0,10,2.014,0,2,0.888,1
339,3,0,10,2.014,0,2,0.943,1
404,3,0,10,2.014,0,2,0.943,1
416,3,0,10,2.014,0,2,0.888,1
557,3,0,10,2.014,0,2,0.888,1
429,3,0,10,2.014,0,2,0.943,1
444,3,0,10,2.014,0,2,0.943,1
489,3,0,10,2.014,0,2,0.943,1
437,3,0,10,2.014,0,2,0.943,1
340,3,0,10,2.014,0,2,0.888,1
376,3,0,10,2.014,0,2,0.943,1
398,3,0,10,2.014,0,2,0.888,1
421,3,0,10,2.014,0,2,0.888,1
416,3,0,10,2.014,0,2,0.943,1
466,3,0,10,2.014,0,2,0.943,1
439,3,0,10,2.014,0,2,0.888,1
494,3,0,10,2.014,0,2,0.943,1
531,3,0,10,2.014,0,2,0.943,1
462,3,0,10,2.014,0,2,0.943,1
521,3,0,10,2.014,0,2,0.943,1
305,3,0,10,2.014,0,2,0.943,1
396,3,0,10,2.014,0,2,0.888,1
414,3,0,10,2.014,0,2,0.888,1
480,3,0,10,2.014,0,2,0.943,1
517,3,0,10,2.014,0,2,0.943,1
404,3,0,10,2.014,0,2,0.888,1
189,3,0,10,2.014,0,2,0.943,1
446,3,0,10,2.014,0,2,0.943,1
347,3,0,10,2.014,0,2,0.943,1
469,3,0,10,2.014,0,2,0.888,1
338,3,0,10,2.014,0,2,0.888,1
279,3,0,10,2.014,0,2,0.888,1
502,3,0,10,2.014,0,2,0.943,1
464,3,0,10,2.014,0,2,0.888,1
364,3,0,10,2.014,0,2,0.943,1
436,3,0,10,2.014,0,2,0.888,1
372,3,0,10,2.014,0,2,0.888,1
334,3,0,10,2.014,0,2,0.888,1
418,3,0,10,2.014,0,2,0.943,1
362,3,0,10,2.014,0,2,0.888,1
421,3,0,10,2.014,0,2,0.888,1
365,3,0,10,2.014,0,2,0.943,1
349,3,0,10,2.014,0,2,0.943,1
393,3,0,10,2.014,0,2,0.888,1
484,3,0,10,2.014,0,2,0.943,1
298,3,0,10,2.014,0,2,0.943,1
346,3,0,10,2.014,0,2,0.888,1
376,3,0,10,2.014,0,2,0.888,1
417,3,0,10,2.014,0,2,0.888,1
429,3,0,10,2.014,0,2,0.888,1
472,3,0,10,2.014,0,2,0.943,1
396,3,0,10,2.014,0,2,0.888,1
370,3,0,10,2.014,0,2,0.888,1
310,3,0,10,2.014,0,2,0.943,1
435,3,0,10,2.014,0,2,0.943,1
450,3,0,10,2.014,0,2,0.888,1
352,3,0,10,2.014,0,2,0.888,1
258,3,0,10,2.014,0,2,0.943,1
445,3,0,10,2.014,0,2,0.943,1
390,3,0,10,2.014,0,2,0.888,1
481,3,0,10,2.014,0,2,0.943,1
416,3,0,10,2.014,0,2,0.888,1
422,3,0,10,2.014,0,2,0.943,1
398,3,0,10,2.014,0,2,0.888,1
394,3,0,10,2.014,0,2,0.888,1
474,3,0,10,2.014,0,2,0.943,1
292,3,0,10,2.014,0,2,0.888,1
363,3,0,10,2.014,0,2,0.888,1
575,3,0,10,2.014,0,2,0.888,1
288,3,0,10,2.014,0,2,0.888,1
336,3,0,10,2.014,0,2,0.943,1
346,3,0,10,2.014,0,2,0.943,1
425,3,0,10,2.014,0,2,0.888,1
344,3,0,10,2.014,0,2,0.943,1
377,3,0,10,2.014,0,2,0.943,1
368,3,0,10,2.014,0,2,0.943,1
504,3,0,10,2.014,0,2,0.888,1
422,3,0,10,2.014,0,2,0.943,1
325,3,0,10,2.014,0,2,0.943,1
299,3,0,10,2.014,0,2,0.943,1
415,3,0,10,2.014,0,2,0.888,1
348,3,0,10,2.014,0,2,0.943,1
433,3,0,10,2.014,0,2,0.943,1
429,3,0,10,2.014,0,2,0.888,1
513,3,0,10,2.014,0,2,0.943,1
428,3,0,10,2.014,0,2,0.943,1
593,3,0,10,2.014,0,2,0.943,1
474,3,0,10,2.014,0,2,0.888,1
451,3,0,10,2.014,0,2,0.943,1
414,3,0,10,2.014,0,2,0.888,1
417,3,0,10,2.014,0,2,0.888,1
305,3,0,10,2.014,0,2,0.943,1
304,3,0,10,2.014,0,2,0.943,1
542,3,0,10,2.014,0,2,0.943,1
331,3,0,10,2.014,0,2,0.888,1
281,3,0,10,2.014,0,2,0.943,1
388,3,0,10,2.014,0,2,0.888,1
389,3,0,10,2.014,0,2,0.943,1
378,3,0,10,2.014,0,2,0.888,1
456,3,0,10,2.014,0,2,0.943,1
307,3,0,10,2.014,0,2,0.888,1
456,3,0,10,2.014,0,2,0.888,1
507,3,0,10,2.014,0,2,0.888,1
427,3,0,10,2.014,0,2,0.943,1
390,3,0,10,2.014,0,2,0.943,1
396,3,0,10,2.014,0,2,0.943,1
318,3,0,10,2.014,0,2,0.943,1
443,3,0,10,2.014,0,2,0.888,1
284,3,0,10,2.014,0,2,0.888,1
404,3,0,10,2.014,0,2,0.888,1
461,3,0,10,2.014,0,2,0.943,1
428,3,0,10,2.014,0,2,0.943,1
417,3,0,10,2.014,0,2,0.943,1
362,3,0,10,2.014,0,2,0.943,1
301,3,0,10,2.014,0,2,0.888,1
542,3,0,10,2.014,0,2,0.943,1
305,3,0,10,2.014,0,2,0.943,1
295,3,0,10,2.014,0,2,0.943,1
470,3,0,10,2.014,0,2,0.943,1
446,3,0,10,2.014,0,2,0.943,1
312,3,0,10,2.014,0,2,0.888,1
285,3,0,10,2.014,0,2,0.943,1
500,3,0,10,2.014,0,2,0.943,1
333,3,0,10,2.014,0,2,0.888,1
429,3,0,10,2.014,0,2,0.888,1
392,3,0,10,2.014,0,2,0.943,1
338,3,0,10,2.014,0,2,0.888,1
384,3,0,10,2.014,0,2,0.888,1
279,3,0,10,2.014,0,2,0.943,1
344,3,0,10,2.014,0,2,0.888,1
292,3,0,10,2.014,0,2,0.888,1
421,3,0,10,2.014,0,2,0.943,1
373,3,0,10,2.014,0,2,0.943,1
341,3,0,10,2.014,0,2,0.943,1
241,3,0,10,2.014,0,2,0.888,1
360,3,0,10,2.014,0,2,0.888,1
396,3,0,10,2.014,0,2,0.943,1
321,3,0,10,2.014,0,2,0.943,1
280,3,0,10,2.014,0,2,0.888,1
382,3,0,10,2.014,0,2,0.943,1
418,3,0,10,2.014,0,2,0.888,1
450,3,0,10,2.014,0,2,0.943,1
521,3,0,10,2.014,0,2,0.888,1
422,3,0,10,2.014,0,2,0.943,1
432,3,0,10,2.014,0,2,0.888,1
437,3,0,10,2.014,0,2,0.943,1
379,3,0,10,2.014,0,2,0.888,1
259,3,0,10,2.014,0,2,0.943,1
470,3,0,10,2.014,0,2,0.888,1
539,3,0,10,2.014,0,2,0.888,1
418,3,0,10,2.014,0,2,0.888,1
294,3,0,10,2.014,0,2,0.943,1
304,3,0,10,2.014,0,2,0.888,1
325,3,0,10,2.014,0,2,0.943,1
314,3,0,10,2.014,0,2,0.888,1
532,3,0,10,2.014,0,2,0.888,1
628,3,0,10,2.014,0,2,0.888,1
356,3,0,10,2.014,0,2,0.943,1
346,3,0,10,2.014,0,2,0.943,1
430,3,0,10,2.014,0,2,0.888,1
411,3,0,10,2.014,0,2,0.943,1
489,3,0,10,2.014,0,2,0.943,1
385,3,0,10,2.014,0,2,0.943,1
364,3,0,10,2.014,0,2,0.888,1
555,3,0,10,2.014,0,2,0.888,1
534,3,0,10,2.014,0,2,0.943,1
468,3,0,10,2.014,0,2,0.888,1
362,3,0,10,2.014,0,2,0.888,1
508,3,0,10,2.014,0,2,0.888,1
340,3,0,10,2.014,0,2,0.888,1
613,3,0,10,2.014,0,2,0.888,1
394,3,0,10,2.014,0,2,0.888,1
259,3,0,10,2.014,0,2,0.888,1
288,3,0,10,2.014,0,2,0.888,1
516,3,0,10,2.014,0,2,0.888,1
436,3,0,10,2.014,0,2,0.888,1
429,3,0,10,2.014,0,2,0.943,1
254,3,0,10,2.014,0,2,0.888,1
320,3,0,10,2.014,0,2,0.888,1
456,3,0,10,2.014,0,2,0.943,1
408,3,0,10,2.014,0,2,0.943,1
397,3,0,10,2.014,0,2,0.943,1
377,3,0,10,2.014,0,2,0.888,1
339,3,0,10,2.014,0,2,0.943,1
425,3,0,10,2.014,0,2,0.888,1
414,3,0,10,2.014,0,2,0.888,1
491,3,0,10,2.014,0,2,0.943,1
377,3,0,10,2.014,0,2,0.943,1
421,3,0,10,2.014,0,2,0.888,1
371,3,0,10,2.014,0,2,0.888,1
506,3,0,10,2.014,0,2,0.943,1
567,3,0,10,2.014,0,2,0.888,1
361,3,0,10,2.014,0,2,0.943,1
465,3,0,10,2.014,0,2,0.888,1
520,3,0,10,2.014,0,2,0.943,1
340,3,0,10,2.014,0,2,0.888,1
336,3,0,10,2.014,0,2,0.943,1
545,3,0,10,2.014,0,2,0.888,1
359,3,0,10,2.014,0,2,0.888,1
521,3,0,10,2.014,0,2,0.943,1
446,3,0,10,2.014,0,2,0.943,1
565,3,0,10,2.014,0,2,0.943,1
410,3,0,10,2.014,0,2,0.943,1
302,3,0,10,2.014,0,2,0.943,1
439,3,0,10,2.014,0,2,0.943,1
384,3,0,10,2.014,0,2,0.943,1
539,3,0,10,2.014,0,2,0.888,1
453,3,0,10,2.014,0,2,0.943,1
323,3,0,10,2.014,0,2,0.888,1
259,3,0,10,2.014,0,2,0.888,1
337,3,0,10,2.014,0,2,0.943,1
402,3,0,10,2.014,0,2,0.943,1
533,3,0,10,2.014,0,2,0.888,1
421,3,0,10,2.014,0,2,0.888,1
387,3,0,10,2.014,0,2,0.943,1
364,3,0,10,2.014,0,2,0.943,1
375,3,0,10,2.014,0,2,0.888,1
454,3,0,10,2.014,0,2,0.888,1
442,3,0,10,2.014,0,2,0.943,1
330,3,0,10,2.014,0,2,0.888,1
477,3,0,10,2.014,0,2,0.888,1
572,3,0,10,2.014,0,2,0.943,1
476,3,0,10,2.014,0,2,0.943,1
487,3,0,10,2.014,0,2,0.888,1
518,3,0,10,2.014,0,2,0.943,1
476,3,0,10,2.014,0,2,0.888,1
380,3,0,10,2.014,0,2,0.888,1
339,3,0,10,2.014,0,2,0.888,1
537,3,0,10,2.014,0,2,0.888,1
335,3,0,10,2.014,0,2,0.888,1
361,3,0,10,2.014,0,2,0.943,1
520,3,0,10,2.014,0,2,0.943,1
393,3,0,10,2.014,0,2,0.943,1
314,3,0,10,2.014,0,2,0.888,1
367,3,0,10,2.014,0,2,0.888,1
546,3,0,10,2.014,0,2,0.888,1
488,3,0,10,2.014,0,2,0.888,1
542,3,0,10,2.014,0,2,0.888,1
487,3,0,10,2.014,0,2,0.943,1
494,3,0,10,2.014,0,2,0.943,1
504,3,0,10,2.014,0,2,0.943,1
387,3,0,10,2.014,0,2,0.943,1
376,3,0,10,2.014,0,2,0.888,1
317,3,0,10,2.014,0,2,0.943,1
410,3,0,10,2.014,0,2,0.943,1
441,3,0,10,2.014,0,2,0.943,1
382,3,0,10,2.014,0,2,0.943,1
325,3,0,10,2.014,0,2,0.943,1
346,3,0,10,2.014,0,2,0.943,1
444,3,0,10,2.014,0,2,0.888,1
465,3,0,10,2.014,0,2,0.943,1
349,3,0,10,2.014,0,2,0.943,1
420,3,0,10,2.014,0,2,0.888,1
476,3,0,10,2.014,0,2,0.888,1
586,3,0,10,2.014,0,2,0.943,1
438,3,0,10,2.014,0,2,0.943,1
393,3,0,10,2.014,0,2,0.888,1
447,3,0,10,2.014,0,2,0.943,1
391,3,0,10,2.014,0,2,0.888,1
444,3,0,10,2.014,0,2,0.888,1
521,3,0,10,2.014,0,2,0.888,1
301,3,0,10,2.014,0,2,0.943,1
338,3,0,10,2.014,0,2,0.888,1
506,3,0,10,2.014,0,2,0.888,1
200,3,0,10,2.014,0,2,0.888,1
375,3,0,10,2.014,0,2,0.888,1
338,3,0,10,2.014,0,2,0.888,1
296,3,0,10,2.014,0,2,0.888,1
380,3,0,10,2.014,0,2,0.943,1
270,3,0,10,2.014,0,2,0.888,1
290,3,0,10,2.014,0,2,0.888,1
442,3,0,10,2.014,0,2,0.888,1
568,3,0,10,2.014,0,2,0.888,1
423,3,0,10,2.014,0,2,0.888,1
319,3,0,10,2.014,0,2,0.943,1
374,3,0,10,2.014,0,2,0.943,1
440,3,0,10,2.014,0,2,0.888,1
378,3,0,10,2.014,0,2,0.943,1
442,3,0,10,2.014,0,2,0.888,1
931,2,0,0,0.406,2106,11,0.943,0
986,2,0,0,0.482,1941,11,0.943,0
1030,2,0,0,0.434,2012,11,0.943,0
896,2,0,0,0.554,1843,11,0.943,0
1144,2,0,0,0.128,2319,11,0.943,0
951,2,0,0,0.605,2018,11,0.943,0
677,2,0,0,0.518,1982,11,0.943,0
950,2,0,0,0.235,2071,11,0.943,0
1096,2,0,0,0.565,1998,11,0.943,0
989,2,0,0,0.442,1902,11,0.943,0
1139,2,0,0,0.55,1941,11,0.943,0
800,2,0,0,0.494,2030,11,0.943,0
1065,2,0,0,0.37,2046,11,0.943,0
859,2,0,0,0.454,1941,11,0.943,0
828,2,0,0,0.661,1834,11,0.943,0
1021,2,0,0,0.422,1899,11,0.943,0
854,2,0,0,0.45,1849,11,0.943,0
1030,2,0,0,0.502,2187,11,0.943,0
1031,2,0,0,0.374,1825,11,0.943,0
787,2,0,0,0.426,2048,11,0.943,0
823,2,0,0,0.772,1608,11,0.943,0
960,2,0,0,0.526,2039,11,0.943,0
936,2,0,0,0.363,1971,11,0.943,0
760,2,0,0,0.498,1778,11,0.943,0
908,2,0,0,0.414,2099,11,0.943,0
811,2,0,0,0.589,1744,11,0.943,0
1122,2,0,0,0.45,1942,11,0.943,0
1130,2,0,0,0.394,2039,11,0.943,0
1072,2,0,0,0.502,1987,11,0.943,0
1161,2,0,0,0.53,1934,11,0.943,0
869,2,0,0,0.335,2072,11,0.943,0
903,2,0,0,0.486,1983,11,0.943,0
990,2,0,0,0.398,1578,11,0.943,0
1128,2,0,0,0.39,1992,11,0.943,0
915,2,0,0,0.291,1812,11,0.943,0
887,2,0,0,0.311,1849,11,0.943,0
1065,2,0,0,0.191,2355,11,0.943,0
1139,2,0,0,0.522,1834,11,0.943,0
803,2,0,0,0.752,1595,11,0.943,0
742,2,0,0,0.581,1910,11,0.943,0
842,2,0,0,0.518,1990,11,0.943,0
777,2,0,0,0.259,2120,11,0.943,0
995,2,0,0,0.434,2008,11,0.943,0
996,2,0,0,0.498,1945,11,0.943,0
991,2,0,0,0.677,1743,11,0.943,0
931,2,0,0,0.538,1931,11,0.943,0
872,2,0,0,0.263,2079,11,0.943,0
901,2,0,0,0.47,1878,11,0.943,0
876,2,0,0,0.565,1748,11,0.943,0
1134,2,0,0,0.355,2042,11,0.943,0
1138,2,0,0,0.343,1980,11,0.943,0
1042,2,0,0,0.39,2119,11,0.943,0
763,2,0,0,0.434,2044,11,0.943,0
1074,2,0,0,0.494,1864,11,0.943,0
1110,2,0,0,0.418,1902,11,0.943,0
962,2,0,0,0.518,2052,11,0.943,0
786,2,0,0,0.53,1891,11,0.943,0
914,2,0,0,0.613,1849,11,0.943,0
878,2,0,0,0.474,1632,11,0.943,0
964,2,0,0,0.47,1717,11,0.943,0
1035,2,0,0,0.514,1894,11,0.943,0
742,2,0,0,0.573,1812,11,0.943,0
1011,2,0,0,0.47,1966,11,0.943,0
872,2,0,0,0.629,1910,11,0.943,0
1012,2,0,0,0.462,1976,11,0.943,0
1000,2,0,0,0.303,2103,11,0.943,0
791,2,0,0,0.589,1756,11,0.943,0
965,2,0,0,0.573,1784,11,0.943,0
988,2,0,0,0.235,2068,11,0.943,0
1155,2,0,0,0.351,2029,11,0.943,0
1066,2,0,0,0.315,1933,11,0.943,0
872,2,0,0,0.43,1835,11,0.943,0
1099,2,0,0,0.311,2029,11,0.943,0
793,2,0,0,0.351,1965,11,0.943,0
877,2,0,0,0.625,1800,11,0.943,0
755,2,0,0,0.573,1833,11,0.943,0
866,2,0,0,0.498,1773,11,0.943,0
984,2,0,0,0.613,1624,11,0.943,0
1102,2,0,0,0.474,2087,11,0.943,0
849,2,0,0,0.709,1721,11,0.943,0
921,2,0,0,0.398,2164,11,0.943,0
1062,2,0,0,0.307,1972,11,0.943,0
1093,2,0,0,0.605,1696,11,0.943,0
706,2,0,0,0.573,1691,11,0.943,0
1179,2,0,0,0.347,2039,11,0.943,0
1062,2,0,0,0.374,2063,11,0.943,0
889,2,0,0,0.494,1891,11,0.943,0
710,2,0,0,0.609,1794,11,0.943,0
912,2,0,0,0.538,1928,11,0.943,0
854,2,0,0,0.438,1976,11,0.943,0
950,2,0,0,0.526,1710,11,0.943,0
1029,2,0,0,0.554,2048,11,0.943,0
799,2,0,0,0.478,2085,11,0.943,0
1046,2,0,0,0.494,2031,11,0.943,0
933,2,0,0,0.47,1893,11,0.943,0
944,2,0,0,0.478,1948,11,0.943,0
717,2,0,0,0.339,2060,11,0.943,0
1132,2,0,0,0.243,2066,11,0.943,0
913,2,0,0,0.482,1924,11,0.943,0
857,2,0,0,0.625,1888,11,0.943,0
726,2,0,0,0.605,1779,11,0.943,0
1053,2,0,0,0.561,2055,11,0.943,0
821,2,0,0,0.557,1827,11,0.943,0
874,2,0,0,0.597,1680,11,0.943,0
1124,2,0,0,0.247,1947,11,0.943,0
1247,2,0,0,0.402,1904,11,0.943,0
1085,2,0,0,0.414,2073,11,0.943,0
787,2,0,0,0.768,1495,11,0.943,0
1137,2,0,0,0.45,2075,11,0.943,0
840,2,0,0,0.613,1723,11,0.943,0
984,2,0,0,0.768,1888,11,0.943,0
965,2,0,0,0.49,1881,11,0.943,0
1132,2,0,0,0.49,1877,11,0.943,0
862,2,0,0,0.478,1828,11,0.943,0
825,2,0,0,0.406,2207,11,0.943,0
945,2,0,0,0.45,2024,11,0.943,0
993,2,0,0,0.327,1988,11,0.943,0
985,2,0,0,0.378,2219,11,0.943,0
1272,2,0,0,0.438,2021,11,0.943,0
1165,2,0,0,0.458,1959,11,0.943,0
1052,2,0,0,0.382,1904,11,0.943,0
1109,2,0,0,0.347,2038,11,0.943,0
953,2,0,0,0.422,1945,11,0.943,0
1018,2,0,0,0.621,1770,11,0.943,0
943,2,0,0,0.498,1884,11,0.943,0
1027,2,0,0,0.351,2095,11,0.943,0
978,2,0,0,0.335,1849,11,0.943,0
1154,2,0,0,0.45,1931,11,0.943,0
978,2,0,0,0.347,2189,11,0.943,0
750,2,0,0,0.673,1847,11,0.943,0
1006,2,0,0,0.291,1924,11,0.943,0
709,2,0,0,0.418,1977,11,0.943,0
962,2,0,0,0.283,2244,11,0.943,0
1048,2,0,0,0.418,2117,11,0.943,0
836,2,0,0,0.474,1998,11,0.943,0
736,2,0,0,0.53,1934,11,0.943,0
1039,2,0,0,0.343,2057,11,0.943,0
1179,2,0,0,0.176,2128,11,0.943,0
976,2,0,0,0.546,1868,11,0.943,0
1055,2,0,0,0.554,1896,11,0.943,0
1168,2,0,0,0.506,2095,11,0.943,0
1230,2,0,0,0.462,2064,11,0.943,0
650,2,0,0,0.629,1949,11,0.943,0
921,2,0,0,0.756,1592,11,0.943,0
871,2,0,0,0.478,1934,11,0.943,0
1043,2,0,0,0.37,2050,11,0.943,0
914,2,0,0,0.53,1852,11,0.943,0
956,2,0,0,0.299,2098,11,0.943,0
1165,2,0,0,0.347,2128,11,0.943,0
1076,2,0,0,0.319,1971,11,0.943,0
1014,2,0,0,0.554,2052,11,0.943,0
812,2,0,0,0.199,2277,11,0.943,0
991,2,0,0,0.478,1987,11,0.943,0
853,2,0,0,0.752,1769,11,0.943,0
868,2,0,0,0.45,1821,11,0.943,0
1028,2,0,0,0.363,2115,11,0.943,0
985,2,0,0,0.363,2126,11,0.943,0
931,2,0,0,0.569,2032,11,0.943,0
859,2,0,0,0.593,1767,11,0.943,0
997,2,0,0,0.327,1940,11,0.943,0
909,2,0,0,0.434,1896,11,0.943,0
1035,2,0,0,0.323,1917,11,0.943,0
1070,2,0,0,0.331,1892,11,0.943,0
899,2,0,0,0.848,1769,11,0.943,0
863,2,0,0,0.43,1922,11,0.943,0
732,2,0,0,0.434,1943,11,0.943,0
970,2,0,0,0.709,1766,11,0.943,0
969,2,0,0,0.418,1918,11,0.943,0
971,2,0,0,0.557,2094,11,0.943,0
1154,2,0,0,0.446,2309,11,0.943,0
1063,2,0,0,0.601,1785,11,0.943,0
1065,2,0,0,0.386,2036,11,0.943,0
877,2,0,0,0.506,1995,11,0.943,0
931,2,0,0,0.41,1860,11,0.943,0
908,2,0,0,0.581,1698,11,0.943,0
1092,2,0,0,0.239,2237,11,0.943,0
988,2,0,0,0.374,1932,11,0.943,0
1075,2,0,0,0.557,1948,11,0.943,0
826,2,0,0,0.569,2072,11,0.943,0
1020,2,0,0,0.323,1969,11,0.943,0
1055,2,0,0,0.466,1904,11,0.943,0
857,2,0,0,0.458,1888,11,0.943,0
867,2,0,0,0.502,1881,11,0.943,0
1153,2,0,0,0.486,2037,11,0.943,0
1027,2,0,0,0.546,2001,11,0.943,0
797,2,0,0,0.422,1944,11,0.943,0
765,2,0,0,0.625,1804,11,0.943,0
938,2,0,0,0.573,1821,11,0.943,0
856,2,0,0,0.41,1872,11,0.943,0
930,2,0,0,0.494,1778,11,0.943,0
1007,2,0,0,0.482,1850,11,0.943,0
1208,2,0,0,0.251,2272,11,0.943,0
1031,2,0,0,0.47,2000,11,0.943,0
868,2,0,0,0.518,1825,11,0.943,0
789,2,0,0,0.657,1876,11,0.943,0
1023,2,0,0,0.382,2220,11,0.943,0
1143,2,0,0,0.45,2231,11,0.943,0
1104,2,0,0,0.366,2225,11,0.943,0
1014,2,0,0,0.414,1877,11,0.943,0
845,2,0,0,0.363,1964,11,0.943,0
852,2,0,0,0.199,2092,11,0.943,0
800,2,0,0,0.518,1997,11,0.943,0
1164,2,0,0,0.418,2031,11,0.943,0
901,2,0,0,0.319,1760,11,0.943,0
1035,2,0,0,0.247,2159,11,0.943,0
1003,2,0,0,0.43,1916,11,0.943,0
1087,2,0,0,0.542,1984,11,0.943,0
1002,2,0,0,0.271,2275,11,0.943,0
806,2,0,0,0.585,1663,11,0.943,0
1021,2,0,0,0.307,2096,11,0.943,0
784,2,0,0,0.49,1770,11,0.943,0
1056,2,0,0,0.601,1651,11,0.943,0
924,2,0,0,0.398,2044,11,0.943,0
1239,2,0,0,0.092,2113,11,0.943,0
848,2,0,0,0.637,1824,11,0.943,0
1228,2,0,0,0.255,2186,11,0.943,0
905,2,0,0,0.45,1941,11,0.943,0
1147,2,0,0,0.092,2286,11,0.943,0
952,2,0,0,0.374,1965,11,0.943,0
1061,2,0,0,0.287,2277,11,0.943,0
971,2,0,0,0.593,1845,11,0.943,0
1030,2,0,0,0.41,1840,11,0.943,0
975,2,0,0,0.538,2024,11,0.943,0
1099,2,0,0,0.43,2172,11,0.943,0
973,2,0,0,0.458,2030,11,0.943,0
843,2,0,0,0.641,1966,11,0.943,0
1182,2,0,0,0.565,1839,11,0.943,0
694,2,0,0,0.828,1488,11,0.943,0
1048,2,0,0,0.275,2191,11,0.943,0
810,2,0,0,0.378,1859,11,0.943,0
745,2,0,0,0.617,1473,11,0.943,0
1064,2,0,0,0.446,2155,11,0.943,0
884,2,0,0,0.577,1886,11,0.943,0
1057,2,0,0,0.526,1879,11,0.943,0
958,2,0,0,0.434,1939,11,0.943,0
842,2,0,0,0.494,2011,11,0.943,0
695,2,0,0,0.569,1799,11,0.943,0
783,2,0,0,0.713,1715,11,0.943,0
864,2,0,0,0.669,1624,11,0.943,0
1097,2,0,0,0.434,2016,11,0.943,0
990,2,0,0,0.49,1951,11,0.943,0
1017,2,0,0,0.386,2098,11,0.943,0
1076,2,0,0,0.554,1922,11,0.943,0
793,2,0,0,0.597,1952,11,0.943,0
1112,2,0,0,0.394,2053,11,0.943,0
958,2,0,0,0.645,1792,11,0.943,0
798,2,0,0,0.49,1892,11,0.943,0
919,2,0,0,0.402,2110,11,0.943,0
751,2,0,0,0.645,1705,11,0.943,0
1079,2,0,0,0.597,1806,11,0.943,0
1022,2,0,0,0.494,2133,11,0.943,0
783,2,0,0,0.542,1877,11,0.943,0
887,2,0,0,0.386,1914,11,0.943,0
821,2,0,0,0.518,1767,11,0.943,0
738,2,0,0,0.526,1888,11,0.943,0
827,2,0,0,0.458,1874,11,0.943,0
766,2,0,0,0.577,1920,11,0.943,0
1089,2,0,0,0.593,2122,11,0.943,0
903,2,0,0,0.498,2028,11,0.943,0
903,2,0,0,0.589,1916,11,0.943,0
843,2,0,0,0.454,1815,11,0.943,0
996,2,0,0,0.251,1902,11,0.943,0
1064,2,0,0,0.585,1874,11,0.943,0
783,2,0,0,0.438,1910,11,0.943,0
812,2,0,0,0.402,1990,11,0.943,0
1023,2,0,0,0.235,2325,11,0.943,0
925,2,0,0,0.394,2056,11,0.943,0
1046,2,0,0,0.701,1826,11,0.943,0
890,2,0,0,0.756,1438,11,0.943,0
989,2,0,0,0.275,2193,11,0.943,0
1041,2,0,0,0.51,1896,11,0.943,0
1165,2,0,0,0.434,1924,11,0.943,0
1051,2,0,0,0.526,2007,11,0.943,0
999,2,0,0,0.386,1879,11,0.943,0
1036,2,0,0,0.462,2116,11,0.943,0
1126,2,0,0,0.315,2119,11,0.943,0
917,2,0,0,0.538,1940,11,0.943,0
943,2,0,0,0.506,1930,11,0.943,0
1160,2,0,0,0.279,2036,11,0.943,0
1033,2,0,0,0.494,2148,11,0.943,0
894,2,0,0,0.633,1944,11,0.943,0
1000,2,0,0,0.55,1878,11,0.943,0
972,2,0,0,0.482,1913,11,0.943,0
966,2,0,0,0.486,2035,11,0.943,0
722,2,0,0,0.438,1967,11,0.943,0
998,2,0,0,0.347,1950,11,0.943,0
1154,2,0,0,0.454,2184,11,0.943,0
1094,2,0,0,0.168,2309,11,0.943,0
1156,2,0,0,0.355,2211,11,0.943,0
1137,2,0,0,0.335,2251,11,0.943,0
876,2,0,0,0.347,2029,11,0.943,0
888,2,0,0,0.637,2011,11,0.943,0
1066,2,0,0,0.418,1940,11,0.943,0
1023,2,0,0,0.49,1787,11,0.943,0
1155,2,0,0,0.251,2080,11,0.943,0
1044,2,0,0,0.565,1885,11,0.943,0
1169,2,0,0,0.378,2035,11,0.943,0
705,2,0,0,0.581,1806,11,0.943,0
1148,2,0,0,0.355,1972,11,0.943,0
923,2,0,0,0.446,1892,11,0.943,0
875,2,0,0,0.725,1768,11,0.943,0
772,2,0,0,0.462,2006,11,0.943,0
809,2,0,0,0.53,2012,11,0.943,0
974,2,0,0,0.502,2029,11,0.943,0
1065,2,0,0,0.446,2020,11,0.943,0
965,2,0,0,0.402,2233,11,0.943,0
1158,2,0,0,0.378,2311,11,0.943,0
786,2,0,0,0.374,1976,11,0.943,0
960,2,0,0,0.569,1974,11,0.943,0
989,2,0,0,0.47,1938,11,0.943,0
1045,2,0,0,0.438,1867,11,0.943,0
785,2,0,0,0.653,1637,11,0.943,0
1137,2,0,0,0.287,2299,11,0.943,0
1113,2,0,0,0.351,2184,11,0.943,0
993,2,0,0,0.394,1972,11,0.943,0
1104,2,0,0,0.382,2095,11,0.943,0
1124,2,0,0,0.355,2167,11,0.943,0
1013,2,0,0,0.378,2185,11,0.943,0
899,2,0,0,0.601,2069,11,0.943,0
830,2,0,0,0.693,1824,11,0.943,0
912,2,0,0,0.629,1788,11,0.943,0
820,2,0,0,0.633,1474,11,0.943,0
1052,2,0,0,0.287,2110,11,0.943,0
954,2,0,0,0.629,1956,11,0.943,0
803,2,0,0,0.466,1878,11,0.943,0
1082,2,0,0,0.398,1962,11,0.943,0
831,2,0,0,0.573,1662,11,0.943,0
914,2,0,0,0.569,1996,11,0.943,0
875,2,0,0,0.613,1701,11,0.943,0
1077,2,0,0,0.546,2005,11,0.943,0
939,2,0,0,0.506,1895,11,0.943,0
975,2,0,0,0.637,1701,11,0.943,0
588,2,0,0,0.661,1753,11,0.943,0
1044,2,0,0,0.565,1979,11,0.943,0
783,2,0,0,0.51,1948,11,0.943,0
719,2,0,0,0.526,1679,11,0.943,0
986,2,0,0,0.311,2226,11,0.943,0
1084,2,0,0,0.482,2014,11,0.943,0
1129,2,0,0,0.231,2152,11,0.943,0
754,2,0,0,0.796,1686,11,0.943,0
822,2,0,0,0.804,1632,11,0.943,0
890,2,0,0,0.295,2021,11,0.943,0
953,2,0,0,0.498,2031,11,0.943,0
777,2,0,0,0.538,2008,11,0.943,0
941,2,0,0,0.506,1945,11,0.943,0
1042,2,0,0,0.518,1977,11,0.943,0
903,2,0,0,0.514,1975,11,0.943,0
1144,2,0,0,0.335,2266,11,0.943,0
930,2,0,0,0.454,1969,11,0.943,0
1032,2,0,0,0.633,1789,11,0.943,0
966,2,0,0,0.649,1843,11,0.943,0
1101,2,0,0,0.418,1948,11,0.943,0
1018,2,0,0,0.446,2077,11,0.943,0
89,6,0,5,0.685,123,6,1.804,1
94,6,0,5,0.916,109,6,1.804,1
90,3,0,5,0.51,97,6,0.027,1
108,6,0,5,0.824,103,6,0.888,1
101,6,0,5,0.303,122,6,0.027,1
97,3,0,5,1.377,74,6,1.804,1
130,6,0,5,0.752,124,6,0.943,1
94,3,0,5,0.729,105,6,1.804,1
111,3,0,5,1.27,92,6,1.804,1
126,3,0,5,0.581,112,6,0.027,1
110,3,0,5,0.685,98,6,1.804,1
127,6,0,5,0.924,88,6,0.027,1
88,3,0,5,0.979,100,6,0.943,1
115,6,0,5,0.904,108,6,0.943,1
104,6,0,5,0.697,110,6,1.804,1
128,3,0,5,1.031,114,6,0.888,1
103,6,0,5,0.971,96,6,1.804,1
113,3,0,5,0.701,114,6,0.943,1
104,6,0,5,0.864,79,6,0.027,1
119,3,0,5,0.486,115,6,0.027,1
88,3,0,5,1.369,75,6,1.804,1
91,3,0,5,0.951,79,6,0.027,1
99,3,0,5,1.107,91,6,0.027,1
93,3,0,5,0.951,91,6,0.888,1
95,6,0,5,0.756,86,6,1.804,1
102,3,0,5,1.294,80,6,0.888,1
172,3,0,5,0.251,137,6,1.804,1
110,6,0,5,0.939,93,6,0.943,1
99,3,0,5,0.693,113,6,0.027,1
91,3,0,5,0.836,93,6,0.943,1
117,6,0,5,0.669,117,6,1.804,1
92,3,0,5,1.091,91,6,0.943,1
116,3,0,5,0.713,111,6,1.804,1
116,6,0,5,0.804,96,6,0.888,1
89,3,0,5,0.943,99,6,0.888,1
87,3,0,5,1.134,73,6,1.804,1
96,3,0,5,0.955,77,6,0.943,1
119,6,0,5,0.951,97,6,1.804,1
130,3,0,5,0.76,93,6,1.804,1
119,3,0,5,1.119,81,6,1.804,1
115,6,0,5,0.975,95,6,0.027,1
110,6,0,5,0.896,99,6,0.888,1
116,6,0,5,0.569,113,6,1.804,1
87,6,0,5,1.083,87,6,0.888,1
108,3,0,5,0.9,119,6,0.027,1
139,3,0,5,0.494,98,6,1.804,1
89,3,0,5,0.955,74,6,1.804,1
117,6,0,5,0.478,140,6,0.027,1
133,6,0,5,0.999,95,6,0.027,1
102,6,0,5,0.84,85,6,0.888,1
104,6,0,5,1.158,91,6,0.943,1
105,3,0,5,0.709,113,6,0.943,1
131,6,0,5,0.148,128,6,0.027,1
115,3,0,5,0.764,95,6,0.943,1
105,3,0,5,1.119,96,6,0.943,1
103,3,0,5,0.904,78,6,0.888,1
109,3,0,5,0.792,113,6,0.027,1
97,6,0,5,1.047,107,6,0.943,1
106,6,0,5,1.031,78,6,0.943,1
124,3,0,5,0.737,101,6,0.943,1
90,6,0,5,0.725,103,6,0.888,1
96,3,0,5,0.673,110,6,1.804,1
109,6,0,5,0.808,102,6,0.943,1
112,3,0,5,0.808,97,6,0.027,1
134,3,0,5,0.621,122,6,1.804,1
99,6,0,5,0.649,86,6,0.027,1
72,6,0,5,1.011,76,6,0.888,1
100,6,0,5,0.601,106,6,1.804,1
93,6,0,5,0.872,96,6,0.888,1
124,3,0,5,0.733,116,6,1.804,1
132,6,0,5,0.569,104,6,0.027,1
117,6,0,5,0.617,92,6,0.027,1
143,6,0,5,0.438,133,6,0.027,1
110,6,0,5,0.812,86,6,0.943,1
115,3,0,5,0.474,118,6,0.943,1
72,3,0,5,1.329,70,6,0.943,1
77,6,0,5,1.023,86,6,0.027,1
98,3,0,5,1.039,84,6,0.027,1
87,6,0,5,0.892,96,6,0.027,1
103,6,0,5,0.935,75,6,0.027,1
127,3,0,5,0.701,102,6,0.888,1
104,3,0,5,0.959,98,6,0.027,1
105,6,0,5,0.343,91,6,1.804,1
93,6,0,5,0.955,98,6,1.804,1
92,3,0,5,0.912,101,6,1.804,1
107,3,0,5,1.075,102,6,0.943,1
85,6,0,5,1.011,91,6,0.027,1
106,6,0,5,1.059,92,6,1.804,1
73,6,0,5,1.055,86,6,0.888,1
95,6,0,5,0.88,110,6,0.027,1
98,6,0,5,0.983,69,6,1.804,1
121,6,0,5,0.999,93,6,1.804,1
124,3,0,5,0.808,128,6,0.943,1
105,6,0,5,0.932,80,6,0.027,1
117,3,0,5,0.621,109,6,0.943,1
126,6,0,5,0.374,106,6,0.027,1
99,3,0,5,0.836,82,6,1.804,1
120,3,0,5,0.924,92,6,0.027,1
117,6,0,5,1.019,115,6,1.804,1
122,6,0,5,0.816,100,6,1.804,1
93,6,0,5,0.76,113,6,0.943,1
110,6,0,5,0.983,88,6,1.804,1
105,6,0,5,1.091,72,6,1.804,1
98,3,0,5,1.059,101,6,0.888,1
102,3,0,5,0.979,104,6,0.888,1
93,3,0,5,0.987,96,6,0.888,1
110,3,0,5,0.534,113,6,1.804,1
99,6,0,5,1.222,92,6,0.943,1
127,6,0,5,0.466,113,6,0.943,1
103,3,0,5,0.82,104,6,1.804,1
136,3,0,5,0.454,115,6,0.027,1
108,3,0,5,1.329,78,6,0.943,1
113,3,0,5,0.792,122,6,0.943,1
113,3,0,5,0.967,102,6,0.027,1
112,3,0,5,0.967,101,6,0.943,1
138,3,0,5,0.709,108,6,0.027,1
111,3,0,5,0.478,125,6,0.027,1
63,3,0,5,1.015,85,6,0.027,1
100,3,0,5,1.21,78,6,0.943,1
46,6,0,5,1.58,73,6,0.888,1
110,6,0,5,0.482,82,6,0.943,1
105,6,0,5,1.242,99,6,1.804,1
83,6,0,5,0.876,103,6,0.027,1
125,3,0,5,0.78,115,6,0.943,1
111,6,0,5,1.123,85,6,0.888,1
89,6,0,5,1.413,55,6,0.027,1
111,6,0,5,0.462,92,6,1.804,1
117,6,0,5,0.557,94,6,0.943,1
124,3,0,5,0.462,123,6,0.888,1
114,6,0,5,1.19,86,6,0.888,1
119,6,0,5,0.55,95,6,0.888,1
105,6,0,5,1.055,72,6,0.943,1
119,6,0,5,1.019,95,6,0.888,1
109,6,0,5,0.999,89,6,0.027,1
94,6,0,5,1.162,85,6,1.804,1
107,3,0,5,0.374,106,6,1.804,1
125,3,0,5,0.617,97,6,0.943,1
102,3,0,5,1.186,92,6,0.943,1
83,3,0,5,0.824,103,6,1.804,1
101,3,0,5,1.194,82,6,0.888,1
122,6,0,5,0.295,133,6,1.804,1
118,3,0,5,0.502,137,6,0.027,1
91,3,0,5,0.55,92,6,0.888,1
99,3,0,5,1.182,85,6,0.888,1
95,3,0,5,1.003,76,6,0.027,1
117,6,0,5,0.335,102,6,0.888,1
72,3,0,5,1.107,72,6,0.888,1
94,6,0,5,1.202,90,6,1.804,1
109,3,0,5,0.406,97,6,0.888,1
96,3,0,5,0.693,109,6,0.888,1
125,6,0,5,0.351,106,6,0.888,1
113,3,0,5,0.916,89,6,0.943,1
87,6,0,5,0.932,56,6,0.943,1
99,3,0,5,1.015,106,6,0.943,1
88,6,0,5,0.458,118,6,0.943,1
114,6,0,5,0.729,93,6,0.943,1
87,6,0,5,0.653,107,6,0.888,1
124,6,0,5,0.693,91,6,0.027,1
114,6,0,5,0.788,113,6,0.027,1
107,6,0,5,0.904,80,6,0.943,1
94,6,0,5,0.995,109,6,0.888,1
82,6,0,5,1.158,104,6,0.888,1
91,6,0,5,1.325,67,6,1.804,1
112,6,0,5,0.629,94,6,0.027,1
81,3,0,5,0.876,93,6,1.804,1
137,6,0,5,0.534,116,6,0.943,1
94,6,0,5,1.218,94,6,0.027,1
94,6,0,5,0.932,87,6,0.027,1
137,6,0,5,0.331,132,6,0.943,1
115,3,0,5,0.856,115,6,0.027,1
138,6,0,5,0.331,131,6,0.888,1
135,6,0,5,0.76,109,6,1.804,1
111,3,0,5,0.581,100,6,1.804,1
104,3,0,5,1.115,92,6,0.027,1
95,6,0,5,1.353,72,6,0.888,1
97,3,0,5,1.023,64,6,0.943,1
93,6,0,5,0.756,110,6,0.943,1
80,3,0,5,1.039,83,6,0.027,1
125,3,0,5,0.51,105,6,0.943,1
98,6,0,5,0.979,83,6,0.888,1
91,6,0,5,1.115,80,6,0.888,1
110,3,0,5,0.935,120,6,0.027,1
91,6,0,5,0.832,84,6,0.888,1
134,3,0,5,0.721,110,6,1.804,1
108,6,0,5,0.92,106,6,1.804,1
123,6,0,5,0.637,113,6,0.943,1
83,6,0,5,0.999,83,6,1.804,1
95,3,0,5,0.673,90,6,0.027,1
114,6,0,5,0.784,131,6,1.804,1
94,3,0,5,1.23,95,6,0.027,1
123,6,0,5,0.776,93,6,1.804,1
105,6,0,5,0.896,87,6,1.804,1
91,6,0,5,0.852,113,6,1.804,1
106,3,0,5,1.501,71,6,1.804,1
94,6,0,5,0.812,119,6,0.027,1
97,3,0,5,0.446,128,6,0.943,1
96,6,0,5,1.166,90,6,0.943,1
113,3,0,5,0.991,83,6,0.888,1
84,6,0,5,1.226,105,6,0.888,1
96,6,0,5,1.31,89,6,0.027,1
103,3,0,5,0.721,80,6,0.027,1
113,6,0,5,0.864,92,6,0.027,1
124,3,0,5,0.394,103,6,1.804,1
101,3,0,5,0.343,115,6,0.888,1
91,3,0,5,0.892,136,6,0.027,1
75,3,0,5,1.146,63,6,0.943,1
106,3,0,5,0.776,91,6,1.804,1
90,6,0,5,0.784,111,6,0.027,1
117,6,0,5,1.123,108,6,0.943,1
103,3,0,5,1.286,68,6,0.888,1
98,6,0,5,0.776,86,6,1.804,1
101,6,0,5,0.764,82,6,0.888,1
81,6,0,5,1.656,73,6,0.027,1
105,6,0,5,0.943,84,6,0.943,1
103,3,0,5,0.744,92,6,0.027,1
113,3,0,5,0.88,86,6,1.804,1
118,6,0,5,0.522,113,6,1.804,1
122,6,0,5,0.752,110,6,0.888,1
107,6,0,5,0.975,93,6,1.804,1
118,6,0,5,1.023,90,6,0.888,1
72,3,0,5,1.313,79,6,1.804,1
93,6,0,5,0.951,106,6,1.804,1
93,6,0,5,0.955,89,6,0.027,1
107,3,0,5,0.522,87,6,1.804,1
122,6,0,5,0.932,108,6,0.027,1
125,6,0,5,0.649,141,6,1.804,1
100,6,0,5,0.824,107,6,1.804,1
112,6,0,5,0.641,115,6,0.943,1
102,3,0,5,0.904,97,6,0.943,1
92,6,0,5,0.908,103,6,1.804,1
102,3,0,5,1.242,78,6,0.943,1
114,6,0,5,0.657,117,6,0.888,1
97,6,0,5,0.796,73,6,0.888,1
96,6,0,5,0.951,87,6,1.804,1
96,3,0,5,1.111,109,6,0.027,1
99,3,0,5,1.011,87,6,0.888,1
115,6,0,5,0.725,112,6,0.888,1
107,6,0,5,0.554,116,6,0.888,1
109,3,0,5,0.482,111,6,0.943,1
92,6,0,5,0.912,105,6,0.027,1
126,6,0,5,0.999,91,6,0.027,1
113,3,0,5,0.864,99,6,0.888,1
121,6,0,5,0.458,125,6,0.027,1
89,3,0,5,1.142,72,6,0.027,1
133,6,0,5,0.943,97,6,1.804,1
100,6,0,5,1.019,108,6,0.943,1
127,3,0,5,0.729,103,6,0.888,1
100,6,0,5,0.752,113,6,0.943,1
87,6,0,5,0.868,97,6,0.943,1
113,6,0,5,0.88,100,6,0.888,1
104,3,0,5,0.669,102,6,1.804,1
95,6,0,5,1.198,70,6,0.888,1
95,6,0,5,0.975,102,6,1.804,1
106,6,0,5,0.713,98,6,0.027,1
113,3,0,5,0.84,116,6,0.943,1
97,6,0,5,0.9,81,6,0.027,1
120,6,0,5,1.142,94,6,0.943,1
95,6,0,5,1.119,69,6,0.027,1
123,6,0,5,1.059,63,6,0.027,1
99,3,0,5,0.605,106,6,0.027,1
121,3,0,5,1.453,83,6,0.027,1
106,3,0,5,1.19,90,6,0.888,1
114,3,0,5,0.554,89,6,1.804,1
79,3,0,5,1.353,72,6,0.943,1
127,6,0,5,0.924,124,6,0.943,1
126,3,0,5,0.908,94,6,1.804,1
99,3,0,5,0.824,107,6,0.888,1
80,3,0,5,1.007,70,6,0.943,1
117,6,0,5,1.31,81,6,0.027,1
95,3,0,5,0.9,117,6,0.888,1
103,6,0,5,0.82,99,6,1.804,1
123,6,0,5,0.629,110,6,0.888,1
94,3,0,5,1.031,98,6,1.804,1
83,6,0,5,1.063,84,6,0.888,1
88,6,0,5,1.047,81,6,0.027,1
115,3,0,5,0.741,111,6,0.888,1
116,3,0,5,0.605,113,6,0.888,1
115,6,0,5,0.506,102,6,0.888,1
113,3,0,5,1.134,94,6,0.888,1
115,6,0,5,0.526,106,6,0.027,1
134,3,0,5,0.398,110,6,1.804,1
109,3,0,5,0.824,99,6,0.027,1
85,6,0,5,1.337,71,6,0.027,1
113,6,0,5,1.035,82,6,0.888,1
88,6,0,5,1.373,63,6,0.888,1
116,3,0,5,0.725,84,6,0.027,1
110,6,0,5,0.943,112,6,0.027,1
107,6,0,5,0.816,86,6,1.804,1
108,6,0,5,0.689,122,6,1.804,1
84,6,0,5,0.932,99,6,0.943,1
96,3,0,5,1.445,70,6,0.888,1
125,3,0,5,0.741,124,6,0.027,1
75,3,0,5,1.528,52,6,0.888,1
92,3,0,5,0.947,88,6,0.943,1
113,6,0,5,0.971,80,6,0.943,1
128,3,0,5,0.713,102,6,0.888,1
114,3,0,5,0.9,89,6,0.888,1
126,6,0,5,0.554,108,6,0.943,1
110,6,0,5,0.951,86,6,1.804,1
135,3,0,5,0.733,105,6,0.027,1
96,6,0,5,1.119,74,6,0.943,1
101,6,0,5,1.198,74,6,0.888,1
91,6,0,5,1.497,83,6,0.888,1
122,6,0,5,0.299,101,6,0.943,1
99,3,0,5,1.19,89,6,0.027,1
112,6,0,5,0.872,85,6,1.804,1
134,6,0,5,0.955,105,6,0.943,1
110,3,0,5,0.502,111,6,0.888,1
96,3,0,5,1.039,78,6,0.888,1
110,3,0,5,0.713,98,6,0.888,1
104,6,0,5,1.19,96,6,0.943,1
100,6,0,5,0.737,108,6,0.943,1
100,6,0,5,0.884,91,6,1.804,1
93,6,0,5,1.461,61,6,1.804,1
90,3,0,5,0.53,111,6,0.943,1
127,6,0,5,0.824,122,6,1.804,1
113,6,0,5,0.446,112,6,1.804,1
78,6,0,5,1.134,64,6,1.804,1
150,3,0,5,0.486,131,6,0.027,1
100,3,0,5,0.908,91,6,0.027,1
101,6,0,5,1.011,83,6,0.027,1
99,3,0,5,0.828,92,6,0.027,1
96,6,0,5,0.287,124,6,0.888,1
113,3,0,5,0.804,91,6,0.027,1
112,6,0,5,0.904,94,6,0.027,1
135,6,0,5,0.597,110,6,1.804,1
104,3,0,5,0.335,110,6,0.888,1
108,6,0,5,0.534,110,6,0.027,1
103,6,0,5,1.313,69,6,0.888,1
105,3,0,5,0.645,88,6,0.943,1
104,6,0,5,0.641,98,6,1.804,1
116,6,0,5,0.741,96,6,0.888,1
118,3,0,5,0.733,107,6,0.943,1
93,3,0,5,1.075,63,6,0.943,1
66,3,0,5,1.103,70,6,1.804,1
120,6,0,5,0.347,116,6,0.888,1
106,3,0,5,0.315,139,6,0.888,1
71,3,0,5,0.916,63,6,0.943,1
96,6,0,5,0.78,103,6,1.804,1
89,3,0,5,0.884,78,6,0.888,1
78,6,0,5,1.063,73,6,0.943,1
116,3,0,5,0.474,132,6,0.888,1
138,3,0,5,0.744,105,6,0.943,1
113,3,0,5,0.725,107,6,0.943,1
81,6,0,5,1.198,75,6,0.027,1
123,3,0,5,0.506,102,6,0.027,1
131,3,0,5,0.259,114,6,1.804,1
72,3,0,5,0.979,82,6,0.943,1
88,3,0,5,1.007,61,6,0.943,1
92,3,0,5,1.15,56,6,0.943,1
123,3,0,5,0.259,109,6,0.027,1
114,3,0,5,0.76,100,6,0.943,1
114,6,0,5,0.943,86,6,0.888,1
298,3,3,2,2.014,0,2,0.027,1
312,3,3,2,2.014,0,2,1.804,1
352,3,3,2,2.014,0,2,1.804,1
370,3,3,2,2.014,0,2,0.027,1
343,3,3,2,2.014,0,2,0.943,1
332,3,3,2,2.014,0,2,0.943,1
378,3,3,2,2.014,0,2,0.027,1
316,3,3,2,2.014,0,2,0.027,1
331,3,3,2,2.014,0,2,0.027,1
361,3,3,2,2.014,0,2,0.888,1
391,3,3,2,2.014,0,2,1.804,1
504,3,3,2,2.014,0,2,0.888,1
470,3,3,2,2.014,0,2,0.943,1
396,3,3,2,2.014,0,2,0.027,1
421,3,3,2,2.014,0,2,1.804,1
396,3,3,2,2.014,0,2,0.888,1
285,3,3,2,2.014,0,2,0.943,1
349,3,3,2,2.014,0,2,0.888,1
248,3,3,2,2.014,0,2,0.888,1
406,3,3,2,2.014,0,2,0.943,1
263,3,3,2,2.014,0,2,0.888,1
349,3,3,2,2.014,0,2,0.943,1
219,3,3,2,2.014,0,2,0.888,1
382,3,3,2,2.014,0,2,0.943,1
442,3,3,2,2.014,0,2,0.943,1
305,3,3,2,2.014,0,2,0.888,1
334,3,3,2,2.014,0,2,1.804,1
395,3,3,2,2.014,0,2,1.804,1
287,3,3,2,2.014,0,2,0.027,1
419,3,3,2,2.014,0,2,0.027,1
350,3,3,2,2.014,0,2,0.888,1
307,3,3,2,2.014,0,2,0.888,1
447,3,3,2,2.014,0,2,0.888,1
325,3,3,2,2.014,0,2,0.027,1
345,3,3,2,2.014,0,2,0.888,1
348,3,3,2,2.014,0,2,0.027,1
421,3,3,2,2.014,0,2,0.888,1
344,3,3,2,2.014,0,2,0.027,1
309,3,3,2,2.014,0,2,1.804,1
293,3,3,2,2.014,0,2,0.888,1
250,3,3,2,2.014,0,2,0.943,1
211,3,3,2,2.014,0,2,1.804,1
349,3,3,2,2.014,0,2,0.888,1
408,3,3,2,2.014,0,2,1.804,1
292,3,3,2,2.014,0,2,0.943,1
352,3,3,2,2.014,0,2,0.888,1
400,3,3,2,2.014,0,2,0.027,1
296,3,3,2,2.014,0,2,0.888,1
386,3,3,2,2.014,0,2,0.027,1
300,3,3,2,2.014,0,2,0.027,1
327,3,3,2,2.014,0,2,0.027,1
310,3,3,2,2.014,0,2,0.027,1
214,3,3,2,2.014,0,2,1.804,1
372,3,3,2,2.014,0,2,1.804,1
233,3,3,2,2.014,0,2,1.804,1
312,3,3,2,2.014,0,2,0.943,1
396,3,3,2,2.014,0,2,0.027,1
345,3,3,2,2.014,0,2,0.027,1
370,3,3,2,2.014,0,2,0.888,1
404,3,3,2,2.014,0,2,0.943,1
439,3,3,2,2.014,0,2,0.943,1
396,3,3,2,2.014,0,2,0.888,1
276,3,3,2,2.014,0,2,0.888,1
257,3,3,2,2.014,0,2,0.888,1
379,3,3,2,2.014,0,2,0.943,1
371,3,3,2,2.014,0,2,0.027,1
284,3,3,2,2.014,0,2,0.027,1
249,3,3,2,2.014,0,2,1.804,1
362,3,3,2,2.014,0,2,0.888,1
341,3,3,2,2.014,0,2,0.888,1
341,3,3,2,2.014,0,2,0.943,1
373,3,3,2,2.014,0,2,0.027,1
357,3,3,2,2.014,0,2,0.027,1
317,3,3,2,2.014,0,2,1.804,1
268,3,3,2,2.014,0,2,1.804,1
351,3,3,2,2.014,0,2,0.943,1
446,3,3,2,2.014,0,2,0.888,1
300,3,3,2,2.014,0,2,0.888,1
241,3,3,2,2.014,0,2,0.888,1
412,3,3,2,2.014,0,2,1.804,1
272,3,3,2,2.014,0,2,0.888,1
314,3,3,2,2.014,0,2,0.027,1
458,3,3,2,2.014,0,2,1.804,1
403,3,3,2,2.014,0,2,1.804,1
379,3,3,2,2.014,0,2,0.027,1
478,3,3,2,2.014,0,2,0.943,1
351,3,3,2,2.014,0,2,1.804,1
433,3,3,2,2.014,0,2,1.804,1
353,3,3,2,2.014,0,2,1.804,1
346,3,3,2,2.014,0,2,0.888,1
347,3,3,2,2.014,0,2,0.027,1
429,3,3,2,2.014,0,2,1.804,1
413,3,3,2,2.014,0,2,0.027,1
459,3,3,2,2.014,0,2,1.804,1
378,3,3,2,2.014,0,2,0.943,1
261,3,3,2,2.014,0,2,0.943,1
390,3,3,2,2.014,0,2,0.943,1
477,3,3,2,2.014,0,2,1.804,1
306,3,3,2,2.014,0,2,0.888,1
316,3,3,2,2.014,0,2,0.027,1
415,3,3,2,2.014,0,2,0.027,1
388,3,3,2,2.014,0,2,0.027,1
419,3,3,2,2.014,0,2,1.804,1
258,3,3,2,2.014,0,2,1.804,1
177,3,3,2,2.014,0,2,0.027,1
388,3,3,2,2.014,0,2,0.027,1
447,3,3,2,2.014,0,2,0.943,1
292,3,3,2,2.014,0,2,0.027,1
382,3,3,2,2.014,0,2,0.943,1
360,3,3,2,2.014,0,2,1.804,1
426,3,3,2,2.014,0,2,1.804,1
360,3,3,2,2.014,0,2,0.943,1
316,3,3,2,2.014,0,2,0.943,1
418,3,3,2,2.014,0,2,0.943,1
525,3,3,2,2.014,0,2,1.804,1
324,3,3,2,2.014,0,2,0.888,1
330,3,3,2,2.014,0,2,0.888,1
376,3,3,2,2.014,0,2,0.027,1
400,3,3,2,2.014,0,2,1.804,1
289,3,3,2,2.014,0,2,0.888,1
215,3,3,2,2.014,0,2,0.888,1
483,3,3,2,2.014,0,2,0.027,1
450,3,3,2,2.014,0,2,0.888,1
484,3,3,2,2.014,0,2,0.027,1
288,3,3,2,2.014,0,2,0.027,1
315,3,3,2,2.014,0,2,0.027,1
341,3,3,2,2.014,0,2,0.888,1
373,3,3,2,2.014,0,2,0.027,1
222,3,3,2,2.014,0,2,1.804,1
271,3,3,2,2.014,0,2,0.027,1
319,3,3,2,2.014,0,2,1.804,1
316,3,3,2,2.014,0,2,0.888,1
359,3,3,2,2.014,0,2,0.027,1
435,3,3,2,2.014,0,2,1.804,1
354,3,3,2,2.014,0,2,0.027,1
484,3,3,2,2.014,0,2,0.943,1
306,3,3,2,2.014,0,2,0.027,1
459,3,3,2,2.014,0,2,1.804,1
327,3,3,2,2.014,0,2,0.888,1
346,3,3,2,2.014,0,2,0.888,1
317,3,3,2,2.014,0,2,0.888,1
299,3,3,2,2.014,0,2,0.027,1
160,3,3,2,2.014,0,2,0.027,1
381,3,3,2,2.014,0,2,1.804,1
289,3,3,2,2.014,0,2,1.804,1
321,3,3,2,2.014,0,2,0.027,1
439,3,3,2,2.014,0,2,0.888,1
411,3,3,2,2.014,0,2,0.027,1
335,3,3,2,2.014,0,2,0.027,1
338,3,3,2,2.014,0,2,1.804,1
248,3,3,2,2.014,0,2,1.804,1
570,3,3,2,2.014,0,2,0.943,1
354,3,3,2,2.014,0,2,0.943,1
239,3,3,2,2.014,0,2,1.804,1
376,3,3,2,2.014,0,2,0.027,1
479,3,3,2,2.014,0,2,0.943,1
507,3,3,2,2.014,0,2,0.888,1
371,3,3,2,2.014,0,2,1.804,1
430,3,3,2,2.014,0,2,0.888,1
335,3,3,2,2.014,0,2,0.888,1
369,3,3,2,2.014,0,2,0.888,1
274,3,3,2,2.014,0,2,1.804,1
408,3,3,2,2.014,0,2,0.943,1
466,3,3,2,2.014,0,2,0.943,1
406,3,3,2,2.014,0,2,0.027,1
377,3,3,2,2.014,0,2,0.888,1
530,3,3,2,2.014,0,2,0.888,1
311,3,3,2,2.014,0,2,0.943,1
274,3,3,2,2.014,0,2,0.888,1
345,3,3,2,2.014,0,2,1.804,1
325,3,3,2,2.014,0,2,0.943,1
341,3,3,2,2.014,0,2,0.027,1
370,3,3,2,2.014,0,2,0.888,1
352,3,3,2,2.014,0,2,0.943,1
354,3,3,2,2.014,0,2,0.888,1
401,3,3,2,2.014,0,2,1.804,1
435,3,3,2,2.014,0,2,0.027,1
298,3,3,2,2.014,0,2,0.943,1
469,3,3,2,2.014,0,2,0.888,1
333,3,3,2,2.014,0,2,0.888,1
307,3,3,2,2.014,0,2,0.943,1
317,3,3,2,2.014,0,2,0.027,1
387,3,3,2,2.014,0,2,1.804,1
372,3,3,2,2.014,0,2,0.027,1
298,3,3,2,2.014,0,2,0.943,1
371,3,3,2,2.014,0,2,1.804,1
350,3,3,2,2.014,0,2,0.888,1
424,3,3,2,2.014,0,2,1.804,1
321,3,3,2,2.014,0,2,0.943,1
352,3,3,2,2.014,0,2,1.804,1
427,3,3,2,2.014,0,2,0.888,1
250,3,3,2,2.014,0,2,1.804,1
383,3,3,2,2.014,0,2,0.943,1
315,3,3,2,2.014,0,2,0.943,1
318,3,3,2,2.014,0,2,0.888,1
405,3,3,2,2.014,0,2,0.888,1
353,3,3,2,2.014,0,2,0.027,1
291,3,3,2,2.014,0,2,0.888,1
263,3,3,2,2.014,0,2,0.888,1
366,3,3,2,2.014,0,2,0.888,1
404,3,3,2,2.014,0,2,1.804,1
345,3,3,2,2.014,0,2,0.027,1
331,3,3,2,2.014,0,2,0.027,1
302,3,3,2,2.014,0,2,1.804,1
384,3,3,2,2.014,0,2,1.804,1
325,3,3,2,2.014,0,2,0.027,1
322,3,3,2,2.014,0,2,0.943,1
317,3,3,2,2.014,0,2,0.943,1
306,3,3,2,2.014,0,2,0.943,1
436,3,3,2,2.014,0,2,0.943,1
307,3,3,2,2.014,0,2,0.027,1
364,3,3,2,2.014,0,2,0.943,1
240,3,3,2,2.014,0,2,1.804,1
346,3,3,2,2.014,0,2,0.888,1
432,3,3,2,2.014,0,2,1.804,1
383,3,3,2,2.014,0,2,1.804,1
266,3,3,2,2.014,0,2,0.027,1
224,3,3,2,2.014,0,2,1.804,1
356,3,3,2,2.014,0,2,1.804,1
364,3,3,2,2.014,0,2,0.027,1
351,3,3,2,2.014,0,2,0.943,1
350,3,3,2,2.014,0,2,0.888,1
506,3,3,2,2.014,0,2,0.027,1
341,3,3,2,2.014,0,2,0.888,1
445,3,3,2,2.014,0,2,0.027,1
363,3,3,2,2.014,0,2,0.888,1
325,3,3,2,2.014,0,2,0.027,1
358,3,3,2,2.014,0,2,0.027,1
392,3,3,2,2.014,0,2,1.804,1
401,3,3,2,2.014,0,2,0.888,1
346,3,3,2,2.014,0,2,0.027,1
346,3,3,2,2.014,0,2,0.027,1
334,3,3,2,2.014,0,2,1.804,1
374,3,3,2,2.014,0,2,0.888,1
394,3,3,2,2.014,0,2,0.027,1
309,3,3,2,2.014,0,2,0.943,1
291,3,3,2,2.014,0,2,0.943,1
369,3,3,2,2.014,0,2,0.888,1
318,3,3,2,2.014,0,2,0.027,1
310,3,3,2,2.014,0,2,0.943,1
334,3,3,2,2.014,0,2,0.943,1
319,3,3,2,2.014,0,2,1.804,1
302,3,3,2,2.014,0,2,1.804,1
421,3,3,2,2.014,0,2,0.943,1
367,3,3,2,2.014,0,2,1.804,1
414,3,3,2,2.014,0,2,0.888,1
438,3,3,2,2.014,0,2,1.804,1
528,3,3,2,2.014,0,2,0.943,1
352,3,3,2,2.014,0,2,0.888,1
257,3,3,2,2.014,0,2,1.804,1
230,3,3,2,2.014,0,2,1.804,1
459,3,3,2,2.014,0,2,0.027,1
384,3,3,2,2.014,0,2,0.027,1
353,3,3,2,2.014,0,2,0.943,1
318,3,3,2,2.014,0,2,0.888,1
408,3,3,2,2.014,0,2,0.888,1
253,3,3,2,2.014,0,2,0.943,1
246,3,3,2,2.014,0,2,0.888,1
284,3,3,2,2.014,0,2,1.804,1
403,3,3,2,2.014,0,2,1.804,1
464,3,3,2,2.014,0,2,0.027,1
384,3,3,2,2.014,0,2,1.804,1
350,3,3,2,2.014,0,2,0.888,1
382,3,3,2,2.014,0,2,0.888,1
227,3,3,2,2.014,0,2,1.804,1
472,3,3,2,2.014,0,2,0.888,1
359,3,3,2,2.014,0,2,0.888,1
445,3,3,2,2.014,0,2,0.943,1
235,3,3,2,2.014,0,2,0.027,1
358,3,3,2,2.014,0,2,0.943,1
368,3,3,2,2.014,0,2,0.888,1
450,3,3,2,2.014,0,2,0.888,1
431,3,3,2,2.014,0,2,1.804,1
435,3,3,2,2.014,0,2,0.888,1
338,3,3,2,2.014,0,2,1.804,1
363,3,3,2,2.014,0,2,0.027,1
431,3,3,2,2.014,0,2,0.888,1
392,3,3,2,2.014,0,2,0.943,1
374,3,3,2,2.014,0,2,0.943,1
366,3,3,2,2.014,0,2,0.888,1
361,3,3,2,2.014,0,2,1.804,1
423,3,3,2,2.014,0,2,0.027,1
444,3,3,2,2.014,0,2,1.804,1
410,3,3,2,2.014,0,2,1.804,1
378,3,3,2,2.014,0,2,0.027,1
391,3,3,2,2.014,0,2,1.804,1
330,3,3,2,2.014,0,2,0.027,1
324,3,3,2,2.014,0,2,0.943,1
341,3,3,2,2.014,0,2,0.888,1
392,3,3,2,2.014,0,2,0.943,1
408,3,3,2,2.014,0,2,0.027,1
310,3,3,2,2.014,0,2,1.804,1
333,3,3,2,2.014,0,2,0.943,1
293,3,3,2,2.014,0,2,0.027,1
348,3,3,2,2.014,0,2,1.804,1
362,3,3,2,2.014,0,2,0.027,1
454,3,3,2,2.014,0,2,1.804,1
342,3,3,2,2.014,0,2,1.804,1
478,3,3,2,2.014,0,2,0.027,1
334,3,3,2,2.014,0,2,0.943,1
419,3,3,2,2.014,0,2,1.804,1
405,3,3,2,2.014,0,2,1.804,1
300,3,3,2,2.014,0,2,1.804,1
327,3,3,2,2.014,0,2,1.804,1
314,3,3,2,2.014,0,2,1.804,1
388,3,3,2,2.014,0,2,0.027,1
414,3,3,2,2.014,0,2,0.027,1
419,3,3,2,2.014,0,2,1.804,1
467,3,3,2,2.014,0,2,0.943,1
464,3,3,2,2.014,0,2,1.804,1
410,3,3,2,2.014,0,2,0.027,1
298,3,3,2,2.014,0,2,0.027,1
418,3,3,2,2.014,0,2,0.943,1
492,3,3,2,2.014,0,2,0.027,1
418,3,3,2,2.014,0,2,0.027,1
404,3,3,2,2.014,0,2,0.888,1
218,3,3,2,2.014,0,2,0.943,1
430,3,3,2,2.014,0,2,0.943,1
352,3,3,2,2.014,0,2,0.943,1
336,3,3,2,2.014,0,2,1.804,1
423,3,3,2,2.014,0,2,0.943,1
336,3,3,2,2.014,0,2,0.888,1
373,3,3,2,2.014,0,2,0.888,1
353,3,3,2,2.014,0,2,0.027,1
318,3,3,2,2.014,0,2,1.804,1
432,3,3,2,2.014,0,2,1.804,1
427,3,3,2,2.014,0,2,0.888,1
351,3,3,2,2.014,0,2,0.888,1
322,3,3,2,2.014,0,2,1.804,1
318,3,3,2,2.014,0,2,0.027,1
384,3,3,2,2.014,0,2,0.943,1
367,3,3,2,2.014,0,2,0.027,1
223,3,3,2,2.014,0,2,0.943,1
305,3,3,2,2.014,0,2,0.027,1
279,3,3,2,2.014,0,2,1.804,1
379,3,3,2,2.014,0,2,0.027,1
194,3,3,2,2.014,0,2,0.027,1
328,3,3,2,2.014,0,2,0.943,1
382,3,3,2,2.014,0,2,0.027,1
136,3,3,2,2.014,0,2,1.804,1
348,3,3,2,2.014,0,2,1.804,1
411,3,3,2,2.014,0,2,0.027,1
364,3,3,2,2.014,0,2,0.027,1
339,3,3,2,2.014,0,2,0.027,1
393,3,3,2,2.014,0,2,0.888,1
394,3,3,2,2.014,0,2,1.804,1
366,3,3,2,2.014,0,2,0.943,1
372,3,3,2,2.014,0,2,0.943,1
233,3,3,2,2.014,0,2,0.943,1
364,3,3,2,2.014,0,2,1.804,1
281,3,3,2,2.014,0,2,0.888,1
366,3,3,2,2.014,0,2,0.027,1
315,3,3,2,2.014,0,2,0.888,1
266,3,3,2,2.014,0,2,0.943,1
208,3,3,2,2.014,0,2,1.804,1
286,3,3,2,2.014,0,2,0.888,1
213,3,3,2,2.014,0,2,0.888,1
219,3,3,2,2.014,0,2,1.804,1
182,3,3,2,2.014,0,2,0.027,1
262,3,3,2,2.014,0,2,0.943,1
327,3,3,2,2.014,0,2,0.888,1
228,3,3,2,2.014,0,2,0.943,1
254,3,3,2,2.014,0,2,1.804,1
280,3,3,2,2.014,0,2,0.888,1
260,3,3,2,2.014,0,2,0.888,1
284,3,3,2,2.014,0,2,0.027,1
242,3,3,2,2.014,0,2,0.027,1
273,3,3,2,2.014,0,2,1.804,1
261,3,3,2,2.014,0,2,0.888,1
218,3,3,2,2.014,0,2,0.943,1
186,3,3,2,2.014,0,2,0.888,1
245,3,3,2,2.014,0,2,1.804,1
307,3,3,2,2.014,0,2,0.027,1
282,3,3,2,2.014,0,2,0.888,1
293,3,3,2,2.014,0,2,0.943,1
261,3,3,2,2.014,0,2,0.027,1
302,3,3,2,2.014,0,2,0.888,1
300,3,3,2,2.014,0,2,1.804,1
278,3,3,2,2.014,0,2,1.804,1
250,3,3,2,2.014,0,2,0.027,1
267,3,3,2,2.014,0,2,1.804,1
223,3,3,2,2.014,0,2,1.804,1
209,3,3,2,2.014,0,2,1.804,1
246,3,3,2,2.014,0,2,0.888,1
226,3,3,2,2.014,0,2,0.027,1
255,3,3,2,2.014,0,2,0.943,1
273,3,3,2,2.014,0,2,0.943,1
294,3,3,2,2.014,0,2,1.804,1
288,3,3,2,2.014,0,2,0.027,1
245,3,3,2,2.014,0,2,1.804,1
316,3,3,2,2.014,0,2,0.027,1
243,3,3,2,2.014,0,2,0.888,1
294,3,3,2,2.014,0,2,1.804,1
254,3,3,2,2.014,0,2,0.027,1
260,3,3,2,2.014,0,2,0.888,1
249,3,3,2,2.014,0,2,0.888,1
297,3,3,2,2.014,0,2,1.804,1
269,3,3,2,2.014,0,2,0.943,1
259,3,3,2,2.014,0,2,1.804,1
268,3,3,2,2.014,0,2,0.027,1
254,3,3,2,2.014,0,2,0.943,1
258,3,3,2,2.014,0,2,0.027,1
262,3,3,2,2.014,0,2,0.943,1
251,3,3,2,2.014,0,2,1.804,1
270,3,3,2,2.014,0,2,1.804,1
242,3,3,2,2.014,0,2,0.027,1
268,3,3,2,2.014,0,2,0.943,1
276,3,3,2,2.014,0,2,1.804,1
269,3,3,2,2.014,0,2,0.027,1
296,3,3,2,2.014,0,2,1.804,1
204,3,3,2,2.014,0,2,1.804,1
268,3,3,2,2.014,0,2,1.804,1
210,3,3,2,2.014,0,2,0.943,1
272,3,3,2,2.014,0,2,0.888,1
241,3,3,2,2.014,0,2,1.804,1
270,3,3,2,2.014,0,2,1.804,1
260,3,3,2,2.014,0,2,0.027,1
315,3,3,2,2.014,0,2,1.804,1
254,3,3,2,2.014,0,2,0.888,1
282,3,3,2,2.014,0,2,0.888,1
232,3,3,2,2.014,0,2,0.943,1
248,3,3,2,2.014,0,2,1.804,1
273,3,3,2,2.014,0,2,1.804,1
267,3,3,2,2.014,0,2,0.027,1
236,3,3,2,2.014,0,2,0.027,1
291,3,3,2,2.014,0,2,0.943,1
246,3,3,2,2.014,0,2,0.888,1
217,3,3,2,2.014,0,2,0.888,1
253,3,3,2,2.014,0,2,0.027,1
262,3,3,2,2.014,0,2,0.888,1
268,3,3,2,2.014,0,2,0.027,1
289,3,3,2,2.014,0,2,0.943,1
280,3,3,2,2.014,0,2,0.888,1
272,3,3,2,2.014,0,2,1.804,1
242,3,3,2,2.014,0,2,0.888,1
241,3,3,2,2.014,0,2,0.027,1
277,3,3,2,2.014,0,2,0.027,1
232,3,3,2,2.014,0,2,0.888,1
214,3,3,2,2.014,0,2,1.804,1
254,3,3,2,2.014,0,2,1.804,1
227,3,3,2,2.014,0,2,0.943,1
266,3,3,2,2.014,0,2,0.888,1
198,3,3,2,2.014,0,2,1.804,1
263,3,3,2,2.014,0,2,0.027,1
243,3,3,2,2.014,0,2,0.027,1
222,3,3,2,2.014,0,2,0.027,1
306,3,3,2,2.014,0,2,0.888,1
254,3,3,2,2.014,0,2,0.027,1
198,3,3,2,2.014,0,2,1.804,1
265,3,3,2,2.014,0,2,0.027,1
225,3,3,2,2.014,0,2,0.027,1
204,3,3,2,2.014,0,2,0.027,1
307,3,3,2,2.014,0,2,0.888,1
284,3,3,2,2.014,0,2,0.888,1
273,3,3,2,2.014,0,2,1.804,1
271,3,3,2,2.014,0,2,0.888,1
231,3,3,2,2.014,0,2,1.804,1
273,3,3,2,2.014,0,2,0.888,1
243,3,3,2,2.014,0,2,0.888,1
256,3,3,2,2.014,0,2,1.804,1
189,3,3,2,2.014,0,2,0.027,1
283,3,3,2,2.014,0,2,1.804,1
250,3,3,2,2.014,0,2,0.943,1
274,3,3,2,2.014,0,2,1.804,1
266,3,3,2,2.014,0,2,0.027,1
233,3,3,2,2.014,0,2,0.943,1
298,3,3,2,2.014,0,2,0.943,1
249,3,3,2,2.014,0,2,0.027,1
287,3,3,2,2.014,0,2,0.888,1
251,3,3,2,2.014,0,2,0.888,1
271,3,3,2,2.014,0,2,0.027,1
280,3,3,2,2.014,0,2,0.943,1
260,3,3,2,2.014,0,2,0.027,1
254,3,3,2,2.014,0,2,0.943,1
259,3,3,2,2.014,0,2,0.888,1
243,3,3,2,2.014,0,2,0.027,1
229,3,3,2,2.014,0,2,0.027,1
229,3,3,2,2.014,0,2,0.943,1
257,3,3,2,2.014,0,2,0.888,1
327,3,3,2,2.014,0,2,0.888,1
312,3,3,2,2.014,0,2,0.888,1
302,3,3,2,2.014,0,2,1.804,1
202,3,3,2,2.014,0,2,1.804,1
269,3,3,2,2.014,0,2,1.804,1
225,3,3,2,2.014,0,2,1.804,1
224,3,3,2,2.014,0,2,1.804,1
225,3,3,2,2.014,0,2,0.943,1
278,3,3,2,2.014,0,2,0.943,1
293,3,3,2,2.014,0,2,1.804,1
188,3,3,2,2.014,0,2,1.804,1
236,3,3,2,2.014,0,2,0.943,1
271,3,3,2,2.014,0,2,0.943,1
336,3,3,2,2.014,0,2,0.943,1
244,3,3,2,2.014,0,2,0.888,1
259,3,3,2,2.014,0,2,0.027,1
206,3,3,2,2.014,0,2,0.027,1
221,3,3,2,2.014,0,2,0.943,1
213,3,3,2,2.014,0,2,0.027,1
243,3,3,2,2.014,0,2,1.804,1
311,3,3,2,2.014,0,2,0.027,1
234,3,3,2,2.014,0,2,0.888,1
259,3,3,2,2.014,0,2,0.943,1
295,3,3,2,2.014,0,2,0.943,1
225,3,3,2,2.014,0,2,0.027,1
190,3,3,2,2.014,0,2,0.888,1
248,3,3,2,2.014,0,2,0.888,1
192,3,3,2,2.014,0,2,1.804,1
257,3,3,2,2.014,0,2,0.027,1
261,3,3,2,2.014,0,2,0.943,1
199,3,3,2,2.014,0,2,0.027,1
266,3,3,2,2.014,0,2,0.888,1
279,3,3,2,2.014,0,2,0.888,1
302,3,3,2,2.014,0,2,1.804,1
262,3,3,2,2.014,0,2,0.027,1
190,3,3,2,2.014,0,2,0.943,1
206,3,3,2,2.014,0,2,0.943,1
237,3,3,2,2.014,0,2,0.888,1
226,3,3,2,2.014,0,2,0.027,1
277,3,3,2,2.014,0,2,0.888,1
250,3,3,2,2.014,0,2,0.943,1
281,3,3,2,2.014,0,2,1.804,1
311,3,3,2,2.014,0,2,0.027,1
300,3,3,2,2.014,0,2,0.888,1
247,3,3,2,2.014,0,2,0.943,1
346,3,3,2,2.014,0,2,0.027,1
288,3,3,2,2.014,0,2,0.943,1
284,3,3,2,2.014,0,2,0.027,1
260,3,3,2,2.014,0,2,0.943,1
270,3,3,2,2.014,0,2,0.888,1
168,3,3,2,2.014,0,2,0.888,1
276,3,3,2,2.014,0,2,0.943,1
253,3,3,2,2.014,0,2,0.943,1
326,3,3,2,2.014,0,2,0.888,1
301,3,3,2,2.014,0,2,0.027,1
266,3,3,2,2.014,0,2,0.943,1
235,3,3,2,2.014,0,2,0.027,1
270,3,3,2,2.014,0,2,0.943,1
235,3,3,2,2.014,0,2,0.888,1
259,3,3,2,2.014,0,2,0.027,1
272,3,3,2,2.014,0,2,0.027,1
254,3,3,2,2.014,0,2,0.943,1
231,3,3,2,2.014,0,2,0.943,1
272,3,3,2,2.014,0,2,1.804,1
253,3,3,2,2.014,0,2,0.943,1
205,3,3,2,2.014,0,2,0.943,1
278,3,3,2,2.014,0,2,0.888,1
208,3,3,2,2.014,0,2,0.027,1
281,3,3,2,2.014,0,2,0.027,1
221,3,3,2,2.014,0,2,0.943,1
163,3,3,2,2.014,0,2,0.943,1
320,3,3,2,2.014,0,2,0.943,1
229,3,3,2,2.014,0,2,0.888,1
267,3,3,2,2.014,0,2,1.804,1
263,3,3,2,2.014,0,2,0.888,1
256,3,3,2,2.014,0,2,0.027,1
315,3,3,2,2.014,0,2,1.804,1
248,3,3,2,2.014,0,2,1.804,1
247,3,3,2,2.014,0,2,0.888,1
224,3,3,2,2.014,0,2,0.943,1
268,3,3,2,2.014,0,2,0.888,1
253,3,3,2,2.014,0,2,0.943,1
230,3,3,2,2.014,0,2,0.888,1
253,3,3,2,2.014,0,2,1.804,1
309,3,3,2,2.014,0,2,0.027,1
248,3,3,2,2.014,0,2,0.943,1
291,3,3,2,2.014,0,2,0.888,1
249,3,3,2,2.014,0,2,1.804,1
279,3,3,2,2.014,0,2,1.804,1
216,3,3,2,2.014,0,2,0.888,1
278,3,3,2,2.014,0,2,0.888,1
208,3,3,2,2.014,0,2,0.027,1
280,3,3,2,2.014,0,2,1.804,1
282,3,3,2,2.014,0,2,1.804,1
257,3,3,2,2.014,0,2,0.943,1
227,3,3,2,2.014,0,2,1.804,1
317,3,3,2,2.014,0,2,0.027,1
349,3,3,2,2.014,0,2,0.888,1
281,3,3,2,2.014,0,2,0.027,1
210,3,3,2,2.014,0,2,0.888,1
291,3,3,2,2.014,0,2,0.027,1
232,3,3,2,2.014,0,2,0.943,1
229,3,3,2,2.014,0,2,0.888,1
253,3,3,2,2.014,0,2,1.804,1
238,3,3,2,2.014,0,2,0.888,1
260,3,3,2,2.014,0,2,0.888,1
239,3,3,2,2.014,0,2,0.943,1
248,3,3,2,2.014,0,2,0.943,1
228,3,3,2,2.014,0,2,0.943,1
234,3,3,2,2.014,0,2,1.804,1
185,3,3,2,2.014,0,2,0.888,1
186,3,3,2,2.014,0,2,0.027,1
261,3,3,2,2.014,0,2,0.027,1
267,3,3,2,2.014,0,2,1.804,1
247,3,3,2,2.014,0,2,1.804,1
192,3,3,2,2.014,0,2,0.027,1
270,3,3,2,2.014,0,2,1.804,1
304,3,3,2,2.014,0,2,0.888,1
271,3,3,2,2.014,0,2,0.888,1
253,3,3,2,2.014,0,2,0.027,1
280,3,3,2,2.014,0,2,1.804,1
188,3,3,2,2.014,0,2,0.027,1
273,3,3,2,2.014,0,2,0.943,1
221,3,3,2,2.014,0,2,0.888,1
283,3,3,2,2.014,0,2,0.943,1
250,3,3,2,2.014,0,2,0.027,1
291,3,3,2,2.014,0,2,0.943,1
240,3,3,2,2.014,0,2,0.943,1
253,3,3,2,2.014,0,2,0.943,1
230,3,3,2,2.014,0,2,0.888,1
258,3,3,2,2.014,0,2,0.888,1
241,3,3,2,2.014,0,2,1.804,1
199,3,3,2,2.014,0,2,0.943,1
259,3,3,2,2.014,0,2,0.943,1
224,3,3,2,2.014,0,2,1.804,1
180,3,3,2,2.014,0,2,0.027,1
254,3,3,2,2.014,0,2,1.804,1
253,3,3,2,2.014,0,2,0.027,1
278,3,3,2,2.014,0,2,0.888,1
260,3,3,2,2.014,0,2,1.804,1
235,3,3,2,2.014,0,2,1.804,1
272,3,3,2,2.014,0,2,0.888,1
187,3,3,2,2.014,0,2,1.804,1
259,3,3,2,2.014,0,2,0.027,1
276,3,3,2,2.014,0,2,0.888,1
302,3,3,2,2.014,0,2,1.804,1
234,3,3,2,2.014,0,2,0.027,1
266,3,3,2,2.014,0,2,0.027,1
247,3,3,2,2.014,0,2,1.804,1
269,3,3,2,2.014,0,2,1.804,1
277,3,3,2,2.014,0,2,0.943,1
261,3,3,2,2.014,0,2,0.943,1
245,3,3,2,2.014,0,2,1.804,1
235,3,3,2,2.014,0,2,0.943,1
267,3,3,2,2.014,0,2,0.888,1
193,3,3,2,2.014,0,2,0.943,1
297,3,3,2,2.014,0,2,1.804,1
202,3,3,2,2.014,0,2,1.804,1
270,3,3,2,2.014,0,2,0.888,1
299,3,3,2,2.014,0,2,0.888,1
231,3,3,2,2.014,0,2,1.804,1
290,3,3,2,2.014,0,2,0.027,1
226,3,3,2,2.014,0,2,1.804,1
254,3,3,2,2.014,0,2,0.888,1
238,3,3,2,2.014,0,2,1.804,1
226,3,3,2,2.014,0,2,0.943,1
220,3,3,2,2.014,0,2,0.027,1
268,3,3,2,2.014,0,2,0.943,1
203,3,3,2,2.014,0,2,0.888,1
334,3,3,2,2.014,0,2,0.027,1
252,3,3,2,2.014,0,2,1.804,1
276,3,3,2,2.014,0,2,0.888,1
258,3,3,2,2.014,0,2,0.888,1
264,3,3,2,2.014,0,2,0.943,1
292,3,3,2,2.014,0,2,0.027,1
248,3,3,2,2.014,0,2,0.943,1
297,3,3,2,2.014,0,2,0.943,1
286,3,3,2,2.014,0,2,0.888,1
275,3,3,2,2.014,0,2,1.804,1
199,3,3,2,2.014,0,2,0.027,1
285,3,3,2,2.014,0,2,0.888,1
237,3,3,2,2.014,0,2,0.888,1
268,3,3,2,2.014,0,2,0.943,1
252,3,3,2,2.014,0,2,0.027,1
203,3,3,2,2.014,0,2,0.943,1
295,3,3,2,2.014,0,2,0.027,1
292,3,3,2,2.014,0,2,1.804,1
278,3,3,2,2.014,0,2,0.943,1
304,3,3,2,2.014,0,2,1.804,1
200,3,3,2,2.014,0,2,0.888,1
233,3,3,2,2.014,0,2,0.888,1
189,3,3,2,2.014,0,2,1.804,1
280,3,3,2,2.014,0,2,0.027,1
287,3,3,2,2.014,0,2,0.943,1
275,3,3,2,2.014,0,2,1.804,1
258,3,3,2,2.014,0,2,0.027,1
252,3,3,2,2.014,0,2,1.804,1
293,3,3,2,2.014,0,2,0.888,1
171,3,3,2,2.014,0,2,0.888,1
274,3,3,2,2.014,0,2,0.943,1
200,3,3,2,2.014,0,2,0.888,1
329,3,3,2,2.014,0,2,0.943,1
296,3,3,2,2.014,0,2,0.027,1
260,3,3,2,2.014,0,2,0.027,1
277,3,3,2,2.014,0,2,0.943,1
291,3,3,2,2.014,0,2,0.027,1
271,3,3,2,2.014,0,2,0.888,1
271,3,3,2,2.014,0,2,0.027,1
268,3,3,2,2.014,0,2,1.804,1
221,3,3,2,2.014,0,2,1.804,1
250,3,3,2,2.014,0,2,0.888,1
286,3,3,2,2.014,0,2,1.804,1
276,3,3,2,2.014,0,2,0.888,1
255,3,3,2,2.014,0,2,0.027,1
315,3,3,2,2.014,0,2,1.804,1
231,3,3,2,2.014,0,2,1.804,1
176,3,3,2,2.014,0,2,1.804,1
289,3,3,2,2.014,0,2,1.804,1
261,3,3,2,2.014,0,2,0.027,1
249,3,3,2,2.014,0,2,0.888,1
183,3,3,2,2.014,0,2,0.943,1
285,3,3,2,2.014,0,2,0.888,1
209,3,3,2,2.014,0,2,0.888,1
268,3,3,2,2.014,0,2,1.804,1
238,3,3,2,2.014,0,2,0.888,1
338,3,3,2,2.014,0,2,0.027,1
273,3,3,2,2.014,0,2,0.943,1
1434,6,4,11,0.784,2803,6,1.804,1
927,2,4,11,0.888,2702,6,1.804,1
1538,6,4,11,0.426,3357,6,0.943,1
1568,6,4,11,0.442,2313,6,0.943,1
1698,2,4,11,0.152,3558,6,1.804,1
1530,6,4,11,0.896,2874,6,1.804,1
1396,6,4,11,0.466,2698,6,1.804,1
1814,6,4,11,0.219,3508,6,1.804,1
1829,6,4,11,0.027,3548,6,1.804,1
1600,2,4,11,0.705,2996,6,1.804,1
1226,2,4,11,0.458,3207,6,1.804,1
1314,2,4,11,0.542,3049,6,1.804,1
1501,2,4,11,0.573,3462,6,1.804,1
1834,2,4,11,0.422,3458,6,0.943,1
1457,6,4,11,0.729,2906,6,1.804,1
1328,6,4,11,0.299,3218,6,0.943,1
1833,2,4,11,0.47,3532,6,1.804,1
1218,6,4,11,1.039,3030,6,1.804,1
1160,2,4,11,0.693,3156,6,0.943,1
1436,2,4,11,0.215,3050,6,0.943,1
1512,2,4,11,0.808,3132,6,1.804,1
1601,6,4,11,1.023,3239,6,1.804,1
1573,2,4,11,0.426,3247,6,1.804,1
1591,6,4,11,0.741,3260,6,1.804,1
1371,6,4,11,0.47,3046,6,0.943,1
1721,6,4,11,0.366,3357,6,0.943,1
1755,2,4,11,0.243,3301,6,1.804,1
1679,2,4,11,0.323,3544,6,0.943,1
1751,6,4,11,0.466,3014,6,1.804,1
1804,6,4,11,0.522,3440,6,0.943,1
1598,2,4,11,0.434,3047,6,1.804,1
1619,2,4,11,0.569,3489,6,0.943,1
1381,6,4,11,0.597,3128,6,1.804,1
1874,2,4,11,0.796,3172,6,1.804,1
1547,2,4,11,0.279,3528,6,1.804,1
1078,6,4,11,0.808,2776,6,0.943,1
1514,2,4,11,0.609,3121,6,1.804,1
1320,2,4,11,0.713,3095,6,1.804,1
1430,6,4,11,0.442,3153,6,0.943,1
1800,2,4,11,0.542,3491,6,0.943,1
1778,6,4,11,0.351,3460,6,1.804,1
1425,2,4,11,0.51,3514,6,1.804,1
1098,2,4,11,1.13,2729,6,1.804,1
1516,6,4,11,0.832,3418,6,1.804,1
1321,2,4,11,0.955,2930,6,1.804,1
1832,6,4,11,0.378,3367,6,1.804,1
1808,2,4,11,0.633,3150,6,1.804,1
1539,6,4,11,0.593,2852,6,0.943,1
1743,6,4,11,0.848,2709,6,1.804,1
1711,6,4,11,0.613,3386,6,0.943,1
1292,6,4,11,0.641,2819,6,0.943,1
1502,2,4,11,0.561,3425,6,0.943,1
1087,2,4,11,0.637,2458,6,0.943,1
1373,2,4,11,1.278,3325,6,1.804,1
1828,6,4,11,0.307,3141,6,0.943,1
1742,6,4,11,0.784,2695,6,1.804,1
1686,2,4,11,0.406,3543,6,0.943,1
1610,2,4,11,0.784,2591,6,0.943,1
1367,6,4,11,0.498,2790,6,1.804,1
1564,2,4,11,0.502,3435,6,1.804,1
1679,6,4,11,0.685,3290,6,1.804,1
1534,2,4,11,0.008,2947,6,0.943,1
1791,6,4,11,0.514,3105,6,1.804,1
1847,6,4,11,0.561,2954,6,1.804,1
1261,2,4,11,0.522,3266,6,1.804,1
1665,2,4,11,0.557,3436,6,0.943,1
1851,6,4,11,0.569,3423,6,0.943,1
1667,6,4,11,0.53,3167,6,1.804,1
1659,6,4,11,0.108,2962,6,1.804,1
1294,2,4,11,0.462,3568,6,0.943,1
1210,6,4,11,0.86,2392,6,0.943,1
1564,2,4,11,0.693,3479,6,1.804,1
1489,6,4,11,0.752,3254,6,0.943,1
1377,6,4,11,0.661,3490,6,1.804,1
1616,6,4,11,0.466,3506,6,1.804,1
1702,2,4,11,0.748,3351,6,1.804,1
1885,6,4,11,0.036,2888,6,0.943,1
1717,6,4,11,0.359,3527,6,1.804,1
1162,6,4,11,0.55,3426,6,0.943,1
1758,6,4,11,0.291,3339,6,1.804,1
1884,6,4,11,0.215,3325,6,1.804,1
1849,2,4,11,0.156,3346,6,1.804,1
1691,2,4,11,0.374,3086,6,0.943,1
1510,6,4,11,0.299,3360,6,0.943,1
1699,6,4,11,0.418,3445,6,0.943,1
1392,2,4,11,0.494,3273,6,1.804,1
1743,6,4,11,0.53,3343,6,1.804,1
445,2,4,5,1.087,457,6,0.888,1
460,5,4,5,1.266,434,6,0.888,1
400,5,4,5,1.119,525,6,0.888,1
531,2,4,5,1.043,550,6,0.888,1
496,5,4,5,1.25,418,6,0.888,1
479,5,4,5,0.955,618,6,0.888,1
468,2,4,5,0.947,552,6,0.888,1
372,2,4,5,1.091,557,6,0.888,1
402,2,4,5,1.25,433,6,0.888,1
491,2,4,5,1.079,529,6,0.888,1
549,2,4,5,1.313,452,6,0.888,1
451,2,4,5,1.13,506,6,0.888,1
570,5,4,5,0.872,541,6,0.888,1
363,2,4,5,1.27,359,6,0.888,1
495,2,4,5,0.912,524,6,0.888,1
506,2,4,5,1.035,558,6,0.888,1
426,5,4,5,1.29,477,6,0.888,1
461,2,4,5,1.091,481,6,0.888,1
478,2,4,5,1.095,461,6,0.888,1
404,2,4,5,1.437,323,6,0.888,1
340,5,4,5,1.377,427,6,0.888,1
404,5,4,5,0.999,507,6,0.888,1
420,5,4,5,1.043,452,6,0.888,1
390,5,4,5,1.282,557,6,0.888,1
486,2,4,5,1.21,454,6,0.888,1
405,2,4,5,1.146,429,6,0.888,1
455,2,4,5,1.091,501,6,0.888,1
509,5,4,5,1.123,587,6,0.888,1
467,5,4,5,1.119,508,6,0.888,1
431,2,4,5,1.409,414,6,0.888,1
426,5,4,5,1.083,511,6,0.888,1
479,5,4,5,1.134,534,6,0.888,1
656,2,4,5,0.677,569,6,0.888,1
408,5,4,5,1.385,419,6,0.888,1
421,2,4,5,1.154,460,6,0.888,1
526,5,4,5,0.808,551,6,0.888,1
388,5,4,5,1.337,349,6,0.888,1
410,5,4,5,1.13,434,6,0.888,1
468,2,4,5,1.194,479,6,0.888,1
358,2,4,5,1.174,461,6,0.888,1
388,5,4,5,1.266,404,6,0.888,1
383,2,4,5,1.21,523,6,0.888,1
414,5,4,5,1.234,381,6,0.888,1
507,2,4,5,1.039,485,6,0.888,1
420,2,4,5,1.345,380,6,0.888,1
454,2,4,5,0.9,575,6,0.888,1
531,5,4,5,0.852,543,6,0.888,1
366,2,4,5,1.007,453,6,0.888,1
333,5,4,5,1.174,420,6,0.888,1
401,2,4,5,1.349,382,6,0.888,1
559,5,4,5,0.733,591,6,0.888,1
519,2,4,5,0.82,581,6,0.888,1
531,2,4,5,0.84,615,6,0.888,1
441,5,4,5,0.852,570,6,0.888,1
534,5,4,5,1.158,520,6,0.888,1
367,5,4,5,1.313,462,6,0.888,1
368,2,4,5,1.286,394,6,0.888,1
535,2,4,5,0.916,512,6,0.888,1
383,2,4,5,0.955,481,6,0.888,1
501,2,4,5,0.904,547,6,0.888,1
532,2,4,5,1.051,606,6,0.888,1
412,5,4,5,1.234,466,6,0.888,1
563,5,4,5,0.983,593,6,0.888,1
498,5,4,5,1.031,617,6,0.888,1
414,2,4,5,0.896,515,6,0.888,1
476,2,4,5,0.959,577,6,0.888,1
597,5,4,5,0.768,610,6,0.888,1
437,5,4,5,1.349,336,6,0.888,1
521,5,4,5,1.027,609,6,0.888,1
501,5,4,5,1.119,580,6,0.888,1
477,2,4,5,0.939,581,6,0.888,1
458,2,4,5,1.071,531,6,0.888,1
536,2,4,5,0.665,547,6,0.888,1
477,2,4,5,1.282,424,6,0.888,1
416,2,4,5,1.258,448,6,0.888,1
345,5,4,5,1.178,581,6,0.888,1
509,2,4,5,0.733,548,6,0.888,1
422,2,4,5,1.437,437,6,0.888,1
367,2,4,5,1.246,372,6,0.888,1
475,2,4,5,1.007,638,6,0.888,1
462,5,4,5,1.119,426,6,0.888,1
527,5,4,5,0.665,652,6,0.888,1
490,2,4,5,0.999,539,6,0.888,1
559,5,4,5,0.928,544,6,0.888,1
328,2,4,5,1.345,415,6,0.888,1
538,5,4,5,1.027,563,6,0.888,1
463,5,4,5,0.959,644,6,0.888,1
454,2,4,5,1.138,505,6,0.888,1
541,5,4,5,0.725,749,6,0.888,1
472,2,4,5,1.063,518,6,0.888,1
478,2,4,5,1.067,411,6,0.888,1
500,2,4,5,1.194,432,6,0.888,1
398,2,4,5,1.063,423,6,0.888,1
406,2,4,5,1.087,496,6,0.888,1
353,2,4,5,1.258,350,6,0.888,1
518,2,4,5,0.589,669,6,0.888,1
372,5,4,5,1.134,402,6,0.888,1
590,5,4,5,0.84,581,6,0.888,1
464,5,4,5,1.023,526,6,0.888,1
436,5,4,5,0.792,537,6,0.888,1
558,2,4,5,0.772,650,6,0.888,1
474,5,4,5,1.027,549,6,0.888,1
449,5,4,5,1.079,477,6,0.888,1
433,5,4,5,0.9,482,6,0.888,1
443,5,4,5,1.162,496,6,0.888,1
486,2,4,5,1.134,594,6,0.888,1
554,2,4,5,0.975,541,6,0.888,1
459,2,4,5,1.142,459,6,0.888,1
510,5,4,5,1.234,434,6,0.888,1
429,5,4,5,1.31,393,6,0.888,1
506,2,4,5,0.983,479,6,0.888,1
465,5,4,5,1.067,499,6,0.888,1
403,5,4,5,0.908,594,6,0.888,1
354,5,4,5,1.385,352,6,0.888,1
498,2,4,5,1.095,474,6,0.888,1
451,2,4,5,0.808,536,6,0.888,1
394,5,4,5,1.238,415,6,0.888,1
630,2,4,5,0.589,647,6,0.888,1
513,5,4,5,0.689,577,6,0.888,1
618,2,4,5,1.134,542,6,0.888,1
550,2,4,5,0.836,586,6,0.888,1
439,2,4,5,1.063,549,6,0.888,1
376,2,4,5,1.329,386,6,0.888,1
522,5,4,5,0.939,540,6,0.888,1
362,5,4,5,1.385,305,6,0.888,1
476,5,4,5,1.043,547,6,0.888,1
353,2,4,5,1.194,478,6,0.888,1
443,5,4,5,1.294,369,6,0.888,1
377,2,4,5,1.282,488,6,0.888,1
403,2,4,5,1.425,409,6,0.888,1
549,5,4,5,0.987,617,6,0.888,1
445,5,4,5,1.234,479,6,0.888,1
479,2,4,5,0.892,549,6,0.888,1
436,5,4,5,1.556,339,6,0.888,1
545,5,4,5,0.975,492,6,0.888,1
492,2,4,5,0.892,539,6,0.888,1
365,2,4,5,1.17,412,6,0.888,1
492,2,4,5,0.752,614,6,0.888,1
388,2,4,5,1.067,473,6,0.888,1
477,5,4,5,1.437,415,6,0.888,1
561,5,4,5,0.983,376,6,0.888,1
488,2,4,5,0.888,613,6,0.888,1
441,2,4,5,1.13,514,6,0.888,1
424,2,4,5,1.015,407,6,0.888,1
478,2,4,5,1.027,580,6,0.888,1
415,2,4,5,1.429,377,6,0.888,1
492,5,4,5,0.756,546,6,0.888,1
373,5,4,5,1.158,552,6,0.888,1
454,5,4,5,1.17,499,6,0.888,1
468,5,4,5,1.198,381,6,0.888,1
405,5,4,5,1.286,415,6,0.888,1
515,2,4,5,0.975,569,6,0.888,1
455,5,4,5,0.88,616,6,0.888,1
430,5,4,5,1.039,508,6,0.888,1
467,2,4,5,1.234,480,6,0.888,1
559,2,4,5,1.007,506,6,0.888,1
522,5,4,5,0.9,662,6,0.888,1
407,5,4,5,0.975,526,6,0.888,1
381,2,4,5,0.939,536,6,0.888,1
545,5,4,5,0.768,609,6,0.888,1
455,5,4,5,1.107,409,6,0.888,1
590,5,4,5,1.126,445,6,0.888,1
404,2,4,5,0.912,646,6,0.888,1
407,2,4,5,1.282,443,6,0.888,1
582,5,4,5,0.943,516,6,0.888,1
409,2,4,5,1.262,435,6,0.888,1
443,5,4,5,0.959,476,6,0.888,1
513,5,4,5,1.019,585,6,0.888,1
402,5,4,5,1.349,421,6,0.888,1
452,5,4,5,1.051,426,6,0.888,1
530,2,4,5,0.963,594,6,0.888,1
457,5,4,5,1.075,438,6,0.888,1
434,2,4,5,1.166,394,6,0.888,1
348,5,4,5,1.365,402,6,0.888,1
481,2,4,5,1.202,557,6,0.888,1
383,5,4,5,0.872,475,6,0.888,1
506,5,4,5,0.916,464,6,0.888,1
484,5,4,5,1.254,499,6,0.888,1
513,2,4,5,0.955,435,6,0.888,1
500,2,4,5,0.82,487,6,0.888,1
562,5,4,5,0.748,529,6,0.888,1
294,5,4,5,1.317,367,6,0.888,1
472,5,4,5,0.848,592,6,0.888,1
379,2,4,5,0.947,502,6,0.888,1
592,5,4,5,0.884,540,6,0.888,1
427,5,4,5,1.274,398,6,0.888,1
563,5,4,5,0.84,563,6,0.888,1
458,2,4,5,1.075,550,6,0.888,1
414,5,4,5,1.401,349,6,0.888,1
316,5,4,5,1.401,376,6,0.888,1
363,2,4,5,0.84,537,6,0.888,1
592,2,4,5,0.88,672,6,0.888,1
454,2,4,5,1.119,380,6,0.888,1
379,2,4,5,1.29,412,6,0.888,1
466,2,4,5,0.808,558,6,0.888,1
501,2,4,5,1.15,482,6,0.888,1
495,2,4,5,1.011,462,6,0.888,1
312,5,4,5,1.198,438,6,0.888,1
460,5,4,5,1.003,510,6,0.888,1
435,2,4,5,1.321,393,6,0.888,1
443,5,4,5,1.043,588,6,0.888,1
463,5,4,5,1.27,309,6,0.888,1
467,5,4,5,1.031,586,6,0.888,1
507,5,4,5,1.027,470,6,0.888,1
509,5,4,5,1.126,445,6,0.888,1
537,2,4,5,0.725,566,6,0.888,1
583,2,4,5,0.888,660,6,0.888,1
511,2,4,5,1.083,481,6,0.888,1
565,5,4,5,0.677,552,6,0.888,1
451,2,4,5,0.955,465,6,0.888,1
489,2,4,5,1.103,458,6,0.888,1
342,5,4,5,1.337,395,6,0.888,1
465,2,4,5,0.872,580,6,0.888,1
395,2,4,5,0.892,492,6,0.888,1
419,2,4,5,0.975,563,6,0.888,1
338,2,4,5,0.987,442,6,0.888,1
493,2,4,5,1.003,509,6,0.888,1
490,5,4,5,0.868,489,6,0.888,1
408,2,4,5,1.146,457,6,0.888,1
482,5,4,5,0.959,588,6,0.888,1
441,5,4,5,1.266,493,6,0.888,1
487,2,4,5,1.075,396,6,0.888,1
469,5,4,5,1.21,382,6,0.888,1
514,2,4,5,1.079,523,6,0.888,1
419,5,4,5,1.202,380,6,0.888,1
403,2,4,5,1.294,419,6,0.888,1
477,5,4,5,1.126,389,6,0.888,1
499,2,4,5,0.979,444,6,0.888,1
356,5,4,5,1.035,398,6,0.888,1
386,2,4,5,1.071,488,6,0.888,1
372,2,4,5,1.266,375,6,0.888,1
563,2,4,5,0.629,566,6,0.888,1
484,2,4,5,1.083,455,6,0.888,1
579,2,4,5,0.394,797,6,0.888,1
432,5,4,5,1.19,526,6,0.888,1
543,5,4,5,0.987,496,6,0.888,1
383,5,4,5,1.357,376,6,0.888,1
552,2,4,5,0.896,607,6,0.888,1
385,2,4,5,1.218,537,6,0.888,1
475,2,4,5,0.796,589,6,0.888,1
410,2,4,5,1.17,392,6,0.888,1
454,5,4,5,0.88,547,6,0.888,1
592,2,4,5,0.82,542,6,0.888,1
338,2,4,5,1.178,390,6,0.888,1
419,2,4,5,1.258,471,6,0.888,1
503,5,4,5,0.939,530,6,0.888,1
448,2,4,5,1.242,385,6,0.888,1
463,5,4,5,0.924,519,6,0.888,1
457,5,4,5,1.242,470,6,0.888,1
324,2,4,5,1.035,475,6,0.888,1
374,5,4,5,1.27,560,6,0.888,1
485,2,4,5,0.752,556,6,0.888,1
428,2,4,5,1.126,424,6,0.888,1
400,5,4,5,0.987,576,6,0.888,1
531,5,4,5,1.047,444,6,0.888,1
492,5,4,5,0.82,466,6,0.888,1
505,5,4,5,0.796,469,6,0.888,1
483,5,4,5,0.86,572,6,0.888,1
455,2,4,5,0.896,539,6,0.888,1
384,2,4,5,1.409,374,6,0.888,1
532,2,4,5,0.999,617,6,0.888,1
415,5,4,5,1.146,383,6,0.888,1
446,5,4,5,1.043,432,6,0.888,1
495,5,4,5,1.246,420,6,0.888,1
513,2,4,5,1.174,462,6,0.888,1
520,2,4,5,1.111,393,6,0.888,1
490,5,4,5,0.979,547,6,0.888,1
417,2,4,5,0.796,629,6,0.888,1
470,2,4,5,1.282,569,6,0.888,1
343,2,4,5,1.126,466,6,0.888,1
521,5,4,5,0.737,651,6,0.888,1
530,2,4,5,1.051,486,6,0.888,1
446,5,4,5,0.868,605,6,0.888,1
457,2,4,5,1.039,419,6,0.888,1
473,2,4,5,1.051,434,6,0.888,1
545,5,4,5,0.928,451,6,0.888,1
446,5,4,5,0.892,527,6,0.888,1
567,2,4,5,0.92,677,6,0.888,1
473,2,4,5,1.142,442,6,0.888,1
448,5,4,5,1.023,514,6,0.888,1
370,2,4,5,0.916,507,6,0.888,1
588,2,4,5,0.872,506,6,0.888,1
448,2,4,5,0.888,518,6,0.888,1
344,2,4,5,1.166,429,6,0.888,1
509,2,4,5,0.932,510,6,0.888,1
443,2,4,5,0.884,590,6,0.888,1
497,5,4,5,0.955,461,6,0.888,1
424,5,4,5,1.19,438,6,0.888,1
427,2,4,5,1.353,460,6,0.888,1
357,2,4,5,1.369,283,6,0.888,1
443,2,4,5,1.417,366,6,0.888,1
425,5,4,5,1.107,498,6,0.888,1
397,2,4,5,1.218,398,6,0.888,1
346,2,4,5,1.504,392,6,0.888,1
487,5,4,5,1.357,494,6,0.888,1
325,5,4,5,1.501,344,6,0.888,1
545,2,4,5,1.19,572,6,0.888,1
489,5,4,5,1.469,375,6,0.888,1
618,2,4,5,0.844,595,6,0.888,1
415,5,4,5,1.317,383,6,0.888,1
491,5,4,5,1.011,458,6,0.888,1
516,2,4,5,1.238,463,6,0.888,1
528,2,4,5,0.812,685,6,0.888,1
536,2,4,5,0.999,528,6,0.888,1
454,5,4,5,1.162,494,6,0.888,1
523,5,4,5,1.007,603,6,0.888,1
302,5,4,5,1.504,392,6,0.888,1
508,5,4,5,0.844,434,6,0.888,1
541,2,4,5,0.84,583,6,0.888,1
400,2,4,5,1.19,495,6,0.888,1
444,2,4,5,0.924,495,6,0.888,1
374,5,4,5,1.194,424,6,0.888,1
411,2,4,5,0.987,534,6,0.888,1
510,2,4,5,1.071,419,6,0.888,1
419,2,4,5,1.007,493,6,0.888,1
355,5,4,5,1.298,366,6,0.888,1
493,2,4,5,1.047,539,6,0.888,1
384,5,4,5,1.043,524,6,0.888,1
314,5,4,5,1.6,324,6,0.888,1
446,2,4,5,0.939,436,6,0.888,1
434,5,4,5,1.178,430,6,0.888,1
465,2,4,5,1.461,471,6,0.888,1
416,5,4,5,1.262,460,6,0.888,1
464,2,4,5,0.832,499,6,0.888,1
541,5,4,5,1.007,584,6,0.888,1
464,2,4,5,0.816,605,6,0.888,1
595,5,4,5,0.896,620,6,0.888,1
567,2,4,5,0.713,580,6,0.888,1
544,2,4,5,0.852,616,6,0.888,1
473,5,4,5,1.313,407,6,0.888,1
452,2,4,5,1.126,345,6,0.888,1
461,2,4,5,1.027,574,6,0.888,1
337,2,4,5,1.206,364,6,0.888,1
377,5,4,5,1.616,294,6,0.888,1
422,2,4,5,0.808,563,6,0.888,1
533,2,4,5,0.78,548,6,0.888,1
328,2,4,5,1.103,501,6,0.888,1
454,5,4,5,1.087,597,6,0.888,1
439,5,4,5,1.19,464,6,0.888,1
460,2,4,5,0.987,565,6,0.888,1
576,5,4,5,0.557,650,6,0.888,1
382,5,4,5,0.975,542,6,0.888,1
495,2,4,5,0.975,580,6,0.888,1
530,2,4,5,1.111,482,6,0.888,1
500,5,4,5,0.828,568,6,0.888,1
361,2,4,5,1.178,411,6,0.888,1
394,5,4,5,1.007,416,6,0.888,1
394,2,4,5,1.039,488,6,0.888,1
608,2,4,5,0.928,541,6,0.888,1
534,5,4,5,0.733,665,6,0.888,1
401,2,4,5,0.971,523,6,0.888,1
508,5,4,5,0.697,482,6,0.888,1
459,2,4,5,1.087,455,6,0.888,1
501,3,3,2,0.151,3387,11,0.888,1
333,3,3,2,0.486,2774,11,0.943,1
214,3,3,2,0.478,2375,11,0.943,1
361,3,3,2,0.446,2528,11,0.943,1
449,3,3,2,0.355,2826,11,0.888,1
371,3,3,2,0.036,3306,11,0.888,1
277,3,3,2,0.287,2514,11,0.888,1
294,3,3,2,0.394,2707,11,0.943,1
434,3,3,2,0.223,3192,11,0.943,1
283,3,3,2,0.426,2617,11,0.888,1
354,3,3,2,0.279,2847,11,0.888,1
420,3,3,2,0.031,3340,11,0.943,1
366,3,3,2,0.398,3350,11,0.943,1
262,3,3,2,0.756,2866,11,0.943,1
363,3,3,2,0.132,3106,11,0.943,1
343,3,3,2,0.55,3151,11,0.888,1
461,3,3,2,0.048,3174,11,0.888,1
382,3,3,2,0.084,3441,11,0.943,1
356,3,3,2,0.581,2359,11,0.943,1
332,3,3,2,0.279,2652,11,0.888,1
441,3,3,2,0.243,3194,11,0.888,1
383,3,3,2,0.462,2984,11,0.888,1
391,3,3,2,0.255,3009,11,0.943,1
423,3,3,2,0.123,3306,11,0.888,1
429,3,3,2,0.227,3119,11,0.888,1
397,3,3,2,0.374,2493,11,0.888,1
394,3,3,2,0.319,2825,11,0.943,1
297,3,3,2,0.514,2283,11,0.888,1
400,3,3,2,0.45,2864,11,0.888,1
259,3,3,2,0.132,2936,11,0.943,1
390,3,3,2,0.148,2845,11,0.943,1
330,3,3,2,0.359,2922,11,0.888,1
473,3,3,2,0.048,3458,11,0.943,1
289,3,3,2,0.422,2778,11,0.943,1
466,3,3,2,0.12,3540,11,0.888,1
370,3,3,2,0.454,2766,11,0.943,1
433,3,3,2,0.172,2802,11,0.888,1
336,3,3,2,0.044,3194,11,0.943,1
342,3,3,2,0.406,2706,11,0.888,1
337,3,3,2,0.51,2805,11,0.943,1
336,3,3,2,0.176,2870,11,0.888,1
299,3,3,2,0.331,2880,11,0.888,1
282,3,3,2,0.557,2501,11,0.943,1
324,3,3,2,0.008,3302,11,0.943,1
337,3,3,2,0.223,3273,11,0.888,1
388,3,3,2,0.059,3410,11,0.943,1
396,3,3,2,0.071,3051,11,0.888,1
327,3,3,2,0.335,3117,11,0.888,1
382,3,3,2,0.522,2195,11,0.943,1
257,3,3,2,0.546,2199,11,0.943,1
341,3,3,2,0.271,2749,11,0.943,1
406,3,3,2,0.123,3368,11,0.943,1
395,3,3,2,0.096,3057,11,0.888,1
395,3,3,2,0.168,2936,11,0.943,1
261,3,3,2,0.546,2363,11,0.943,1
383,3,3,2,0.259,3117,11,0.888,1
403,3,3,2,0.199,3070,11,0.888,1
421,3,3,2,0.008,2842,11,0.943,1
317,3,3,2,0.335,2761,11,0.888,1
391,3,3,2,0.374,2691,11,0.943,1
495,3,3,2,0.063,3480,11,0.888,1
460,3,3,2,0.191,3101,11,0.943,1
401,3,3,2,0.127,3119,11,0.943,1
490,3,3,2,0.104,3233,11,0.888,1
371,3,3,2,0.203,2787,11,0.943,1
236,3,3,2,0.418,2773,11,0.943,1
366,3,3,2,0.008,3369,11,0.888,1
467,3,3,2,0.409,3503,11,0.888,1
326,3,3,2,0.283,2897,11,0.888,1
355,3,3,2,0.458,2805,11,0.943,1
255,3,3,2,0.669,2768,11,0.943,1
312,3,3,2,0.032,3252,11,0.888,1
493,3,3,2,0.116,3043,11,0.888,1
409,3,3,2,0.128,3282,11,0.888,1
330,3,3,2,0.398,2870,11,0.943,1
266,3,3,2,0.227,3058,11,0.943,1
319,3,3,2,0.347,2774,11,0.888,1
424,3,3,2,0.044,3077,11,0.888,1
456,3,3,2,0.036,3324,11,0.888,1
201,3,3,2,0.581,2307,11,0.888,1
288,3,3,2,0.697,2373,11,0.888,1
366,3,3,2,0.546,2610,11,0.888,1
357,3,3,2,0.084,3080,11,0.888,1
346,3,3,2,0.223,3184,11,0.943,1
521,3,3,2,0.187,3128,11,0.943,1
365,3,3,2,0.454,2394,11,0.888,1
360,3,3,2,0.633,2260,11,0.943,1
169,3,3,2,0.593,2546,11,0.943,1
242,3,3,2,0.41,2882,11,0.943,1
360,3,3,2,0.123,3170,11,0.943,1
343,3,3,2,0.374,3041,11,0.943,1
394,3,3,2,0,2999,11,0.943,1
343,3,3,2,0.136,3294,11,0.888,1
335,3,3,2,0.251,2817,11,0.943,1
377,3,3,2,0.048,3153,11,0.943,1
258,3,3,2,0.486,2666,11,0.888,1
240,3,3,2,0.713,2710,11,0.888,1
418,3,3,2,0.036,2946,11,0.888,1
356,3,3,2,0.055,3155,11,0.943,1
433,3,3,2,0.164,3270,11,0.888,1
280,3,3,2,0.55,2175,11,0.943,1
356,3,3,2,0.343,2554,11,0.943,1
379,3,3,2,0.271,3008,11,0.888,1
287,3,3,2,0.287,2958,11,0.888,1
472,3,3,2,0.41,2775,11,0.888,1
346,3,3,2,0.327,2639,11,0.888,1
327,3,3,2,0.207,2982,11,0.943,1
337,3,3,2,0.506,2471,11,0.943,1
382,3,3,2,0.148,3176,11,0.888,1
335,3,3,2,0.207,2950,11,0.943,1
337,3,3,2,0.506,2818,11,0.943,1
243,3,3,2,0.315,2361,11,0.888,1
480,3,3,2,0.215,3271,11,0.888,1
499,3,3,2,0.095,3558,11,0.943,1
422,3,3,2,0.199,3041,11,0.888,1
237,3,3,2,0.299,2706,11,0.943,1
292,3,3,2,0.243,2928,11,0.888,1
262,3,3,2,0.49,2682,11,0.888,1
242,3,3,2,0.279,2530,11,0.888,1
295,3,3,2,0.458,2591,11,0.943,1
389,3,3,2,0.14,2952,11,0.943,1
433,3,3,2,0.028,3459,11,0.943,1
343,3,3,2,0.14,2798,11,0.888,1
198,3,3,2,0.824,2252,11,0.888,1
328,3,3,2,0.331,2644,11,0.888,1
420,3,3,2,0.291,2757,11,0.943,1
207,3,3,2,0.494,2397,11,0.888,1
326,3,3,2,0.625,2583,11,0.943,1
367,3,3,2,0.035,3090,11,0.888,1
391,3,3,2,0.331,2529,11,0.888,1
387,3,3,2,0.283,2965,11,0.943,1
326,3,3,2,0.478,2646,11,0.943,1
310,3,3,2,0.16,3178,11,0.888,1
179,3,3,2,0.729,2297,11,0.943,1
333,3,3,2,0.359,2914,11,0.943,1
343,3,3,2,0.637,2817,11,0.943,1
220,3,3,2,0.561,2849,11,0.943,1
314,3,3,2,0.506,2857,11,0.943,1
340,3,3,2,0.283,2879,11,0.888,1
329,3,3,2,0.37,2811,11,0.888,1
335,3,3,2,0.271,2818,11,0.943,1
364,3,3,2,0.434,3009,11,0.943,1
484,3,3,2,0.191,3107,11,0.943,1
358,3,3,2,0.267,3126,11,0.888,1
429,3,3,2,0.406,3236,11,0.888,1
449,3,3,2,0.099,3269,11,0.943,1
280,3,3,2,0.263,2940,11,0.888,1
432,3,3,2,0.366,2860,11,0.943,1
282,3,3,2,0.323,2738,11,0.943,1
352,3,3,2,0.414,2639,11,0.888,1
359,3,3,2,0.06,2936,11,0.888,1
301,3,3,2,0.506,2354,11,0.888,1
357,3,3,2,0.259,3199,11,0.943,1
322,3,3,2,0.713,2336,11,0.888,1
418,3,3,2,0.132,2864,11,0.888,1
444,3,3,2,0.015,3426,11,0.943,1
283,3,3,2,0.179,2744,11,0.888,1
405,3,3,2,0.315,3129,11,0.943,1
340,3,3,2,0.581,2587,11,0.943,1
348,3,3,2,0.323,2313,11,0.943,1
515,3,3,2,0.012,2995,11,0.943,1
316,3,3,2,0.335,2610,11,0.888,1
446,3,3,2,0.156,2539,11,0.888,1
257,3,3,2,0.546,2123,11,0.888,1
160,3,3,2,0.633,2210,11,0.943,1
237,3,3,2,0.462,2536,11,0.943,1
378,3,3,2,0.156,2801,11,0.888,1
352,3,3,2,0.665,2571,11,0.888,1
412,3,3,2,0.283,3387,11,0.943,1
446,3,3,2,0.111,3089,11,0.943,1
318,3,3,2,0.231,2681,11,0.888,1
441,3,3,2,0.402,2621,11,0.888,1
394,3,3,2,0.148,2547,11,0.888,1
314,3,3,2,0.526,2813,11,0.888,1
258,3,3,2,0.995,1507,3,0.943,1
288,3,3,2,1.218,1315,3,0.943,1
263,3,3,2,0.939,1723,6,0.943,1
272,3,3,2,0.677,1600,6,0.943,1
194,3,3,2,1.266,1472,3,0.888,1
256,3,3,2,1.142,1191,6,0.943,1
316,3,3,2,0.76,1864,6,0.943,1
217,3,3,2,1.258,1258,6,0.943,1
268,3,3,2,1.154,1497,6,0.888,1
308,3,3,2,0.884,1551,3,0.943,1
235,3,3,2,0.561,1553,3,0.888,1
263,3,3,2,1.039,1523,3,0.943,1
239,3,3,2,1.047,1378,3,0.888,1
225,3,3,2,1.353,1100,3,0.888,1
255,3,3,2,1.107,1433,6,0.888,1
294,3,3,2,1.194,1429,3,0.943,1
267,3,3,2,1.174,1577,3,0.888,1
296,3,3,2,0.955,1514,3,0.943,1
214,3,3,2,1.162,1525,6,0.888,1
223,3,3,2,1.31,1285,6,0.888,1
174,3,3,2,1.15,1239,6,0.888,1
225,3,3,2,1.266,1421,6,0.888,1
273,3,3,2,1.134,1317,6,0.943,1
204,3,3,2,1.222,1368,6,0.943,1
257,3,3,2,0.924,1401,6,0.888,1
219,3,3,2,1.023,1405,6,0.888,1
265,3,3,2,1.194,1287,3,0.943,1
256,3,3,2,1.039,1226,6,0.888,1
241,3,3,2,1.142,1478,6,0.943,1
277,3,3,2,0.947,1499,6,0.888,1
342,3,3,2,0.876,1629,3,0.888,1
306,3,3,2,0.697,1625,3,0.943,1
264,3,3,2,0.991,1509,3,0.888,1
286,3,3,2,0.804,1719,3,0.943,1
323,3,3,2,1.051,1512,3,0.888,1
268,3,3,2,0.955,1432,3,0.943,1
268,3,3,2,0.673,1598,6,0.888,1
265,3,3,2,0.764,1648,3,0.888,1
289,3,3,2,1.174,1471,3,0.943,1
353,3,3,2,1.047,1674,6,0.888,1
201,3,3,2,1.393,1142,3,0.888,1
229,3,3,2,1.134,1484,3,0.888,1
275,3,3,2,1.178,1458,3,0.943,1
255,3,3,2,0.844,1559,6,0.943,1
258,3,3,2,1.302,1470,6,0.888,1
245,3,3,2,1.377,1278,3,0.888,1
239,3,3,2,1.067,1189,6,0.943,1
223,3,3,2,1.238,1250,6,0.888,1
314,3,3,2,1.003,1483,6,0.943,1
203,3,3,2,1.266,1214,3,0.943,1
240,3,3,2,1.063,1363,6,0.943,1
233,3,3,2,1.437,1185,3,0.888,1
242,3,3,2,1.214,1256,3,0.888,1
238,3,3,2,1.393,1155,6,0.888,1
249,3,3,2,1.341,1297,6,0.888,1
254,3,3,2,1.011,1488,3,0.943,1
226,3,3,2,1.397,1423,3,0.888,1
268,3,3,2,1.015,1247,3,0.943,1
238,3,3,2,1.489,1241,3,0.943,1
239,3,3,2,0.951,1500,3,0.943,1
279,3,3,2,0.88,1420,6,0.943,1
188,3,3,2,1.13,1228,6,0.888,1
181,3,3,2,1.091,1383,6,0.888,1
258,3,3,2,1.071,1543,3,0.943,1
257,3,3,2,1.019,1454,6,0.943,1
206,3,3,2,0.991,1390,6,0.888,1
258,3,3,2,1.099,1568,6,0.888,1
255,3,3,2,1.079,1605,6,0.888,1
215,3,3,2,1.242,1274,3,0.888,1
239,3,3,2,0.983,1470,3,0.943,1
226,3,3,2,1.202,1412,6,0.888,1
289,3,3,2,1.27,1300,6,0.888,1
255,3,3,2,1.341,1255,6,0.943,1
226,3,3,2,1.075,1347,3,0.888,1
253,3,3,2,1.242,1301,6,0.943,1
229,3,3,2,1.158,1589,6,0.943,1
282,3,3,2,0.8,1525,3,0.888,1
256,3,3,2,1.29,1365,3,0.888,1
296,3,3,2,0.904,1496,3,0.888,1
278,3,3,2,0.848,1437,3,0.943,1
277,3,3,2,1.071,1344,6,0.888,1
289,3,3,2,1.047,1461,3,0.888,1
324,3,3,2,1.027,1576,6,0.888,1
229,3,3,2,1.313,1341,6,0.888,1
240,3,3,2,1.126,1485,3,0.888,1
232,3,3,2,1.071,1378,3,0.943,1
235,3,3,2,1.035,1479,6,0.888,1
287,3,3,2,1.099,1513,3,0.943,1
237,3,3,2,1.015,1279,6,0.888,1
250,3,3,2,1.222,1469,6,0.943,1
277,3,3,2,0.832,1618,3,0.888,1
242,3,3,2,1.504,1174,6,0.943,1
230,3,3,2,1.258,1360,3,0.888,1
257,3,3,2,1.234,1272,3,0.943,1
243,3,3,2,1.302,1476,6,0.888,1
294,3,3,2,0.872,1502,3,0.888,1
309,3,3,2,0.924,1485,3,0.943,1
175,3,3,2,1.333,1027,6,0.888,1
253,3,3,2,1.516,1248,6,0.943,1
252,3,3,2,1.063,1358,6,0.943,1
297,3,3,2,0.963,1577,3,0.943,1
315,3,3,2,0.856,1751,3,0.943,1
233,3,3,2,1.262,1518,3,0.888,1
268,3,3,2,0.959,1387,6,0.943,1
257,3,3,2,1.115,1290,3,0.888,1
247,3,3,2,0.963,1515,6,0.888,1
255,3,3,2,1.091,1446,3,0.943,1
275,3,3,2,1.015,1375,3,0.888,1
240,3,3,2,0.852,1440,3,0.888,1
281,3,3,2,0.943,1537,3,0.888,1
213,3,3,2,1.146,1434,6,0.888,1
279,3,3,2,1.003,1469,6,0.943,1
232,3,3,2,1.023,1383,6,0.943,1
171,3,3,2,1.134,1477,3,0.943,1
228,3,3,2,1.612,1117,6,0.943,1
249,3,3,2,1.043,1448,6,0.888,1
217,3,3,2,1.425,1144,3,0.888,1
244,3,3,2,1.298,1104,6,0.943,1
227,3,3,2,1.222,1177,3,0.888,1
169,3,3,2,1.119,1313,6,0.943,1
213,3,3,2,1.373,1483,3,0.888,1
257,3,3,2,0.951,1450,3,0.888,1
254,3,3,2,0.935,1551,6,0.943,1
326,3,3,2,0.852,1532,3,0.943,1
267,3,3,2,1.186,1334,6,0.888,1
231,3,3,2,1.194,1306,6,0.943,1
258,3,3,2,0.713,1792,6,0.888,1
240,3,3,2,0.943,1463,3,0.943,1
229,3,3,2,1.246,1379,3,0.943,1
227,3,3,2,1.166,1517,6,0.888,1
269,3,3,2,0.888,1539,3,0.888,1
241,3,3,2,0.685,1491,6,0.888,1
207,3,3,2,0.955,1491,6,0.888,1
280,3,3,2,0.888,1560,6,0.888,1
266,3,3,2,1.158,1616,6,0.888,1
260,3,3,2,0.872,1544,6,0.943,1
279,3,3,2,1.075,1459,3,0.943,1
246,3,3,2,1.369,1085,6,0.943,1
190,3,3,2,1.178,1535,3,0.888,1
290,3,3,2,0.808,1621,6,0.943,1
268,3,3,2,0.995,1625,6,0.888,1
244,3,3,2,1.123,1499,6,0.943,1
286,3,3,2,0.995,1584,6,0.888,1
255,3,3,2,1.258,1348,6,0.943,1
240,3,3,2,1.369,1066,3,0.943,1
249,3,3,2,1.003,1529,3,0.888,1
273,3,3,2,1.317,1039,6,0.943,1
303,3,3,2,0.935,1486,6,0.888,1
302,3,3,2,0.9,1607,6,0.888,1
258,3,3,2,1.123,1226,3,0.943,1
211,3,3,2,1.52,988,3,0.888,1
272,3,3,2,1.123,1542,6,0.943,1
248,3,3,2,1.15,1429,6,0.943,1
332,3,3,2,0.999,1451,6,0.943,1
247,3,3,2,0.896,1556,3,0.943,1
287,3,3,2,1.206,1545,3,0.943,1
322,3,3,2,0.657,1652,6,0.943,1
228,3,3,2,1.043,1363,3,0.943,1
290,3,3,2,1.119,1441,6,0.943,1
233,3,3,2,1.27,1323,6,0.943,1
236,3,3,2,1.21,1300,3,0.943,1
278,3,3,2,1.174,1492,6,0.943,1
270,3,3,2,1.306,1339,6,0.943,1
261,3,3,2,0.999,1538,6,0.888,1
253,3,3,2,1.023,1338,3,0.888,1
218,3,3,2,1.19,1356,6,0.943,1
224,3,3,2,1.262,1341,3,0.888,1
212,3,3,2,0.916,1552,6,0.888,1
232,3,3,2,1.055,1530,6,0.888,1
268,3,3,2,1.047,1626,3,0.943,1
253,3,3,2,0.932,1675,6,0.888,1
228,3,3,2,1.25,1265,3,0.888,1
219,3,3,2,1.62,1155,6,0.943,1
213,3,3,2,0.808,1419,6,0.888,1
233,3,3,2,1.043,1529,6,0.943,1
295,3,3,2,0.768,1542,3,0.943,1
266,3,3,2,0.963,1445,3,0.943,1
213,3,3,2,1.218,1153,3,0.888,1
297,3,3,2,0.689,1651,3,0.888,1
250,3,3,2,1.242,1490,6,0.888,1
261,3,3,2,1.051,1460,3,0.888,1
277,3,3,2,1.13,1384,3,0.888,1
283,3,3,2,1.154,1288,6,0.888,1
323,3,3,2,0.76,1570,6,0.888,1
260,3,3,2,0.756,1615,3,0.943,1
251,3,3,2,1.039,1347,6,0.888,1
271,3,3,2,1.067,1378,6,0.888,1
211,3,3,2,1.103,1380,3,0.943,1
271,3,3,2,0.963,1589,6,0.888,1
222,3,3,2,1.321,1285,3,0.888,1
270,3,3,2,1.254,1608,6,0.888,1
256,3,3,2,0.904,1458,3,0.888,1
303,3,3,2,0.947,1552,6,0.888,1
260,3,3,2,1.162,1331,3,0.888,1
286,3,3,2,1.266,1422,3,0.943,1
250,3,3,2,1.083,1582,3,0.943,1
271,3,3,2,1.011,1593,6,0.888,1
253,3,3,2,1.107,1514,6,0.888,1
272,3,3,2,1.095,1356,6,0.888,1
299,3,3,2,0.82,1516,3,0.888,1
274,3,3,2,1.337,1346,3,0.943,1
268,3,3,2,1.154,1465,6,0.943,1
214,3,3,2,1.25,1481,6,0.943,1
197,3,3,2,1.234,1191,6,0.888,1
248,3,3,2,1.031,1362,6,0.943,1
258,3,3,2,0.876,1659,3,0.888,1
192,3,3,2,1.349,1380,3,0.943,1
277,3,3,2,1.15,1313,3,0.943,1
235,3,3,2,1.182,1484,3,0.943,1
280,3,3,2,1.107,1467,6,0.943,1
253,3,3,2,1.083,1096,6,0.888,1
251,3,3,2,0.848,1423,3,0.943,1
314,3,3,2,0.613,1918,6,0.888,1
197,3,3,2,0.939,1400,3,0.888,1
274,3,3,2,0.951,1504,3,0.888,1
297,3,3,2,0.939,1590,3,0.943,1
261,3,3,2,1.226,1318,3,0.943,1
229,3,3,2,0.888,1528,6,0.943,1
286,3,3,2,0.665,1776,6,0.888,1
289,3,3,2,0.991,1557,6,0.943,1
174,3,3,2,1.31,1146,6,0.943,1
165,3,3,2,1.735,925,3,0.888,1
213,3,3,2,1.397,1243,6,0.943,1
253,3,3,2,0.733,1659,3,0.888,1
277,3,3,2,0.939,1499,3,0.888,1
194,3,3,2,1.313,1423,6,0.888,1
231,3,3,2,0.987,1211,6,0.888,1
250,3,3,2,0.864,1555,3,0.943,1
280,3,3,2,0.959,1536,6,0.888,1
315,3,3,2,0.971,1860,6,0.943,1
299,3,3,2,0.947,1515,3,0.888,1
257,3,3,2,0.796,1756,6,0.943,1
330,3,3,2,0.828,1509,6,0.943,1
296,3,3,2,0.856,1593,3,0.888,1
273,3,3,2,0.943,1492,3,0.943,1
254,3,3,2,0.832,1600,6,0.888,1
249,3,3,2,1.115,1617,3,0.943,1
219,3,3,2,0.955,1453,6,0.888,1
231,3,3,2,1.532,1106,3,0.943,1
254,3,3,2,1.146,1500,3,0.888,1
286,3,3,2,0.733,1714,3,0.943,1
235,3,3,2,1.341,1329,6,0.943,1
273,3,3,2,0.725,1567,3,0.888,1
248,3,3,2,1.138,1625,3,0.943,1
257,3,3,2,1.27,1195,6,0.888,1
209,3,3,2,1.095,1426,6,0.888,1
245,3,3,2,1.039,1335,6,0.888,1
263,3,3,2,1.003,1576,6,0.943,1
319,3,3,2,0.557,1863,6,0.888,1
249,3,3,2,1.162,1396,6,0.943,1
284,3,3,2,0.725,1818,3,0.943,1
217,3,3,2,1.154,1349,3,0.888,1
326,3,3,2,0.613,1883,6,0.943,1
298,3,3,2,1.21,1222,6,0.943,1
293,3,3,2,0.86,1354,6,0.943,1
279,3,3,2,1.031,1730,6,0.888,1
262,3,3,2,0.705,1596,6,0.888,1
212,3,3,2,1.194,1440,6,0.943,1
251,3,3,2,1.357,1669,6,0.888,1
308,3,3,2,1.162,1358,6,0.888,1
305,3,3,2,0.955,1682,6,0.888,1
194,3,3,2,1.329,1396,3,0.943,1
200,3,3,2,1.23,1330,3,0.943,1
238,3,3,2,0.82,1607,6,0.943,1
220,3,3,2,1.349,1224,3,0.888,1
218,3,3,2,1.059,1243,6,0.943,1
259,3,3,2,0.856,1525,3,0.943,1
249,3,3,2,0.971,1522,3,0.943,1
273,3,3,2,0.892,1577,6,0.943,1
205,3,3,2,1.357,1237,6,0.888,1
275,3,3,2,1.079,1285,3,0.888,1
252,3,3,2,0.92,1722,3,0.888,1
273,3,3,2,1.146,1255,6,0.943,1
257,3,3,2,1.039,1244,3,0.888,1
262,3,3,2,1.25,1377,3,0.888,1
235,3,3,2,1.218,1367,3,0.888,1
227,3,3,2,0.979,1537,6,0.943,1
212,3,3,2,1.067,1381,3,0.888,1
275,3,3,2,1.095,1385,3,0.888,1
291,3,3,2,1.115,1525,3,0.888,1
285,3,3,2,1.369,1055,3,0.943,1
224,3,3,2,1.413,1255,6,0.943,1
200,3,3,2,1.198,1162,3,0.943,1
185,3,3,2,1.349,1290,6,0.888,1
204,3,3,2,1.19,1490,3,0.888,1
260,3,3,2,1.027,1502,6,0.943,1
290,3,3,2,0.872,1840,3,0.888,1
311,3,3,2,1.238,1711,6,0.888,1
247,3,3,2,0.9,1336,6,0.943,1
174,3,3,2,1.27,1434,6,0.888,1
265,3,3,2,1.333,1348,6,0.943,1
222,3,3,2,1.214,1559,3,0.943,1
197,3,3,2,1.266,1214,3,0.888,1
285,3,3,2,1.059,1600,3,0.888,1
226,3,3,2,0.947,1383,3,0.888,1
213,3,3,2,1.25,1272,6,0.943,1
271,3,3,2,0.955,1485,3,0.943,1
244,3,3,2,1.238,1279,3,0.943,1
224,3,3,2,1.286,1266,3,0.888,1
233,3,3,2,1.329,1178,3,0.943,1
230,3,3,2,1.087,1479,3,0.888,1
264,3,3,2,0.812,1794,6,0.943,1
242,3,3,2,1.345,1483,6,0.943,1
246,3,3,2,1.21,1443,3,0.888,1
242,3,3,2,1.13,1441,6,0.943,1
238,3,3,2,1.099,1207,6,0.888,1
267,3,3,2,1.536,1226,3,0.943,1
295,3,3,2,0.928,1585,3,0.888,1
274,3,3,2,1.202,1214,6,0.888,1
296,3,3,2,1.043,1604,6,0.888,1
258,3,3,2,0.908,1548,3,0.943,1
276,3,3,2,0.999,1365,6,0.943,1
225,3,3,2,1.075,1587,3,0.888,1
207,3,3,2,1.174,1436,3,0.888,1
224,3,3,2,1.063,1334,6,0.943,1
249,3,3,2,1.071,1332,6,0.943,1
237,3,3,2,1.178,1340,6,0.888,1
249,3,3,2,0.641,1671,3,0.888,1
275,3,3,2,0.924,1500,6,0.888,1
266,3,3,2,1.067,1441,6,0.888,1
297,3,3,2,1.115,1391,6,0.888,1
313,3,3,2,0.979,1404,6,0.888,1
176,3,3,2,1.111,1616,3,0.943,1
285,3,3,2,0.951,1654,3,0.943,1
221,3,3,2,1.258,1198,3,0.888,1
203,3,3,2,1.473,1077,3,0.888,1
212,3,3,2,1.337,1310,6,0.888,1
209,3,3,2,1.099,1509,6,0.943,1
277,3,3,2,1.095,1601,6,0.888,1
266,3,3,2,0.82,1554,3,0.888,1
268,3,3,2,1.226,1392,3,0.888,1
264,3,3,2,1.174,1163,3,0.888,1
249,3,3,2,1.039,1651,3,0.888,1
264,3,3,2,0.808,1644,3,0.943,1
243,3,3,2,0.836,1481,6,0.943,1
228,3,3,2,1.162,1279,3,0.943,1
266,3,3,2,0.955,1490,3,0.888,1
226,3,3,2,1.115,1445,6,0.888,1
226,3,3,2,1.182,1380,6,0.888,1
259,3,3,2,0.744,1599,3,0.888,1
211,3,3,2,1.242,1400,3,0.888,1
239,3,3,2,1.242,1416,6,0.888,1
224,3,3,2,1.421,1375,6,0.943,1
250,3,3,2,1.138,1480,3,0.888,1
234,3,3,2,1.134,1169,3,0.888,1
260,3,3,2,0.9,1654,6,0.888,1
270,3,3,2,1.369,1251,3,0.943,1
226,3,3,2,1.023,1552,6,0.943,1
257,3,3,2,1.079,1476,6,0.888,1
272,3,3,2,1.238,1461,6,0.888,1
298,3,3,2,0.951,1538,3,0.888,1
280,3,3,2,1.007,1691,3,0.943,1
273,3,3,2,0.693,1580,3,0.943,1
975,3,3,2,1.003,2458,6,0.888,1
817,3,3,2,1.011,2379,6,0.888,1
1045,3,3,2,0.963,2458,6,0.888,1
767,3,3,2,1.266,2172,6,0.027,1
829,3,3,2,1.142,2369,6,0.027,1
885,3,3,2,1.198,2367,6,0.888,1
742,3,3,2,1.234,2268,6,0.888,1
933,3,3,2,1.194,2400,6,0.888,1
1051,3,3,2,0.904,2567,6,0.027,1
971,3,3,2,1.063,2754,6,0.888,1
1005,3,3,2,0.924,2551,6,0.888,1
876,3,3,2,1.119,2593,6,0.888,1
758,3,3,2,1.123,2400,6,0.888,1
829,3,3,2,1.325,2150,6,0.027,1
868,3,3,2,1.186,2493,6,0.027,1
622,3,3,2,1.039,2351,6,0.888,1
569,3,3,2,1.162,2347,6,0.027,1
999,3,3,2,0.629,2539,6,0.027,1
925,3,3,2,1.365,2154,6,0.027,1
757,3,3,2,1.13,2323,6,0.888,1
1039,3,3,2,1.067,2396,6,0.027,1
1227,3,3,2,1.142,2534,6,0.027,1
651,3,3,2,1.345,2173,6,0.888,1
593,3,3,2,1.66,2022,6,0.027,1
1220,3,3,2,0.772,2543,6,0.888,1
923,3,3,2,1.035,2464,6,0.888,1
985,3,3,2,1.377,2196,6,0.888,1
1044,3,3,2,1.011,2408,6,0.027,1
1224,3,3,2,0.589,2516,6,0.027,1
963,3,3,2,1.329,2361,6,0.888,1
1195,3,3,2,0.673,2620,6,0.027,1
1031,3,3,2,1.011,2423,6,0.027,1
640,3,3,2,1.321,2381,6,0.888,1
982,3,3,2,0.995,2535,6,0.027,1
959,3,3,2,1.138,2302,6,0.027,1
926,3,3,2,1.325,2297,6,0.027,1
877,3,3,2,0.916,2344,6,0.888,1
886,3,3,2,1.138,2290,6,0.888,1
821,3,3,2,0.792,2695,6,0.888,1
936,3,3,2,0.689,2654,6,0.888,1
1294,3,3,2,0.78,2657,6,0.027,1
1074,3,3,2,1.222,2441,6,0.027,1
1104,3,3,2,0.808,2538,6,0.027,1
698,3,3,2,1.437,2130,6,0.027,1
1004,3,3,2,1.15,2588,6,0.027,1
838,3,3,2,1.445,2351,6,0.027,1
1017,3,3,2,1.417,2380,6,0.888,1
794,3,3,2,0.916,2595,6,0.888,1
715,3,3,2,1.23,2433,6,0.888,1
463,3,3,2,1.258,2056,6,0.888,1
939,3,3,2,0.804,2519,6,0.027,1
968,3,3,2,1.194,2391,6,0.027,1
709,3,3,2,1.552,1912,6,0.027,1
996,3,3,2,0.924,2638,6,0.888,1
820,3,3,2,1.381,2229,6,0.888,1
1109,3,3,2,0.689,2587,6,0.027,1
908,3,3,2,1.027,2580,6,0.888,1
979,3,3,2,1.091,2384,6,0.027,1
1061,3,3,2,0.665,2663,6,0.888,1
1116,3,3,2,1.262,2505,6,0.888,1
836,3,3,2,1.067,2533,6,0.027,1
871,3,3,2,1.17,2397,6,0.888,1
905,3,3,2,1.059,2446,6,0.888,1
672,3,3,2,1.381,2446,6,0.888,1
927,3,3,2,1.119,2235,6,0.027,1
946,3,3,2,1.051,2521,6,0.027,1
467,3,3,2,1.68,2174,6,0.888,1
977,3,3,2,0.979,2421,6,0.027,1
783,3,3,2,1.21,2487,6,0.027,1
741,3,3,2,1.365,2367,6,0.027,1
883,3,3,2,0.943,2647,6,0.888,1
1075,3,3,2,0.935,2535,6,0.888,1
778,3,3,2,1.274,2225,6,0.888,1
1094,3,3,2,1.286,2251,6,0.888,1
1054,3,3,2,1.039,2382,6,0.888,1
805,3,3,2,1.349,2302,6,0.888,1
966,3,3,2,0.904,2540,6,0.888,1
1113,3,3,2,1.015,2527,6,0.888,1
1071,3,3,2,0.856,2428,6,0.027,1
1218,3,3,2,0.828,2688,6,0.888,1
1342,3,3,2,1.087,2287,6,0.888,1
724,3,3,2,1.234,2241,6,0.888,1
773,3,3,2,1.142,2357,6,0.027,1
1056,3,3,2,1.126,2165,6,0.027,1
1023,3,3,2,0.959,2586,6,0.027,1
980,3,3,2,1.572,2121,6,0.888,1
923,3,3,2,0.725,2659,6,0.888,1
687,3,3,2,1.321,2198,6,0.027,1
583,3,3,2,1.457,2141,6,0.888,1
955,3,3,2,0.987,2703,6,0.027,1
1002,3,3,2,0.971,2489,6,0.027,1
940,3,3,2,0.959,2442,6,0.888,1
1189,3,3,2,0.959,2626,6,0.888,1
1176,3,3,2,1.087,2409,6,0.888,1
960,3,3,2,0.908,2475,6,0.888,1
841,3,3,2,0.935,2346,6,0.027,1
919,3,3,2,1.039,2516,6,0.888,1
1306,3,3,2,0.597,2635,6,0.027,1
942,3,3,2,0.916,2457,6,0.888,1
985,3,3,2,1.039,2590,6,0.888,1
848,3,3,2,1.282,2416,6,0.027,1
1024,3,3,2,0.888,2478,6,0.888,1
990,3,3,2,1.206,2439,6,0.027,1
1114,3,3,2,1.262,2308,6,0.027,1
1199,3,3,2,0.971,2550,6,0.888,1
1173,3,3,2,0.928,2512,6,0.027,1
935,3,3,2,0.848,2541,6,0.888,1
707,3,3,2,0.939,2624,6,0.027,1
976,3,3,2,1.019,2374,6,0.888,1
846,3,3,2,1.393,2161,6,0.888,1
920,3,3,2,1.294,2404,6,0.888,1
925,3,3,2,1.23,2364,6,0.027,1
1370,3,3,2,0.78,2601,6,0.027,1
948,3,3,2,1.091,2541,6,0.888,1
762,3,3,2,1.091,2236,6,0.027,1
1159,3,3,2,1.166,2530,6,0.888,1
1098,3,3,2,1.035,2623,6,0.888,1
909,3,3,2,1.341,2345,6,0.888,1
988,3,3,2,0.892,2612,6,0.027,1
824,3,3,2,1.043,2523,6,0.027,1
981,3,3,2,0.92,2550,6,0.027,1
1302,3,3,2,0.943,2529,6,0.888,1
865,3,3,2,1.051,2363,6,0.027,1
1218,3,3,2,1.007,2429,6,0.888,1
808,3,3,2,1.007,2475,6,0.027,1
1219,3,3,2,1.126,2595,6,0.027,1
698,3,3,2,1.556,2198,6,0.027,1
1055,3,3,2,0.955,2638,6,0.888,1
991,3,3,2,1.015,2577,6,0.027,1
839,3,3,2,1.051,2237,6,0.888,1
1128,3,3,2,1.087,2589,6,0.027,1
1100,3,3,2,0.987,2381,6,0.027,1
889,3,3,2,1.083,2525,6,0.027,1
947,3,3,2,1.003,2661,6,0.027,1
975,3,3,2,1.083,2541,6,0.888,1
984,3,3,2,0.768,2730,6,0.888,1
877,3,3,2,1.083,2260,6,0.027,1
872,3,3,2,0.832,2540,6,0.888,1
1016,3,3,2,1.027,2332,6,0.888,1
877,3,3,2,1.003,2587,6,0.027,1
984,3,3,2,0.959,2448,6,0.027,1
822,3,3,2,0.828,2400,6,0.027,1
830,3,3,2,1.198,2376,6,0.027,1
745,3,3,2,1.011,2558,6,0.027,1
853,3,3,2,1.274,2167,6,0.888,1
910,3,3,2,1.087,2310,6,0.888,1
989,3,3,2,1.162,2421,6,0.888,1
1047,3,3,2,1.226,2365,6,0.027,1
874,3,3,2,1.011,2534,6,0.888,1
824,3,3,2,0.939,2516,6,0.888,1
1255,3,3,2,0.92,2491,6,0.027,1
844,3,3,2,1.083,2375,6,0.027,1
910,3,3,2,1.063,2297,6,0.888,1
957,3,3,2,1.389,2362,6,0.888,1
762,3,3,2,1.266,2232,6,0.888,1
1039,3,3,2,0.577,3017,6,0.888,1
783,3,3,2,1.29,2386,6,0.027,1
824,3,3,2,1.023,2512,6,0.888,1
1183,3,3,2,0.53,2696,6,0.888,1
741,3,3,2,1.385,2303,6,0.888,1
1073,3,3,2,1.011,2463,6,0.027,1
873,3,3,2,1.27,2405,6,0.027,1
1061,3,3,2,1.031,2485,6,0.888,1
919,3,3,2,1.103,2422,6,0.027,1
1146,3,3,2,0.912,2484,6,0.027,1
1339,3,3,2,0.776,2543,6,0.027,1
1192,3,3,2,0.832,2555,6,0.027,1
667,3,3,2,1.142,2323,6,0.027,1
1051,3,3,2,0.756,2912,6,0.027,1
1004,3,3,2,1.107,2692,6,0.888,1
690,3,3,2,0.856,2479,6,0.027,1
1163,3,3,2,0.852,2522,6,0.027,1
735,3,3,2,1.166,2293,6,0.027,1
815,3,3,2,1.341,2244,6,0.027,1
793,3,3,2,1.302,2344,6,0.027,1
981,3,3,2,0.792,2694,6,0.027,1
1100,3,3,2,0.729,2744,6,0.888,1
1258,3,3,2,0.84,2716,6,0.888,1
964,3,3,2,0.86,2818,6,0.888,1
1105,3,3,2,0.824,2682,6,0.027,1
827,3,3,2,1.063,2665,6,0.027,1
1065,3,3,2,0.9,2482,6,0.888,1
973,3,3,2,0.928,2404,6,0.888,1
1081,3,3,2,0.939,2473,6,0.027,1
675,3,3,2,0.983,2426,6,0.027,1
1217,3,3,2,0.904,2486,6,0.027,1
749,3,3,2,0.824,2333,6,0.888,1
1089,3,3,2,1.011,2534,6,0.888,1
787,3,3,2,1.234,2376,6,0.888,1
864,3,3,2,1.091,2626,6,0.027,1
909,3,3,2,1.027,2384,6,0.888,1
787,3,3,2,1.17,2259,6,0.027,1
1104,3,3,2,1.107,2469,6,0.888,1
697,3,3,2,1.198,2372,6,0.027,1
949,3,3,2,0.987,2525,6,0.888,1
839,3,3,2,1.111,2462,6,0.027,1
776,3,3,2,1.377,2229,6,0.888,1
1046,3,3,2,1.079,2419,6,0.888,1
1007,3,3,2,1.138,2457,6,0.027,1
1219,3,3,2,0.991,2469,6,0.888,1
1249,3,3,2,0.764,2533,6,0.888,1
781,3,3,2,1.282,2205,6,0.027,1
992,3,3,2,1.111,2429,6,0.027,1
980,3,3,2,1.003,2661,6,0.888,1
929,3,3,2,1.059,2381,6,0.888,1
1002,3,3,2,0.832,2359,6,0.027,1
1047,3,3,2,1.007,2522,6,0.027,1
1107,3,3,2,0.935,2689,6,0.888,1
1071,3,3,2,0.788,2669,6,0.027,1
1097,3,3,2,1.246,2397,6,0.027,1
956,3,3,2,0.975,2463,6,0.888,1
945,3,3,2,0.943,2539,6,0.888,1
1003,3,3,2,1.166,2302,6,0.027,1
1276,3,3,2,0.844,2626,6,0.888,1
865,3,3,2,1.111,2322,6,0.888,1
1019,3,3,2,1.023,2322,6,0.888,1
1080,3,3,2,0.872,2540,6,0.027,1
627,3,3,2,1.393,2300,6,0.027,1
851,3,3,2,0.916,2495,6,0.888,1
916,3,3,2,1.401,2282,6,0.027,1
800,3,3,2,1.226,2213,6,0.027,1
825,3,3,2,0.744,2535,6,0.027,1
756,3,3,2,1.381,2301,6,0.027,1
907,3,3,2,0.864,2534,6,0.027,1
1246,3,3,2,0.776,2681,6,0.888,1
765,3,3,2,1.21,2393,6,0.027,1
1219,3,3,2,0.796,2629,6,0.888,1
612,3,3,2,1.397,2274,6,0.027,1
965,3,3,2,1.313,2242,6,0.888,1
962,3,3,2,1.31,2196,6,0.027,1
941,3,3,2,0.959,2486,6,0.027,1
1069,3,3,2,0.928,2499,6,0.888,1
801,3,3,2,1.226,2309,6,0.027,1
827,3,3,2,0.975,2668,6,0.888,1
887,3,3,2,0.896,2710,6,0.888,1
829,3,3,2,1.333,2320,6,0.888,1
846,3,3,2,1.071,2342,6,0.888,1
915,3,3,2,0.991,2557,6,0.027,1
1121,3,3,2,0.784,2813,6,0.888,1
860,3,3,2,1.178,2404,6,0.888,1
658,3,3,2,1.083,2472,6,0.888,1
813,3,3,2,1.194,2389,6,0.027,1
756,3,3,2,1.19,2304,6,0.027,1
1051,3,3,2,1.138,2409,6,0.027,1
1041,3,3,2,0.764,2585,6,0.888,1
810,3,3,2,1.198,2234,6,0.027,1
1199,3,3,2,1.174,2437,6,0.027,1
935,3,3,2,0.896,2634,6,0.888,1
1194,3,3,2,1.421,2322,6,0.027,1
961,3,3,2,1.27,2380,6,0.888,1
776,3,3,2,1.146,2304,6,0.888,1
882,3,3,2,0.943,2802,6,0.027,1
1058,3,3,2,0.995,2470,6,0.888,1
1083,3,3,2,0.888,2686,6,0.027,1
842,3,3,2,1.23,2333,6,0.027,1
954,3,3,2,0.872,2484,6,0.888,1
1100,3,3,2,0.824,2438,6,0.888,1
907,3,3,2,1.254,2296,6,0.027,1
807,3,3,2,1.493,2017,6,0.027,1
1169,3,3,2,0.987,2474,6,0.888,1
823,3,3,2,1.222,2302,6,0.888,1
942,3,3,2,1.063,2412,6,0.027,1
725,3,3,2,1.302,2353,6,0.027,1
637,3,3,2,1.278,2302,6,0.027,1
924,3,3,2,1.31,2333,6,0.888,1
1131,3,3,2,1.206,2409,6,0.888,1
666,3,3,2,1.103,2473,6,0.027,1
985,3,3,2,1.21,2258,6,0.888,1
1030,3,3,2,0.955,2519,6,0.888,1
1003,3,3,2,1.019,2435,6,0.027,1
1028,3,3,2,0.928,2377,6,0.027,1
972,3,3,2,0.908,2439,6,0.888,1
1155,3,3,2,0.971,2617,6,0.888,1
1404,3,3,2,0.8,2610,6,0.888,1
855,3,3,2,1.174,2273,6,0.027,1
763,3,3,2,1.023,2384,6,0.888,1
741,3,3,2,1.516,2158,6,0.888,1
805,3,3,2,1.15,2241,6,0.888,1
1063,3,3,2,1.087,2441,6,0.888,1
925,3,3,2,0.951,2473,6,0.888,1
1082,3,3,2,0.633,2780,6,0.027,1
931,3,3,2,0.967,2475,6,0.888,1
1032,3,3,2,0.979,2410,6,0.888,1
829,3,3,2,1.111,2404,6,0.888,1
663,3,3,2,1.477,2267,6,0.888,1
1067,3,3,2,0.534,2761,6,0.888,1
967,3,3,2,0.987,2547,6,0.888,1
822,3,3,2,1.425,2235,6,0.027,1
847,3,3,2,1.087,2541,6,0.888,1
803,3,3,2,1.146,2357,6,0.027,1
827,3,3,2,0.932,2443,6,0.027,1
1149,3,3,2,0.967,2666,6,0.888,1
481,3,3,2,1.508,2156,6,0.027,1
1179,3,3,2,0.848,2572,6,0.888,1
929,3,3,2,1.238,2310,6,0.027,1
893,3,3,2,0.896,2480,6,0.888,1
945,3,3,2,0.955,2466,6,0.027,1
1002,3,3,2,0.963,2371,6,0.888,1
841,3,3,2,1.306,2345,6,0.027,1
747,3,3,2,1.21,2527,6,0.027,1
833,3,3,2,0.995,2470,6,0.027,1
894,3,3,2,0.776,2516,6,0.888,1
945,3,3,2,1.146,2336,6,0.027,1
1088,3,3,2,1.119,2483,6,0.027,1
1203,3,3,2,0.836,2484,6,0.888,1
1183,3,3,2,0.979,2475,6,0.027,1
646,3,3,2,1.146,2328,6,0.888,1
927,3,3,2,1.29,2264,6,0.888,1
1080,3,3,2,1.258,2429,6,0.027,1
1111,3,3,2,0.534,2773,6,0.027,1
1222,3,3,2,0.975,2290,6,0.027,1
1056,3,3,2,0.967,2581,6,0.888,1
850,3,3,2,1.154,2280,6,0.888,1
720,3,3,2,0.916,2496,6,0.888,1
909,3,3,2,1.079,2403,6,0.027,1
1013,3,3,2,0.76,2718,6,0.888,1
1176,3,3,2,1.115,2462,6,0.888,1
919,3,3,2,1.154,2350,6,0.027,1
1040,3,3,2,0.939,2398,6,0.027,1
629,3,3,2,1.317,2164,6,0.027,1
681,3,3,2,1.111,2440,6,0.888,1
732,3,3,2,1.497,2209,6,0.888,1
966,3,3,2,0.939,2537,6,0.027,1
829,3,3,2,1.087,2342,6,0.027,1
1040,3,3,2,0.947,2588,6,0.888,1
804,3,3,2,1.146,2322,6,0.027,1
785,3,3,2,1.107,2369,6,0.027,1
647,3,3,2,0.939,2488,6,0.888,1
1122,3,3,2,0.725,2632,6,0.888,1
1026,3,3,2,1.111,2417,6,0.027,1
897,3,3,2,0.908,2455,6,0.888,1
900,3,3,2,1.21,2399,6,0.027,1
827,3,3,2,1.095,2516,6,0.888,1
1044,3,3,2,0.971,2511,6,0.027,1
1050,3,3,2,1.174,2375,6,0.888,1
859,3,3,2,1.345,2110,6,0.888,1
1036,3,3,2,1.222,2371,6,0.027,1
847,3,3,2,1.111,2357,6,0.027,1
1028,3,3,2,0.733,2300,6,0.027,1
767,3,3,2,1.242,2289,6,0.027,1
820,3,3,2,1.055,2616,6,0.027,1
925,3,3,2,0.983,2461,6,0.027,1
1289,3,3,2,0.733,2622,6,0.027,1
792,3,3,2,1.087,2455,6,0.888,1
1009,3,3,2,1.007,2739,6,0.888,1
1179,3,3,2,1.047,2610,6,0.027,1
1125,3,3,2,0.772,2544,6,0.027,1
960,3,3,2,0.947,2487,6,0.888,1
1131,3,3,2,0.502,2780,6,0.888,1
809,3,3,2,0.971,2294,6,0.888,1
685,3,3,2,1.341,2213,6,0.027,1
995,3,3,2,0.932,2483,6,0.888,1
1030,3,3,2,1.306,2476,6,0.888,1
480,1,3,2,0.422,2059,6,0.027,0
550,3,3,2,0.155,2180,6,0.027,0
438,1,3,2,0.291,1895,6,0.027,0
638,4,3,2,0.079,2105,6,0.027,0
590,4,3,2,0.171,2210,6,0.027,0
359,3,3,2,0.912,1728,6,0.027,0
468,4,3,2,0.585,1764,6,0.027,0
476,4,3,2,0.235,1853,6,0.027,0
439,3,3,2,0.231,1890,6,0.027,0
679,4,3,2,0.128,2108,6,0.027,0
374,1,3,2,0.251,1637,6,0.027,0
628,1,3,2,0.191,2129,6,0.027,0
599,1,3,2,0.362,2053,6,0.027,0
489,1,3,2,0.514,2053,6,0.027,0
517,3,3,2,0.422,1930,6,0.027,0
313,3,3,2,0.78,1739,6,0.027,0
532,1,3,2,0.306,2125,6,0.027,0
546,1,3,2,0.104,2255,6,0.027,0
437,1,3,2,0.756,1694,6,0.027,0
463,4,3,2,0.386,1795,6,0.027,0
584,1,3,2,0.295,1989,6,0.027,0
437,1,3,2,0.219,2034,6,0.027,0
477,1,3,2,0.478,1726,6,0.027,0
605,1,3,2,0.079,2178,6,0.027,0
407,3,3,2,0.565,1666,6,0.027,0
602,1,3,2,0.08,1854,6,0.027,0
552,1,3,2,0.263,1898,6,0.027,0
612,1,3,2,0,2103,6,0.027,0
441,4,3,2,0.374,1667,6,0.027,0
405,3,3,2,0.084,2103,6,0.027,0
309,3,3,2,0.422,1716,6,0.027,0
503,1,3,2,0.569,1962,6,0.027,0
328,1,3,2,0.729,1671,6,0.027,0
666,3,3,2,0.203,2018,6,0.027,0
343,3,3,2,0.9,1620,6,0.027,0
528,3,3,2,0.175,2138,6,0.027,0
433,4,3,2,0.526,1778,6,0.027,0
442,4,3,2,0.291,1894,6,0.027,0
469,1,3,2,0.916,1972,6,0.027,0
570,4,3,2,0.116,2000,6,0.027,0
474,4,3,2,0.374,1774,6,0.027,0
463,4,3,2,0.526,1694,6,0.027,0
459,4,3,2,0.072,2032,6,0.027,0
642,4,3,2,0.218,1956,6,0.027,0
590,3,3,2,0.441,2252,6,0.027,0
462,1,3,2,0.641,1903,6,0.027,0
450,1,3,2,0.454,1795,6,0.027,0
433,1,3,2,0.466,1732,6,0.027,0
438,3,3,2,0.124,2165,6,0.027,0
513,3,3,2,0.307,1754,6,0.027,0
527,3,3,2,0.442,1803,6,0.027,0
399,3,3,2,0.215,1896,6,0.027,0
572,3,3,2,0.095,2193,6,0.027,0
552,4,3,2,0.51,1677,6,0.027,0
413,1,3,2,0.382,2047,6,0.027,0
451,3,3,2,0.071,2107,6,0.027,0
509,1,3,2,0.008,2023,6,0.027,0
494,3,3,2,0.263,1772,6,0.027,0
368,3,3,2,0.844,1776,6,0.027,0
478,3,3,2,0.27,2140,6,0.027,0
628,4,3,2,0.187,1640,6,0.027,0
389,3,3,2,1.146,1779,6,0.027,0
396,3,3,2,0.888,1680,6,0.027,0
397,4,3,2,0.438,1930,6,0.027,0
475,1,3,2,0.164,1948,6,0.027,0
527,4,3,2,0.108,2254,6,0.027,0
568,3,3,2,0.363,1932,6,0.027,0
582,1,3,2,0.144,2007,6,0.027,0
276,4,3,2,0.613,1777,6,0.027,0
552,4,3,2,0.076,2099,6,0.027,0
461,4,3,2,0.239,1938,6,0.027,0
553,3,3,2,0.159,1961,6,0.027,0
558,4,3,2,0.068,2160,6,0.027,0
428,4,3,2,0.267,1889,6,0.027,0
605,1,3,2,0.128,1970,6,0.027,0
531,3,3,2,0.438,1840,6,0.027,0
534,1,3,2,0.052,1962,6,0.027,0
461,4,3,2,0.319,1520,6,0.027,0
441,3,3,2,0.255,2102,6,0.027,0
382,4,3,2,0.394,1733,6,0.027,0
536,1,3,2,0.16,2010,6,0.027,0
472,1,3,2,0.748,1856,6,0.027,0
419,3,3,2,0.259,2134,6,0.027,0
557,3,3,2,0.37,1838,6,0.027,0
573,1,3,2,0.108,2059,6,0.027,0
532,3,3,2,0.573,1802,6,0.027,0
506,1,3,2,0.359,1640,6,0.027,0
534,3,3,2,0.096,1895,6,0.027,0
439,3,3,2,0.39,1890,6,0.027,0
536,4,3,2,0.112,2125,6,0.027,0
525,1,3,2,0.255,1975,6,0.027,0
508,4,3,2,0.474,2314,6,0.027,0
422,3,3,2,0.876,1737,6,0.027,0
467,1,3,2,0.446,1779,6,0.027,0
528,4,3,2,0.521,2219,6,0.027,0
423,4,3,2,0.45,1966,6,0.027,0
547,1,3,2,0.609,2076,6,0.027,0
684,4,3,2,0.008,2094,6,0.027,0
432,4,3,2,0.633,1887,6,0.027,0
426,1,3,2,0.168,1949,6,0.027,0
406,4,3,2,0.187,1896,6,0.027,0
431,3,3,2,0.207,1996,6,0.027,0
594,1,3,2,0.565,1830,6,0.027,0
516,3,3,2,0.156,1927,6,0.027,0
477,4,3,2,0.083,2086,6,0.027,0
479,3,3,2,0.382,2018,6,0.027,0
376,3,3,2,0.259,1972,6,0.027,0
433,4,3,2,0.725,1680,6,0.027,0
584,3,3,2,0.629,1856,6,0.027,0
562,3,3,2,0.036,1956,6,0.027,0
430,3,3,2,0.279,1989,6,0.027,0
617,4,3,2,0.108,2113,6,0.027,0
549,3,3,2,0.705,2009,6,0.027,0
491,3,3,2,0.195,1734,6,0.027,0
569,1,3,2,0,1980,6,0.027,0
450,1,3,2,0.136,2052,6,0.027,0
744,1,3,2,0.008,1912,6,0.027,0
383,4,3,2,0.203,2129,6,0.027,0
537,4,3,2,0.215,1925,6,0.027,0
636,3,3,2,0.075,2257,6,0.027,0
555,3,3,2,0.303,1985,6,0.027,0
579,1,3,2,0.095,1878,6,0.027,0
461,3,3,2,0.394,1974,6,0.027,0
573,3,3,2,0.323,2132,6,0.027,0
402,1,3,2,0.075,2092,6,0.027,0
552,4,3,2,0.023,2001,6,0.027,0
674,1,3,2,0.191,2037,6,0.027,0
516,1,3,2,0.323,2008,6,0.027,0
551,4,3,2,0.099,2084,6,0.027,0
391,4,3,2,0.601,1811,6,0.027,0
490,4,3,2,0.144,1873,6,0.027,0
566,3,3,2,0.214,2216,6,0.027,0
424,3,3,2,0.426,1920,6,0.027,0
704,1,3,2,0.347,1936,6,0.027,0
535,1,3,2,0.335,1881,6,0.027,0
626,1,3,2,0.024,2044,6,0.027,0
571,4,3,2,0.08,2086,6,0.027,0
488,1,3,2,0.115,2224,6,0.027,0
527,4,3,2,0.557,1978,6,0.027,0
500,3,3,2,0.41,2035,6,0.027,0
697,1,3,2,0.187,2032,6,0.027,0
577,3,3,2,0.214,1940,6,0.027,0
348,4,3,2,0.526,1717,6,0.027,0
527,4,3,2,0.55,1934,6,0.027,0
485,1,3,2,0.577,1803,6,0.027,0
529,3,3,2,0.363,1768,6,0.027,0
441,1,3,2,0.526,1886,6,0.027,0
508,1,3,2,0.422,1772,6,0.027,0
437,4,3,2,0.486,2027,6,0.027,0
444,4,3,2,0.784,1755,6,0.027,0
528,1,3,2,0.096,2156,6,0.027,0
597,3,3,2,0.031,2140,6,0.027,0
634,4,3,2,0.768,2202,6,0.027,0
493,3,3,2,0.741,1741,6,0.027,0
557,4,3,2,0.179,1934,6,0.027,0
529,1,3,2,0.311,2060,6,0.027,0
470,1,3,2,0.697,1645,6,0.027,0
469,1,3,2,0.932,1870,6,0.027,0
443,3,3,2,0.498,1902,6,0.027,0
342,1,3,2,0.43,1914,6,0.027,0
479,1,3,2,0.478,2164,6,0.027,0
458,3,3,2,0.335,1928,6,0.027,0
600,1,3,2,0.418,1757,6,0.027,0
567,3,3,2,0.394,1861,6,0.027,0
576,1,3,2,0.136,1979,6,0.027,0
429,3,3,2,0.454,1913,6,0.027,0
472,4,3,2,1.158,1605,6,0.027,0
521,4,3,2,0.096,2128,6,0.027,0
573,4,3,2,0.76,1656,6,0.027,0
608,3,3,2,0.386,1900,6,0.027,0
615,4,3,2,0.644,2221,6,0.027,0
420,1,3,2,0.39,1812,6,0.027,0
528,1,3,2,0.39,2045,6,0.027,0
334,4,3,2,0.343,1939,6,0.027,0
416,3,3,2,0.12,2015,6,0.027,0
576,4,3,2,0.067,1957,6,0.027,0
375,1,3,2,0.378,1799,6,0.027,0
510,4,3,2,0.299,1974,6,0.027,0
443,3,3,2,0.621,1778,6,0.027,0
513,1,3,2,0.322,2283,6,0.027,0
480,4,3,2,0.08,2186,6,0.027,0
317,4,3,2,0.406,1674,6,0.027,0
548,4,3,2,0.577,1834,6,0.027,0
469,1,3,2,0.124,1989,6,0.027,0
447,4,3,2,0.522,2005,6,0.027,0
564,1,3,2,0.366,2202,6,0.027,0
599,3,3,2,0.088,2088,6,0.027,0
521,1,3,2,0.147,2134,6,0.027,0
551,1,3,2,0.008,2124,6,0.027,0
404,4,3,2,0.315,1777,6,0.027,0
457,1,3,2,0.39,1846,6,0.027,0
489,3,3,2,0.848,1668,6,0.027,0
537,3,3,2,0.601,1947,6,0.027,0
496,1,3,2,0.14,1986,6,0.027,0
549,3,3,2,0.04,2163,6,0.027,0
500,4,3,2,0.092,2032,6,0.027,0
551,4,3,2,0.335,1921,6,0.027,0
334,1,3,2,0.37,2038,6,0.027,0
495,1,3,2,0.278,2107,6,0.027,0
585,4,3,2,0.454,1902,6,0.027,0
473,1,3,2,0.004,2078,6,0.027,0
445,3,3,2,0.303,1947,6,0.027,0
609,4,3,2,0.219,1981,6,0.027,0
590,1,3,2,0.386,1854,6,0.027,0
418,4,3,2,0.164,2047,6,0.027,0
630,3,3,2,0.35,2224,6,0.027,0
401,4,3,2,0.733,1953,6,0.027,0
545,1,3,2,0.534,2120,6,0.027,0
340,3,3,2,0.935,1787,6,0.027,0
354,3,3,2,1.087,1406,6,0.027,0
283,4,3,2,1.158,1620,6,0.027,0
651,1,3,2,0.33,2229,6,0.027,0
533,1,3,2,0.314,2138,6,0.027,0
521,3,3,2,0.004,1855,6,0.027,0
568,4,3,2,0.557,1881,6,0.027,0
540,3,3,2,0.538,1964,6,0.027,0
602,3,3,2,0.434,1596,6,0.027,0
600,1,3,2,0.144,1933,6,0.027,0
435,1,3,2,0.665,1803,6,0.027,0
448,1,3,2,0.363,1752,6,0.027,0
598,4,3,2,0.247,1956,6,0.027,0
391,3,3,2,0.303,1896,6,0.027,0
691,3,3,2,0.294,2199,6,0.027,0
445,3,3,2,0.458,1694,6,0.027,0
560,3,3,2,0.104,2048,6,0.027,0
295,1,3,2,0.446,1616,6,0.027,0
630,3,3,2,0.076,2203,6,0.027,0
628,3,3,2,0.028,2281,6,0.027,0
636,3,3,2,0.012,1914,6,0.027,0
603,4,3,2,0.131,2062,6,0.027,0
464,1,3,2,0.378,1828,6,0.027,0
487,1,3,2,0.554,1624,6,0.027,0
372,4,3,2,1.126,1665,6,0.027,0
665,1,3,2,0.024,2086,6,0.027,0
491,1,3,2,0.47,1876,6,0.027,0
461,1,3,2,0.474,1818,6,0.027,0
477,3,3,2,0.211,1790,6,0.027,0
592,3,3,2,0.295,1960,6,0.027,0
484,4,3,2,0.339,1855,6,0.027,0
610,3,3,2,0.068,2015,6,0.027,0
426,4,3,2,0.37,2028,6,0.027,0
528,3,3,2,0,2028,6,0.027,0
446,3,3,2,0.251,1872,6,0.027,0
466,4,3,2,0.275,1883,6,0.027,0
589,1,3,2,0.314,2304,6,0.027,0
384,1,3,2,0.394,1584,6,0.027,0
455,1,3,2,0.394,2018,6,0.027,0
587,4,3,2,0.183,1827,6,0.027,0
503,4,3,2,0.075,1990,6,0.027,0
539,4,3,2,0.135,2076,6,0.027,0
437,3,3,2,0.41,1787,6,0.027,0
546,1,3,2,0.055,1907,6,0.027,0
659,1,3,2,0.326,2239,6,0.027,0
704,3,3,2,0.815,2193,6,0.027,0
497,3,3,2,0.215,1734,6,0.027,0
449,1,3,2,0.382,2024,6,0.027,0
424,4,3,2,0.701,1730,6,0.027,0
420,4,3,2,0.593,1887,6,0.027,0
537,1,3,2,0.267,1988,6,0.027,0
478,1,3,2,0.351,1986,6,0.027,0
619,1,3,2,0.116,2008,6,0.027,0
519,4,3,2,0.275,1902,6,0.027,0
601,1,3,2,0.235,2020,6,0.027,0
473,4,3,2,0.355,1967,6,0.027,0
527,1,3,2,0.665,1766,6,0.027,0
401,1,3,2,0.072,1991,6,0.027,0
565,1,3,2,0.299,2010,6,0.027,0
582,3,3,2,0.263,1862,6,0.027,0
519,4,3,2,0.156,2024,6,0.027,0
353,1,3,2,0.446,1920,6,0.027,0
536,1,3,2,0.214,2004,6,0.027,0
471,4,3,2,0.518,1755,6,0.027,0
525,3,3,2,0.673,1867,6,0.027,0
517,4,3,2,0.195,2148,6,0.027,0
574,3,3,2,0.163,2060,6,0.027,0
564,3,3,2,0.048,1981,6,0.027,0
401,3,3,2,0.331,1670,6,0.027,0
641,4,3,2,0.211,2022,6,0.027,0
473,1,3,2,0.729,1844,6,0.027,0
586,4,3,2,0.258,2075,6,0.027,0
489,4,3,2,0.032,1851,6,0.027,0
592,4,3,2,0.275,1826,6,0.027,0
509,4,3,2,0.048,2139,6,0.027,0
497,3,3,2,0.147,2109,6,0.027,0
412,1,3,2,0.075,1986,6,0.027,0
606,4,3,2,0.096,2062,6,0.027,0
452,1,3,2,0.207,1813,6,0.027,0
337,3,3,2,0.486,1920,6,0.027,0
346,3,3,2,0.633,1529,6,0.027,0
515,4,3,2,0.323,2070,6,0.027,0
476,1,3,2,0.625,1752,6,0.027,0
516,3,3,2,0.669,1765,6,0.027,0
511,3,3,2,0.179,1818,6,0.027,0
451,1,3,2,0.792,1719,6,0.027,0
424,3,3,2,0.557,1799,6,0.027,0
535,1,3,2,0.255,1956,6,0.027,0
435,4,3,2,0.207,2046,6,0.027,0
453,3,3,2,0.339,1647,6,0.027,0
557,3,3,2,0.462,1876,6,0.027,0
568,4,3,2,0.103,2133,6,0.027,0
617,3,3,2,0.164,2011,6,0.027,0
385,1,3,2,1.071,1649,6,0.027,0
468,3,3,2,0.45,2151,6,0.027,0
528,4,3,2,0.518,1783,6,0.027,0
361,4,3,2,1.071,1900,6,0.027,0
549,1,3,2,0.124,2064,6,0.027,0
403,3,3,2,0.804,1775,6,0.027,0
594,4,3,2,0.119,1865,6,0.027,0
481,4,3,2,0.394,1956,6,0.027,0
574,3,3,2,0.852,2044,6,0.027,0
437,3,3,2,0.394,1896,6,0.027,0
487,4,3,2,0.402,2027,6,0.027,0
559,1,3,2,0.203,2158,6,0.027,0
499,1,3,2,0.307,1953,6,0.027,0
609,4,3,2,0.12,2213,6,0.027,0
474,1,3,2,0.199,1875,6,0.027,0
570,4,3,2,0.363,2096,6,0.027,0
500,1,3,2,0.717,1998,6,0.027,0
578,4,3,2,0.505,2229,6,0.027,0
420,3,3,2,0.414,2139,6,0.027,0
616,3,3,2,0.027,2019,6,0.027,0
468,4,3,2,0.601,1849,6,0.027,0
463,3,3,2,0.315,1893,6,0.027,0
567,1,3,2,0.083,2104,6,0.027,0
594,1,3,2,0.286,2200,6,0.027,0
368,1,3,2,0.203,1791,6,0.027,0
492,3,3,2,0.414,1896,6,0.027,0
311,1,3,2,1.19,1703,6,0.027,0
475,3,3,2,0.554,1870,6,0.027,0
408,1,3,2,0.299,1833,6,0.027,0
520,1,3,2,0.048,2026,6,0.027,0
610,4,3,2,0.215,2281,6,0.027,0
490,3,3,2,0.824,1855,6,0.027,0
514,1,3,2,0.103,2026,6,0.027,0
543,1,3,2,0.538,1794,6,0.027,0
626,3,3,2,0.012,2032,6,0.027,0
499,4,3,2,0.235,1816,6,0.027,0
443,3,3,2,0.526,1759,6,0.027,0
650,3,3,2,0.056,2017,6,0.027,0
399,3,3,2,0.152,1988,6,0.027,0
464,3,3,2,0.39,1886,6,0.027,0
369,1,3,2,0.267,1714,6,0.027,0
424,1,3,2,0.689,1792,6,0.027,0
541,3,3,2,0.267,2027,6,0.027,0
421,3,3,2,0.577,1805,6,0.027,0
510,4,3,2,0.12,2160,6,0.027,0
568,3,3,2,0.008,2224,6,0.027,0
517,4,3,2,0.573,1756,6,0.027,0
422,3,3,2,0.585,1943,6,0.027,0
683,1,3,2,0.347,1801,6,0.027,0
615,4,3,2,0.255,1835,6,0.027,0
374,1,3,2,0.772,1849,6,0.027,0
474,4,3,2,0.557,1539,6,0.027,0
66,5,3,2,1.274,397,12,0.888,1
76,6,3,2,1.087,493,12,0.943,1
83,6,3,2,1.182,473,12,0.943,1
83,5,3,2,1.011,457,12,0.943,1
77,2,3,2,0.725,489,12,0.888,1
82,5,3,2,0.991,495,12,0.888,1
84,5,3,2,0.904,531,12,0.888,1
86,2,3,2,0.741,579,12,0.943,1
87,5,3,2,0.963,539,12,0.888,1
92,6,3,2,0.971,562,12,0.943,1
86,5,3,2,1.238,467,12,0.943,1
82,6,3,2,0.876,552,12,0.943,1
80,5,3,2,0.967,518,12,0.888,1
74,6,3,2,1.103,514,12,0.888,1
65,6,3,2,1.401,404,12,0.888,1
83,6,3,2,0.924,504,12,0.943,1
99,5,3,2,0.8,529,12,0.943,1
71,5,3,2,1.111,481,12,0.943,1
78,5,3,2,0.721,535,12,0.943,1
95,6,3,2,1.055,515,12,0.888,1
91,6,3,2,0.681,530,12,0.943,1
76,2,3,2,1.138,397,12,0.888,1
83,5,3,2,1.107,455,12,0.888,1
78,5,3,2,1.258,424,12,0.888,1
83,2,3,2,0.939,504,12,0.943,1
70,2,3,2,1.25,483,12,0.888,1
81,6,3,2,0.8,517,12,0.888,1
86,5,3,2,1.027,453,12,0.943,1
95,2,3,2,0.832,519,12,0.888,1
87,5,3,2,1.063,528,12,0.888,1
77,5,3,2,1.274,472,12,0.888,1
85,5,3,2,1.282,444,12,0.943,1
74,6,3,2,1.158,493,12,0.943,1
84,5,3,2,0.963,484,12,0.888,1
78,6,3,2,1.17,513,12,0.943,1
79,5,3,2,0.947,514,12,0.888,1
96,2,3,2,1.063,525,12,0.888,1
74,2,3,2,0.975,522,12,0.888,1
75,5,3,2,1.461,451,12,0.888,1
86,5,3,2,0.995,495,12,0.888,1
78,5,3,2,0.935,500,12,0.888,1
80,2,3,2,0.991,477,12,0.888,1
79,2,3,2,1.226,462,12,0.888,1
76,5,3,2,0.92,508,12,0.943,1
94,2,3,2,0.784,581,12,0.943,1
75,2,3,2,0.701,585,12,0.943,1
87,6,3,2,1.087,452,12,0.888,1
95,5,3,2,0.9,545,12,0.943,1
86,2,3,2,0.928,540,12,0.943,1
79,6,3,2,1.039,492,12,0.943,1
61,5,3,2,1.126,417,12,0.888,1
87,2,3,2,1.011,497,12,0.888,1
77,2,3,2,1.063,501,12,0.943,1
83,6,3,2,1.067,437,12,0.888,1
77,5,3,2,0.999,516,12,0.888,1
76,5,3,2,1.043,492,12,0.888,1
75,5,3,2,0.76,568,12,0.888,1
80,2,3,2,1.158,471,12,0.888,1
65,2,3,2,1.011,474,12,0.888,1
78,5,3,2,1.198,481,12,0.888,1
91,2,3,2,0.932,556,12,0.943,1
90,2,3,2,1.067,561,12,0.943,1
71,2,3,2,1.369,473,12,0.943,1
75,6,3,2,1.075,492,12,0.943,1
76,6,3,2,1.043,525,12,0.888,1
74,6,3,2,0.995,483,12,0.943,1
95,2,3,2,1.011,576,12,0.888,1
77,5,3,2,1.497,488,12,0.943,1
99,2,3,2,0.752,634,12,0.888,1
73,2,3,2,0.979,506,12,0.943,1
83,2,3,2,0.76,585,12,0.888,1
78,5,3,2,1.194,517,12,0.888,1
65,2,3,2,1.345,437,12,0.888,1
79,6,3,2,1.214,461,12,0.943,1
91,6,3,2,0.852,537,12,0.943,1
73,5,3,2,1.019,506,12,0.888,1
71,2,3,2,1.182,438,12,0.943,1
83,2,3,2,1.274,451,12,0.943,1
78,2,3,2,1.099,487,12,0.943,1
81,2,3,2,0.796,589,12,0.888,1
72,2,3,2,0.828,582,12,0.888,1
86,6,3,2,1.158,501,12,0.943,1
80,2,3,2,1.174,527,12,0.888,1
79,6,3,2,1.19,442,12,0.888,1
82,5,3,2,0.868,512,12,0.943,1
85,2,3,2,1.099,473,12,0.943,1
85,2,3,2,0.756,512,12,0.943,1
67,2,3,2,1.218,396,12,0.943,1
75,5,3,2,1.15,441,12,0.888,1
70,6,3,2,0.864,418,12,0.943,1
81,2,3,2,1.25,511,12,0.943,1
93,6,3,2,1.119,468,12,0.943,1
87,2,3,2,1.007,499,12,0.943,1
68,5,3,2,1.162,481,12,0.888,1
73,5,3,2,1.103,507,12,0.888,1
85,6,3,2,1.465,465,12,0.943,1
84,6,3,2,1.23,503,12,0.888,1
66,6,3,2,1.373,370,12,0.943,1
72,2,3,2,1.413,400,12,0.888,1
91,5,3,2,0.832,570,12,0.943,1
79,2,3,2,0.955,463,12,0.943,1
83,5,3,2,1.17,434,12,0.888,1
62,5,3,2,1.389,405,12,0.943,1
95,6,3,2,0.848,548,12,0.888,1
84,5,3,2,0.947,542,12,0.943,1
85,5,3,2,1.162,488,12,0.943,1
82,6,3,2,0.904,459,12,0.943,1
75,2,3,2,1.178,481,12,0.943,1
70,5,3,2,1.449,407,12,0.888,1
86,2,3,2,0.955,517,12,0.888,1
75,5,3,2,1.238,448,12,0.888,1
87,2,3,2,1.043,479,12,0.943,1
94,6,3,2,0.935,508,12,0.943,1
78,6,3,2,1.29,465,12,0.888,1
91,6,3,2,1.146,492,12,0.943,1
84,2,3,2,0.955,455,12,0.888,1
86,2,3,2,0.939,494,12,0.888,1
75,5,3,2,1.158,499,12,0.888,1
84,5,3,2,1.055,495,12,0.943,1
75,6,3,2,1.099,446,12,0.943,1
73,2,3,2,1.178,480,12,0.943,1
77,5,3,2,0.971,465,12,0.943,1
83,5,3,2,1.035,498,12,0.943,1
82,2,3,2,1.095,429,12,0.888,1
82,5,3,2,1.365,426,12,0.943,1
82,6,3,2,1.011,495,12,0.888,1
79,6,3,2,0.649,547,12,0.888,1
73,2,3,2,1.274,453,12,0.943,1
88,6,3,2,1.015,504,12,0.943,1
67,2,3,2,1.306,416,12,0.888,1
80,5,3,2,1.469,502,12,0.888,1
92,6,3,2,0.752,550,12,0.888,1
90,5,3,2,1.083,496,12,0.888,1
80,5,3,2,1.222,463,12,0.943,1
65,5,3,2,1.138,495,12,0.943,1
87,5,3,2,0.729,540,12,0.888,1
78,2,3,2,1.206,489,12,0.888,1
73,5,3,2,1.075,508,12,0.943,1
82,6,3,2,1.035,499,12,0.888,1
79,2,3,2,1.107,444,12,0.943,1
73,2,3,2,1.119,441,12,0.943,1
86,2,3,2,0.828,518,12,0.888,1
75,6,3,2,0.896,460,12,0.943,1
80,5,3,2,0.92,514,12,0.943,1
67,6,3,2,1.282,466,12,0.888,1
74,6,3,2,1.067,531,12,0.943,1
85,2,3,2,0.939,518,12,0.943,1
85,6,3,2,0.772,526,12,0.888,1
74,2,3,2,1.115,517,12,0.888,1
94,2,3,2,0.689,617,12,0.888,1
76,2,3,2,1.142,511,12,0.888,1
76,6,3,2,1.055,509,12,0.943,1
76,6,3,2,1.337,412,12,0.943,1
88,5,3,2,0.967,522,12,0.943,1
78,6,3,2,1.146,466,12,0.943,1
92,6,3,2,1.206,479,12,0.943,1
73,5,3,2,0.816,456,12,0.943,1
75,5,3,2,0.967,504,12,0.888,1
80,6,3,2,0.888,492,12,0.888,1
98,5,3,2,0.744,532,12,0.888,1
85,2,3,2,0.776,549,12,0.943,1
81,6,3,2,1.385,489,12,0.888,1
71,6,3,2,1.154,436,12,0.943,1
86,6,3,2,0.963,506,12,0.943,1
72,2,3,2,1.198,483,12,0.888,1
82,6,3,2,0.92,589,12,0.888,1
93,2,3,2,0.963,566,12,0.888,1
84,2,3,2,0.784,574,12,0.888,1
72,6,3,2,0.947,505,12,0.888,1
72,5,3,2,1.306,415,12,0.888,1
70,5,3,2,0.824,475,12,0.943,1
90,5,3,2,1.182,510,12,0.888,1
76,2,3,2,1.294,443,12,0.943,1
73,5,3,2,1.194,470,12,0.888,1
89,6,3,2,0.677,512,12,0.943,1
83,5,3,2,0.876,486,12,0.888,1
71,5,3,2,1.377,451,12,0.943,1
66,6,3,2,1.401,424,12,0.888,1
79,6,3,2,1.202,455,12,0.888,1
92,6,3,2,0.665,534,12,0.888,1
82,6,3,2,1.19,396,12,0.943,1
90,5,3,2,0.748,652,12,0.943,1
69,5,3,2,1.091,484,12,0.888,1
79,6,3,2,1.465,416,12,0.943,1
80,5,3,2,0.928,502,12,0.888,1
87,6,3,2,1.055,490,12,0.888,1
74,2,3,2,1.325,437,12,0.943,1
67,6,3,2,1.393,405,12,0.888,1
73,2,3,2,1.29,425,12,0.888,1
80,5,3,2,0.908,519,12,0.888,1
88,5,3,2,1.099,495,12,0.888,1
85,5,3,2,1.126,523,12,0.888,1
76,2,3,2,1.134,450,12,0.888,1
83,6,3,2,1.083,456,12,0.943,1
88,2,3,2,0.971,518,12,0.943,1
92,5,3,2,1.063,569,12,0.943,1
64,2,3,2,1.421,404,12,0.943,1
91,5,3,2,0.999,476,12,0.943,1
90,6,3,2,1.274,585,12,0.943,1
82,2,3,2,0.943,510,12,0.943,1
76,5,3,2,1.524,387,12,0.943,1
72,2,3,2,1.21,496,12,0.888,1
86,2,3,2,0.975,546,12,0.943,1
76,6,3,2,0.991,492,12,0.943,1
80,2,3,2,1.17,469,12,0.888,1
78,5,3,2,1.158,499,12,0.888,1
89,6,3,2,0.812,528,12,0.943,1
74,5,3,2,0.971,509,12,0.888,1
74,6,3,2,0.951,481,12,0.888,1
79,5,3,2,1.194,447,12,0.888,1
74,2,3,2,1.25,421,12,0.888,1
85,6,3,2,1.15,389,12,0.888,1
78,2,3,2,0.896,514,12,0.888,1
66,2,3,2,1.266,434,12,0.888,1
75,5,3,2,1.306,509,12,0.888,1
87,2,3,2,0.804,532,12,0.888,1
74,6,3,2,0.943,540,12,0.888,1
94,5,3,2,1.142,467,12,0.943,1
79,6,3,2,1.234,497,12,0.888,1
74,2,3,2,1.099,440,12,0.943,1
86,5,3,2,1.13,455,12,0.888,1
98,2,3,2,0.832,558,12,0.888,1
92,6,3,2,0.514,585,12,0.888,1
78,2,3,2,0.725,536,12,0.943,1
91,5,3,2,0.852,534,12,0.888,1
72,6,3,2,1.075,536,12,0.888,1
90,6,3,2,0.776,538,12,0.888,1
77,5,3,2,1.126,509,12,0.943,1
72,6,3,2,0.983,531,12,0.943,1
72,6,3,2,0.991,467,12,0.888,1
71,5,3,2,1.138,529,12,0.943,1
80,6,3,2,1.218,486,12,0.943,1
72,6,3,2,1.294,470,12,0.888,1
69,2,3,2,1.162,486,12,0.943,1
86,2,3,2,0.9,470,12,0.943,1
83,5,3,2,1.377,426,12,0.888,1
79,5,3,2,1.174,527,12,0.888,1
88,6,3,2,0.82,556,12,0.943,1
86,6,3,2,1.007,579,12,0.943,1
66,2,3,2,0.932,491,12,0.888,1
91,2,3,2,1.262,484,12,0.943,1
55,6,3,2,1.461,435,12,0.943,1
74,6,3,2,1.146,526,12,0.888,1
84,6,3,2,0.677,550,12,0.888,1
80,2,3,2,1.174,534,12,0.943,1
82,6,3,2,1.019,547,12,0.888,1
77,2,3,2,1.27,489,12,0.943,1
72,5,3,2,1.282,489,12,0.888,1
71,5,3,2,1.226,435,12,0.943,1
85,2,3,2,1.015,497,12,0.943,1
62,5,3,2,0.888,525,12,0.943,1
84,5,3,2,0.991,450,12,0.943,1
75,5,3,2,1.071,479,12,0.943,1
87,6,3,2,0.892,489,12,0.943,1
79,5,3,2,1.043,446,12,0.888,1
83,2,3,2,1.019,508,12,0.943,1
71,5,3,2,0.8,526,12,0.943,1
83,2,3,2,1.353,459,12,0.888,1
69,6,3,2,1.007,519,12,0.943,1
79,2,3,2,0.935,496,12,0.888,1
87,2,3,2,1.083,495,12,0.943,1
84,5,3,2,0.856,470,12,0.943,1
83,2,3,2,0.709,577,12,0.943,1
75,6,3,2,0.832,536,12,0.943,1
83,5,3,2,0.653,569,12,0.888,1
86,5,3,2,0.828,606,12,0.888,1
71,6,3,2,1.369,407,12,0.888,1
63,2,3,2,1.429,407,12,0.943,1
82,2,3,2,0.88,544,12,0.943,1
63,5,3,2,1.329,485,12,0.943,1
83,6,3,2,0.788,514,12,0.888,1
70,2,3,2,1.317,431,12,0.943,1
79,5,3,2,0.995,493,12,0.943,1
64,2,3,2,1.25,415,12,0.943,1
82,6,3,2,1.047,484,12,0.943,1
69,2,3,2,1.437,469,12,0.888,1
90,5,3,2,0.995,502,12,0.888,1
73,6,3,2,1.071,494,12,0.888,1
77,2,3,2,1.063,512,12,0.888,1
75,5,3,2,1.421,437,12,0.943,1
78,6,3,2,1.015,496,12,0.943,1
81,5,3,2,1.055,526,12,0.943,1
62,6,3,2,1.103,470,12,0.888,1
73,5,3,2,1.369,431,12,0.888,1
81,6,3,2,1.242,491,12,0.943,1
82,6,3,2,0.943,495,12,0.943,1
89,2,3,2,1.063,482,12,0.943,1
73,6,3,2,1.401,445,12,0.943,1
83,5,3,2,0.9,508,12,0.888,1
81,2,3,2,1.023,519,12,0.888,1
72,6,3,2,1.357,494,12,0.943,1
84,2,3,2,0.55,583,12,0.943,1
86,6,3,2,0.959,555,12,0.943,1
85,6,3,2,1.214,506,12,0.888,1
78,6,3,2,1.317,424,12,0.943,1
77,2,3,2,0.979,415,12,0.943,1
82,6,3,2,0.9,485,12,0.943,1
64,2,3,2,1.345,475,12,0.888,1
78,6,3,2,1.162,472,12,0.943,1
79,5,3,2,1.15,506,12,0.888,1
67,6,3,2,1.333,406,12,0.943,1
78,5,3,2,1.031,569,12,0.888,1
78,5,3,2,1.134,471,12,0.943,1
78,6,3,2,1.226,477,12,0.943,1
86,2,3,2,0.808,544,12,0.943,1
75,2,3,2,1.015,472,12,0.943,1
74,2,3,2,1.25,420,12,0.888,1
72,5,3,2,1.552,388,12,0.888,1
90,6,3,2,0.589,564,12,0.943,1
69,6,3,2,1.27,426,12,0.888,1
83,6,3,2,1.099,496,12,0.888,1
84,2,3,2,0.963,500,12,0.943,1
89,2,3,2,0.892,493,12,0.888,1
83,2,3,2,0.971,503,12,0.943,1
85,5,3,2,1.035,486,12,0.943,1
79,2,3,2,0.9,526,12,0.888,1
73,6,3,2,1.481,421,12,0.943,1
73,6,3,2,1.115,506,12,0.943,1
74,2,3,2,1.23,421,12,0.888,1
58,5,3,2,1.345,507,12,0.943,1
76,2,3,2,1.357,424,12,0.888,1
81,6,3,2,1.095,468,12,0.888,1
81,2,3,2,0.677,576,12,0.943,1
75,5,3,2,1.13,451,12,0.888,1
71,6,3,2,1.429,489,12,0.943,1
81,6,3,2,0.872,547,12,0.888,1
71,2,3,2,0.987,544,12,0.943,1
76,6,3,2,1.103,514,12,0.888,1
89,6,3,2,0.856,576,12,0.943,1
71,2,3,2,1.115,441,12,0.943,1
75,5,3,2,1.015,466,12,0.888,1
81,2,3,2,1.087,475,12,0.888,1
74,6,3,2,1.162,563,12,0.943,1
71,6,3,2,0.991,445,12,0.943,1
70,2,3,2,1.242,395,12,0.888,1
72,6,3,2,1.206,490,12,0.888,1
85,2,3,2,1.123,498,12,0.888,1
86,6,3,2,0.86,541,12,0.943,1
75,2,3,2,1.512,397,12,0.888,1
82,2,3,2,1.353,462,12,0.888,1
84,6,3,2,0.828,575,12,0.943,1
99,5,3,2,0.967,534,12,0.943,1
74,2,3,2,1.043,517,12,0.943,1
70,2,3,2,1.325,454,12,0.888,1
68,6,3,2,1.234,429,12,0.888,1
80,6,3,2,0.701,608,12,0.943,1
80,5,3,2,1.055,412,12,0.888,1
97,6,3,2,0.51,527,12,0.943,1
73,5,3,2,0.888,569,12,0.943,1
82,2,3,2,1.186,490,12,0.943,1
82,5,3,2,0.916,584,12,0.888,1
79,2,3,2,1.035,491,12,0.888,1
72,5,3,2,1.158,492,12,0.888,1
