Id,fixed acidity,volatile acidity,citric acid,residual sugar,chlorides,free sulfur dioxide,total sulfur dioxide,density,pH,sulphates,alcohol,quality,Type
2732,7.40,0.17,0.29,1.40,0.05,23.00,107.00,0.99,3.52,0.65,10.40,6,White Wine
2607,5.30,0.31,0.38,10.50,0.03,53.00,140.00,0.99,3.34,0.46,11.70,6,White Wine
1653,4.70,0.14,0.29,1.00,0.04,35.00,90.00,0.99,3.76,0.49,11.30,6,White Wine
3264,6.90,0.26,0.29,4.20,0.04,33.00,114.00,0.99,3.16,0.31,12.50,6,White Wine
4931,6.40,0.45,0.07,1.10,0.03,10.00,131.00,0.99,2.97,0.28,10.80,5,White Wine
4859,8.40,0.32,0.35,11.70,0.03,3.00,46.00,0.99,3.02,0.34,11.80,6,White Wine
5827,7.40,0.30,0.22,5.25,0.05,33.00,180.00,0.99,3.13,0.45,11.60,6,White Wine
1033,7.00,0.32,0.29,7.60,0.03,35.00,124.00,0.99,3.15,0.65,12.80,7,White Wine
4373,6.70,0.46,0.27,5.20,0.04,35.00,96.00,0.99,3.16,0.44,12.40,7,White Wine
5874,6.40,0.25,0.30,5.50,0.04,15.00,129.00,0.99,3.14,0.49,9.60,6,White Wine
5924,6.00,0.51,0.00,2.10,0.06,40.00,54.00,0.99,3.54,0.93,10.70,6,Red Wine
3468,7.80,0.30,0.29,16.85,0.05,23.00,135.00,1.00,3.16,0.38,9.00,6,White Wine
6458,6.70,0.31,0.31,9.90,0.04,10.00,175.00,1.00,3.46,0.55,11.40,4,White Wine
705,6.80,0.69,0.00,5.60,0.12,21.00,58.00,1.00,3.46,0.72,10.20,5,Red Wine
2599,7.30,0.48,0.32,2.10,0.06,31.00,54.00,1.00,3.30,0.65,10.00,7,Red Wine
2135,6.90,0.33,0.26,5.00,0.03,46.00,143.00,0.99,3.25,0.43,11.20,7,White Wine
2222,6.20,0.36,0.24,2.20,0.10,19.00,42.00,0.99,3.57,0.57,11.70,6,Red Wine
2897,7.10,0.38,0.40,2.20,0.04,54.00,201.00,0.99,3.03,0.50,11.40,5,White Wine
1701,9.30,0.66,0.26,2.00,0.10,5.00,35.00,1.00,3.25,0.42,9.60,5,Red Wine
537,7.80,0.25,0.34,13.70,0.04,66.00,184.00,1.00,3.22,0.75,8.90,5,White Wine
2893,7.40,0.19,0.30,12.80,0.05,48.50,229.00,1.00,3.14,0.49,9.10,7,White Wine
6216,6.50,0.22,0.19,1.10,0.06,36.00,191.00,0.99,3.05,0.50,9.50,6,White Wine
6036,8.10,0.66,0.70,2.20,0.10,25.00,129.00,1.00,3.08,0.53,9.00,5,Red Wine
2163,7.80,0.31,0.40,1.60,0.03,20.00,87.00,0.99,3.15,0.48,11.90,6,White Wine
5072,6.60,0.30,0.24,1.20,0.03,17.00,121.00,0.99,3.13,0.36,9.20,5,White Wine
4851,6.80,0.65,0.02,2.10,0.08,8.00,15.00,0.99,3.35,0.62,10.40,6,Red Wine
2046,6.10,0.59,0.01,2.10,0.06,5.00,13.00,0.99,3.52,0.56,11.40,5,Red Wine
1871,7.10,0.65,0.18,1.80,0.07,13.00,40.00,1.00,3.44,0.60,9.10,5,Red Wine
2496,6.40,0.35,0.28,1.10,0.06,9.00,160.00,0.99,3.42,0.50,9.10,7,White Wine
99,7.00,0.36,0.35,2.50,0.05,67.00,161.00,0.99,3.05,0.56,11.10,6,White Wine
2008,5.40,0.46,0.15,2.10,0.03,29.00,130.00,0.99,3.39,0.77,13.40,8,White Wine
755,7.20,0.38,0.30,1.80,0.07,31.00,70.00,1.00,3.42,0.59,9.50,6,Red Wine
797,7.40,0.16,0.30,13.70,0.06,33.00,168.00,1.00,2.90,0.44,8.70,7,White Wine
659,6.20,0.37,0.24,6.10,0.03,19.00,86.00,0.99,3.04,0.26,13.40,8,White Wine
3219,7.00,0.23,0.32,1.80,0.05,25.00,113.00,0.99,3.11,0.47,11.10,6,White Wine
423,7.40,0.79,0.19,5.20,0.09,19.00,98.00,1.00,3.16,0.52,9.57,6,Red Wine
3337,6.00,0.28,0.24,17.80,0.05,42.00,111.00,1.00,3.10,0.45,8.90,6,White Wine
2745,8.40,0.62,0.12,1.80,0.07,38.00,46.00,1.00,3.38,0.89,11.80,6,Red Wine
4735,9.60,0.38,0.42,1.90,0.07,5.00,13.00,1.00,3.15,0.75,10.50,6,Red Wine
544,5.90,0.62,0.28,3.50,0.04,55.00,152.00,0.99,3.44,0.44,12.00,6,White Wine
714,6.90,0.29,0.30,8.20,0.03,35.00,112.00,0.99,3.00,0.37,12.30,6,White Wine
2292,7.60,0.35,0.46,14.70,0.05,33.00,151.00,1.00,3.03,0.53,10.30,5,White Wine
151,6.70,0.28,0.14,1.40,0.04,64.00,159.00,0.99,3.17,0.39,10.00,5,White Wine
2723,8.20,0.64,0.27,2.00,0.10,5.00,77.00,1.00,3.13,0.62,9.10,6,Red Wine
3531,6.10,0.33,0.32,7.80,0.05,52.00,183.00,1.00,3.39,0.65,9.50,5,White Wine
2930,6.60,0.17,0.35,2.60,0.03,33.00,78.00,0.99,3.22,0.72,11.30,6,White Wine
1207,8.30,0.26,0.41,9.20,0.04,41.00,162.00,0.99,3.10,0.38,12.00,7,White Wine
6172,6.50,0.23,0.36,16.30,0.04,43.00,133.00,1.00,3.26,0.41,8.80,5,White Wine
802,6.80,0.47,0.08,2.20,0.06,18.00,38.00,1.00,3.30,0.65,9.60,6,Red Wine
2176,7.10,0.26,0.32,14.45,0.07,29.00,107.00,1.00,2.96,0.42,9.20,6,White Wine
1956,4.90,0.34,0.34,1.00,0.07,32.00,143.00,0.99,3.24,0.40,10.10,5,White Wine
6021,6.80,0.64,0.00,2.70,0.12,15.00,33.00,1.00,3.44,0.63,11.30,6,Red Wine
3622,7.60,0.95,0.03,2.00,0.09,7.00,20.00,1.00,3.20,0.56,9.60,5,Red Wine
3560,9.80,0.42,0.48,9.85,0.03,5.00,110.00,1.00,2.87,0.29,10.00,5,White Wine
756,8.30,0.26,0.31,2.00,0.03,14.00,141.00,0.99,2.95,0.77,12.20,6,White Wine
4369,6.40,0.38,0.14,2.20,0.04,15.00,25.00,1.00,3.44,0.65,11.10,6,Red Wine
6479,7.60,0.31,0.29,10.50,0.04,21.00,145.00,1.00,3.04,0.35,9.40,5,White Wine
4484,10.40,0.55,0.23,2.70,0.09,18.00,48.00,1.00,3.22,0.64,10.30,6,Red Wine
1641,7.50,0.42,0.31,1.60,0.08,15.00,42.00,1.00,3.31,0.64,9.00,5,Red Wine
3114,7.40,0.19,0.31,14.50,0.04,39.00,193.00,1.00,3.10,0.50,9.20,6,White Wine
5562,7.20,0.08,0.49,1.30,0.05,18.00,148.00,0.99,3.46,0.44,10.20,6,White Wine
4984,6.10,0.24,0.26,1.70,0.03,61.00,134.00,0.99,3.19,0.81,11.90,7,White Wine
4353,7.60,0.38,0.28,4.20,0.03,7.00,112.00,0.99,3.00,0.41,12.60,6,White Wine
5441,6.00,0.19,0.37,9.70,0.03,17.00,50.00,0.99,3.08,0.66,12.00,6,White Wine
4071,6.80,0.64,0.10,2.10,0.09,18.00,101.00,1.00,3.34,0.52,10.20,5,Red Wine
4009,6.70,0.40,0.22,8.80,0.05,24.00,113.00,1.00,3.22,0.45,9.40,5,White Wine
2105,7.30,0.21,0.49,1.80,0.04,44.00,152.00,0.99,3.32,0.44,12.60,7,White Wine
6435,8.80,0.37,0.48,2.10,0.10,39.00,145.00,1.00,3.04,1.03,9.30,5,Red Wine
3942,6.80,0.30,0.27,11.60,0.03,22.00,97.00,0.99,2.96,0.38,11.70,6,White Wine
3191,6.70,0.50,0.36,11.50,0.10,18.00,92.00,1.00,3.11,0.49,9.60,5,White Wine
430,9.30,0.20,0.33,1.70,0.05,28.00,178.00,1.00,3.16,0.43,9.00,4,White Wine
4187,8.20,0.26,0.44,1.30,0.05,7.00,69.00,0.99,3.14,0.62,10.20,4,White Wine
6016,6.60,0.20,0.14,4.40,0.18,35.00,168.00,0.99,2.93,0.45,9.40,6,White Wine
2446,7.40,0.49,0.27,2.10,0.07,14.00,25.00,0.99,3.35,0.63,12.00,6,Red Wine
2659,8.60,0.37,0.70,12.15,0.04,21.00,158.00,1.00,3.00,0.73,9.30,6,White Wine
1589,7.20,0.21,0.36,15.70,0.04,68.00,183.00,1.00,3.25,0.76,9.40,5,White Wine
2956,6.50,0.30,0.32,2.00,0.04,34.00,90.00,0.99,3.37,0.68,11.00,7,White Wine
2681,5.80,0.27,0.27,12.30,0.04,55.00,170.00,1.00,3.28,0.42,9.30,6,White Wine
4180,6.60,0.19,0.99,1.20,0.12,45.00,129.00,0.99,3.09,0.31,8.70,6,White Wine
2251,6.00,0.27,0.31,5.00,0.04,54.00,170.00,0.99,3.28,0.52,11.00,6,White Wine
4420,7.70,0.58,0.01,1.80,0.09,12.00,18.00,1.00,3.32,0.56,10.50,7,Red Wine
4870,15.60,0.69,0.76,3.70,0.10,6.00,43.00,1.00,2.95,0.68,11.20,7,Red Wine
1071,7.80,0.70,0.06,1.90,0.08,20.00,35.00,1.00,3.40,0.69,10.90,5,Red Wine
6132,6.50,0.29,0.31,1.70,0.04,24.00,79.00,0.99,3.27,0.69,11.40,7,White Wine
5251,7.40,0.24,0.26,1.60,0.06,53.00,150.00,0.99,3.18,0.50,9.90,7,White Wine
5068,6.60,0.84,0.03,2.30,0.06,32.00,48.00,1.00,3.52,0.56,12.30,7,Red Wine
1204,6.90,0.40,0.22,5.95,0.08,76.00,303.00,1.00,3.40,0.57,9.40,5,White Wine
6120,7.00,0.29,0.37,1.60,0.04,34.00,126.00,0.99,3.26,0.47,12.30,6,White Wine
3918,7.60,0.90,0.06,2.50,0.08,5.00,10.00,1.00,3.39,0.56,9.80,5,Red Wine
1167,5.70,0.21,0.37,4.50,0.04,58.00,140.00,0.99,3.29,0.62,10.60,6,White Wine
1684,6.70,0.16,0.49,2.40,0.05,57.00,187.00,1.00,3.62,0.81,10.40,6,White Wine
3299,4.90,0.34,0.34,1.00,0.07,32.00,143.00,0.99,3.24,0.40,10.10,5,White Wine
2767,6.10,0.27,0.44,6.70,0.04,61.00,230.00,1.00,3.12,0.40,8.90,5,White Wine
2957,7.90,0.42,0.49,8.20,0.06,32.00,164.00,1.00,3.29,0.60,11.20,7,White Wine
4469,7.10,0.21,0.72,1.60,0.17,65.00,120.00,0.99,2.97,0.51,9.20,5,White Wine
5973,8.70,0.45,0.40,1.50,0.07,17.00,100.00,1.00,3.27,0.57,10.10,6,White Wine
560,4.70,0.79,0.00,3.40,0.04,23.00,134.00,0.99,3.53,0.92,13.80,6,White Wine
5425,7.20,0.44,0.28,3.40,0.05,22.00,112.00,0.99,3.21,0.37,11.30,7,White Wine
1605,7.30,0.25,0.26,7.20,0.05,52.00,207.00,1.00,3.12,0.37,9.20,5,White Wine
6313,8.70,0.69,0.00,3.20,0.08,13.00,33.00,1.00,3.36,0.45,9.40,5,Red Wine
5795,7.60,0.27,0.42,2.60,0.04,29.00,110.00,0.99,3.31,0.51,12.70,6,White Wine
1472,7.60,0.40,0.27,1.20,0.05,23.00,193.00,0.99,3.22,0.38,11.60,5,White Wine
3678,6.90,0.27,0.49,23.50,0.06,59.00,235.00,1.00,2.98,0.47,8.60,5,White Wine
256,5.80,0.23,0.27,1.80,0.04,24.00,69.00,0.99,3.38,0.31,9.40,6,White Wine
6001,7.10,0.20,0.37,1.50,0.05,28.00,129.00,0.99,3.15,0.52,10.80,5,White Wine
3762,10.20,0.65,0.36,1.80,0.05,5.00,14.00,1.00,3.17,0.42,10.00,6,Red Wine
5412,6.20,0.15,0.49,0.90,0.03,17.00,51.00,0.99,3.30,0.70,9.40,6,White Wine
1954,9.50,0.59,0.44,2.30,0.07,21.00,68.00,1.00,3.46,0.63,9.50,5,Red Wine
816,6.20,0.28,0.22,7.30,0.04,26.00,157.00,1.00,3.44,0.64,9.80,7,White Wine
2435,7.70,0.24,0.31,1.30,0.05,33.00,106.00,0.99,3.22,0.55,10.80,6,White Wine
1634,6.90,0.23,0.40,7.50,0.04,50.00,151.00,0.99,3.11,0.27,11.40,6,White Wine
973,6.50,0.28,0.28,20.40,0.04,40.00,144.00,1.00,3.14,0.38,8.70,5,White Wine
4464,7.40,0.23,0.25,1.40,0.05,43.00,141.00,0.99,3.42,0.54,10.20,7,White Wine
2023,6.50,0.33,0.38,2.50,0.05,30.00,148.00,0.99,3.17,0.43,12.70,6,White Wine
2965,10.10,0.65,0.37,5.10,0.11,11.00,65.00,1.00,3.32,0.64,10.40,6,Red Wine
201,6.90,0.18,0.30,2.00,0.04,39.00,190.00,0.99,3.32,0.37,12.20,6,White Wine
2431,7.70,0.32,0.62,10.60,0.04,56.00,153.00,1.00,3.13,0.44,8.90,6,White Wine
5632,7.10,0.59,0.01,2.30,0.08,27.00,43.00,1.00,3.42,0.58,10.70,6,Red Wine
6026,8.50,0.21,0.52,1.90,0.09,9.00,23.00,1.00,3.36,0.67,10.40,5,Red Wine
2418,6.90,0.37,0.23,9.50,0.06,54.00,166.00,1.00,3.23,0.42,10.00,5,White Wine
4651,6.10,0.36,0.27,2.10,0.04,16.00,100.00,0.99,3.40,0.71,11.50,7,White Wine
5050,7.40,0.63,0.07,2.40,0.09,11.00,37.00,1.00,3.43,0.76,9.70,6,Red Wine
3455,8.10,0.43,0.42,6.60,0.03,36.00,141.00,0.99,2.98,0.39,13.30,7,White Wine
6167,7.00,0.17,0.33,4.00,0.03,17.00,127.00,0.99,3.19,0.39,10.60,7,White Wine
5819,11.10,0.31,0.53,2.20,0.06,3.00,10.00,1.00,3.02,0.83,10.90,7,Red Wine
4226,6.30,0.28,0.29,6.80,0.05,40.00,143.00,0.99,3.43,0.59,11.00,6,White Wine
6242,6.40,0.20,0.32,3.10,0.04,18.00,126.00,0.99,3.43,0.42,12.00,6,White Wine
931,7.90,0.40,0.29,1.80,0.16,1.00,44.00,1.00,3.30,0.92,9.50,6,Red Wine
6267,6.00,0.52,0.33,7.70,0.05,24.00,119.00,0.99,3.04,0.38,11.00,6,White Wine
1987,9.30,0.38,0.48,3.80,0.13,3.00,11.00,1.00,3.23,0.57,13.20,6,Red Wine
6062,7.20,0.34,0.32,2.50,0.09,43.00,113.00,1.00,3.32,0.79,11.10,5,Red Wine
2787,5.90,0.26,0.29,5.40,0.05,34.00,116.00,0.99,3.24,0.41,11.40,6,White Wine
4305,6.80,0.15,0.41,12.90,0.04,79.50,183.00,1.00,3.24,0.78,10.20,6,White Wine
2610,6.80,0.26,0.33,1.50,0.05,44.00,167.00,0.99,3.12,0.44,10.50,6,White Wine
5531,7.60,0.48,0.28,10.40,0.05,57.00,205.00,1.00,3.24,0.45,9.30,5,White Wine
4182,7.60,0.20,0.30,14.20,0.06,53.00,212.50,1.00,3.14,0.46,8.90,8,White Wine
4968,7.50,0.23,0.32,9.20,0.04,54.00,191.00,1.00,3.04,0.56,9.70,6,White Wine
2059,6.40,0.30,0.36,2.00,0.05,18.00,141.00,0.99,3.38,0.53,10.50,6,White Wine
307,7.40,0.20,0.29,1.70,0.05,16.00,100.00,0.99,3.28,0.45,10.60,6,White Wine
5200,9.10,0.76,0.68,1.70,0.41,18.00,64.00,1.00,2.90,1.33,9.10,6,Red Wine
6176,5.70,0.16,0.26,6.30,0.04,28.00,113.00,0.99,3.06,0.58,9.90,6,White Wine
5302,6.80,0.32,0.39,9.60,0.03,34.00,124.00,0.99,3.18,0.35,12.10,6,White Wine
1152,7.00,0.16,0.73,1.00,0.14,58.00,150.00,0.99,3.08,0.30,9.20,5,White Wine
275,5.70,0.27,0.32,1.20,0.05,20.00,155.00,0.99,3.80,0.41,10.20,6,White Wine
5294,7.40,0.64,0.10,2.40,0.08,16.00,33.00,1.00,3.58,0.69,10.80,7,Red Wine
5674,10.60,0.48,0.64,2.20,0.11,6.00,20.00,1.00,3.26,0.66,11.70,6,Red Wine
5491,9.90,0.35,0.55,2.10,0.06,5.00,14.00,1.00,3.26,0.79,10.60,5,Red Wine
1208,7.70,0.66,0.04,1.60,0.04,4.00,9.00,1.00,3.40,0.47,9.40,5,Red Wine
2492,6.80,0.30,0.26,20.30,0.04,45.00,150.00,1.00,3.04,0.38,12.30,6,White Wine
2536,6.80,0.18,0.21,5.40,0.05,34.00,104.00,0.99,3.30,0.43,9.40,5,White Wine
6430,8.20,0.40,0.44,2.80,0.09,11.00,43.00,1.00,3.53,0.61,10.50,6,Red Wine
5400,5.80,0.32,0.28,4.30,0.03,46.00,115.00,0.99,3.16,0.57,13.00,8,White Wine
637,8.00,0.19,0.36,1.80,0.05,16.00,84.00,0.99,3.15,0.45,9.80,7,White Wine
770,6.80,0.18,0.30,12.80,0.06,19.00,171.00,1.00,3.00,0.52,9.00,7,White Wine
94,7.20,0.23,0.39,14.20,0.06,49.00,192.00,1.00,2.98,0.48,9.00,7,White Wine
3298,6.70,0.12,0.36,2.30,0.04,43.00,125.00,0.99,3.07,0.67,10.10,7,White Wine
5995,6.20,0.28,0.33,1.70,0.03,24.00,111.00,0.99,3.24,0.50,12.10,6,White Wine
6000,7.30,0.22,0.41,15.40,0.05,55.00,191.00,1.00,3.32,0.59,8.90,6,White Wine
2344,9.10,0.28,0.49,2.00,0.06,10.00,112.00,1.00,3.15,0.46,10.10,5,White Wine
5448,7.10,0.27,0.60,2.10,0.07,17.00,25.00,1.00,3.38,0.72,10.60,6,Red Wine
3091,6.90,0.24,0.40,15.40,0.05,81.00,198.00,1.00,3.20,0.69,9.40,5,White Wine
4703,7.20,0.24,0.27,1.40,0.04,31.00,122.00,0.99,3.15,0.46,10.30,6,White Wine
3912,5.60,0.26,0.00,10.20,0.04,13.00,111.00,0.99,3.44,0.46,12.40,6,White Wine
1434,6.70,0.20,0.41,9.10,0.04,50.00,166.00,1.00,3.14,0.58,9.80,6,White Wine
5368,9.10,0.40,0.57,4.60,0.08,6.00,20.00,1.00,3.28,0.57,12.50,6,Red Wine
180,7.10,0.18,0.39,15.25,0.05,45.00,158.00,1.00,3.34,0.77,9.10,6,White Wine
2371,8.10,1.33,0.00,1.80,0.08,3.00,12.00,1.00,3.54,0.48,10.90,5,Red Wine
3854,5.00,0.55,0.14,8.30,0.03,35.00,164.00,0.99,3.53,0.51,12.50,8,White Wine
4845,5.90,0.19,0.26,7.40,0.03,33.00,123.00,0.99,3.49,0.42,10.10,6,White Wine
2187,6.70,0.41,0.27,2.60,0.03,25.00,85.00,0.99,3.05,0.34,11.70,6,White Wine
5116,6.60,0.56,0.15,10.00,0.04,38.00,157.00,1.00,3.28,0.52,9.40,5,White Wine
2646,6.60,0.29,0.44,9.00,0.05,62.00,178.00,1.00,3.02,0.45,8.90,5,White Wine
3533,6.70,0.30,0.50,12.10,0.04,38.00,127.00,1.00,3.04,0.53,8.90,6,White Wine
2937,9.60,0.77,0.12,2.90,0.08,30.00,74.00,1.00,3.30,0.64,10.40,6,Red Wine
1645,8.40,0.20,0.38,11.80,0.06,51.00,170.00,1.00,3.34,0.82,8.90,6,White Wine
4939,6.20,0.12,0.34,1.50,0.04,43.00,117.00,0.99,3.42,0.51,9.00,6,White Wine
1552,5.90,0.36,0.04,5.70,0.05,21.00,87.00,0.99,3.22,0.51,10.20,5,White Wine
3224,5.60,0.19,0.46,1.10,0.03,33.00,115.00,0.99,3.36,0.50,10.40,6,White Wine
5021,6.70,0.48,0.49,2.90,0.03,28.00,122.00,0.99,3.13,0.40,13.00,6,White Wine
2197,9.00,0.58,0.25,2.00,0.10,8.00,21.00,1.00,3.27,0.72,9.60,5,Red Wine
1134,8.50,0.19,0.49,3.50,0.04,29.00,117.00,0.99,3.14,0.51,10.10,6,White Wine
25,8.10,0.28,0.34,1.30,0.04,11.00,126.00,0.99,3.14,0.50,9.80,6,White Wine
1488,7.10,0.68,0.00,2.30,0.09,17.00,26.00,1.00,3.45,0.53,9.50,5,Red Wine
956,5.80,0.28,0.66,9.10,0.04,26.00,159.00,1.00,3.66,0.55,10.80,5,White Wine
1913,6.40,0.62,0.12,4.70,0.06,33.00,196.00,1.00,3.22,0.48,8.90,5,White Wine
2934,5.90,0.28,0.14,8.60,0.03,30.00,142.00,1.00,3.28,0.44,9.50,6,White Wine
5237,7.40,0.64,0.07,1.80,0.10,8.00,23.00,1.00,3.30,0.58,9.60,5,Red Wine
1469,5.90,0.25,0.25,11.30,0.05,30.00,165.00,1.00,3.24,0.44,9.50,6,White Wine
5715,6.40,0.86,0.03,3.20,0.07,27.00,58.00,0.99,3.61,0.49,12.70,6,Red Wine
2721,5.30,0.20,0.31,3.60,0.04,22.00,91.00,0.99,3.41,0.50,9.80,6,White Wine
1896,8.60,0.33,0.34,11.80,0.06,42.00,240.00,1.00,3.17,0.52,10.00,6,White Wine
928,8.30,0.40,0.41,8.20,0.05,15.00,122.00,1.00,3.39,0.49,9.30,5,White Wine
5627,6.10,0.21,0.40,1.40,0.07,40.50,165.00,0.99,3.25,0.59,11.90,6,Red Wine
2811,6.60,0.56,0.16,3.10,0.04,28.00,92.00,0.99,3.12,0.35,9.10,6,White Wine
6265,7.60,0.36,0.49,11.30,0.05,87.00,221.00,1.00,3.01,0.43,9.20,5,White Wine
5446,6.20,0.20,0.28,1.10,0.04,24.00,78.00,0.99,3.36,0.47,12.10,6,White Wine
469,5.90,0.32,0.19,14.50,0.04,37.00,115.00,1.00,3.16,0.43,10.30,5,White Wine
2335,7.00,0.20,0.40,1.10,0.06,30.00,93.00,0.99,3.03,0.38,9.20,6,White Wine
525,6.90,0.34,0.49,7.30,0.04,61.00,206.00,1.00,3.09,0.40,9.00,6,White Wine
1863,6.50,0.26,0.27,12.90,0.04,69.00,215.00,1.00,3.17,0.43,10.00,6,White Wine
1720,8.50,0.28,0.34,13.80,0.04,32.00,161.00,1.00,3.13,0.40,9.90,6,White Wine
5272,6.50,0.17,0.31,1.50,0.04,34.00,121.00,0.99,3.06,0.46,10.50,6,White Wine
591,10.30,0.32,0.45,6.40,0.07,5.00,13.00,1.00,3.23,0.82,12.60,8,Red Wine
6185,6.80,0.19,0.40,9.85,0.06,41.00,103.00,1.00,2.98,0.56,10.50,6,White Wine
2322,7.10,0.27,0.31,18.20,0.05,55.00,252.00,1.00,3.07,0.56,8.70,5,White Wine
3510,6.50,0.63,0.33,1.80,0.06,16.00,28.00,1.00,3.36,0.64,10.10,6,Red Wine
207,6.20,0.25,0.25,1.40,0.03,35.00,105.00,0.99,3.30,0.44,11.10,7,White Wine
4262,7.10,0.23,0.35,16.50,0.04,60.00,171.00,1.00,3.16,0.59,9.10,6,White Wine
6255,12.40,0.35,0.49,2.60,0.08,27.00,69.00,1.00,3.12,0.75,10.40,6,Red Wine
3421,8.20,0.27,0.43,1.60,0.04,31.00,128.00,0.99,3.10,0.50,12.30,6,White Wine
4089,8.20,0.34,1.00,18.20,0.05,55.00,205.00,1.00,2.96,0.43,9.60,5,White Wine
5249,7.70,0.71,0.01,2.10,0.06,31.00,43.00,0.99,3.41,0.57,11.80,6,Red Wine
1910,6.90,0.25,0.24,3.60,0.06,13.00,85.00,0.99,2.99,0.48,9.50,4,White Wine
2860,7.00,0.36,0.32,10.50,0.04,35.00,135.00,0.99,3.09,0.33,11.60,8,White Wine
216,7.00,0.35,0.17,1.10,0.05,7.00,119.00,0.99,3.13,0.36,9.70,6,White Wine
24,7.30,0.28,0.36,12.70,0.04,38.00,140.00,1.00,3.30,0.79,9.60,6,White Wine
4163,7.40,0.64,0.07,1.80,0.10,8.00,23.00,1.00,3.30,0.58,9.60,5,Red Wine
3026,5.40,0.59,0.10,2.80,0.04,26.00,80.00,0.99,3.36,0.38,9.30,5,White Wine
5103,6.20,0.51,0.14,1.90,0.06,15.00,34.00,0.99,3.48,0.57,11.50,6,Red Wine
2282,7.40,0.23,0.38,8.60,0.05,41.00,150.00,1.00,3.06,0.46,10.30,5,White Wine
1740,7.20,0.16,0.29,1.00,0.03,40.00,123.00,0.99,3.12,0.40,12.10,7,White Wine
6118,6.00,0.67,0.07,1.20,0.06,9.00,108.00,0.99,3.11,0.35,8.70,4,White Wine
4387,6.40,0.31,0.31,12.90,0.04,55.00,161.00,1.00,3.02,0.59,10.20,5,White Wine
5846,7.00,0.30,0.27,1.50,0.08,24.00,145.00,0.99,3.10,0.52,10.10,5,White Wine
5118,7.40,0.22,0.33,2.00,0.04,31.00,101.00,0.99,3.42,0.55,11.40,5,White Wine
3781,9.00,0.82,0.05,2.40,0.08,26.00,96.00,1.00,3.36,0.53,10.00,5,Red Wine
2775,5.60,0.26,0.27,10.60,0.03,27.00,119.00,0.99,3.40,0.34,10.70,7,White Wine
2603,6.70,0.27,0.31,15.70,0.04,44.00,179.00,1.00,3.26,0.56,9.60,5,White Wine
5736,6.10,0.28,0.16,1.30,0.06,36.00,126.00,0.99,3.13,0.46,8.70,6,White Wine
6356,8.40,0.56,0.04,2.00,0.08,10.00,22.00,1.00,3.22,0.44,9.60,5,Red Wine
1162,6.80,0.22,0.35,17.50,0.04,38.00,153.00,1.00,3.24,0.42,9.00,6,White Wine
5814,7.30,0.22,0.49,9.90,0.03,48.00,161.00,0.99,3.01,0.28,11.20,6,White Wine
4075,6.80,0.27,0.42,7.30,0.05,58.00,200.00,1.00,3.12,0.49,9.40,6,White Wine
5541,6.30,0.27,0.25,5.80,0.04,52.00,155.00,0.99,3.28,0.38,9.40,6,White Wine
623,7.10,0.17,0.40,14.55,0.05,47.00,156.00,1.00,3.34,0.78,9.10,6,White Wine
5659,6.40,0.33,0.30,7.20,0.04,42.00,168.00,0.99,3.22,0.49,11.10,6,White Wine
4051,10.30,0.41,0.42,2.40,0.21,6.00,14.00,1.00,3.19,0.62,9.50,6,Red Wine
1241,6.80,0.32,0.28,4.80,0.03,25.00,100.00,0.99,3.08,0.47,12.40,7,White Wine
2711,5.00,0.33,0.16,1.50,0.05,10.00,97.00,0.99,3.48,0.44,10.70,6,White Wine
821,9.30,0.43,0.44,1.90,0.09,9.00,22.00,1.00,3.28,0.55,9.50,5,Red Wine
4403,9.40,0.27,0.53,2.40,0.07,6.00,18.00,1.00,3.20,1.13,12.00,7,Red Wine
1198,7.50,0.17,0.71,11.80,0.04,52.00,148.00,1.00,3.03,0.46,8.90,5,White Wine
5268,6.90,0.32,0.26,8.30,0.05,32.00,180.00,1.00,3.25,0.51,9.20,6,White Wine
2997,4.40,0.54,0.09,5.10,0.04,52.00,97.00,0.99,3.41,0.40,12.20,7,White Wine
5661,5.80,0.30,0.42,1.10,0.04,19.00,113.00,0.99,3.10,0.46,12.60,7,White Wine
2595,9.40,0.40,0.47,2.50,0.09,6.00,20.00,1.00,3.15,0.50,10.50,5,Red Wine
807,7.80,0.82,0.29,4.30,0.08,21.00,64.00,1.00,3.16,0.53,9.40,5,Red Wine
3465,7.70,0.39,0.12,1.70,0.10,19.00,27.00,1.00,3.16,0.49,9.40,5,Red Wine
2121,7.50,0.15,0.38,1.80,0.05,19.00,101.00,0.99,3.24,0.44,10.00,5,White Wine
4393,7.20,0.20,0.61,16.20,0.04,14.00,103.00,1.00,3.06,0.36,9.20,6,White Wine
3886,7.40,0.25,0.36,2.05,0.05,31.00,100.00,0.99,3.19,0.44,10.80,6,White Wine
730,6.60,0.24,0.38,8.00,0.04,56.00,187.00,1.00,3.21,0.46,9.20,5,White Wine
6066,6.70,0.22,0.39,10.20,0.04,60.00,149.00,1.00,3.17,0.54,10.00,7,White Wine
1795,7.00,0.23,0.33,1.00,0.04,46.00,110.00,0.99,3.04,0.65,10.80,6,White Wine
1823,6.10,0.34,0.46,4.70,0.03,21.00,94.00,0.99,3.29,0.62,12.30,6,White Wine
3466,7.60,0.26,0.58,7.90,0.04,62.00,180.00,1.00,3.07,0.38,9.00,5,White Wine
3611,7.40,0.29,0.48,12.80,0.04,61.50,182.00,1.00,3.02,0.34,8.80,5,White Wine
4525,7.80,0.44,0.28,2.70,0.10,18.00,95.00,1.00,3.22,0.67,9.40,5,Red Wine
199,7.90,0.37,0.30,2.70,0.03,64.00,158.00,0.99,3.12,0.59,12.00,7,White Wine
1447,7.00,0.21,0.37,7.20,0.04,36.00,167.00,1.00,3.26,0.56,9.80,6,White Wine
5181,5.70,0.14,0.30,5.40,0.04,26.00,105.00,0.99,3.32,0.45,9.30,5,White Wine
2389,7.70,0.31,0.26,7.80,0.03,23.00,90.00,0.99,3.13,0.50,10.40,5,White Wine
4961,6.80,0.34,0.74,2.80,0.09,23.00,185.00,0.99,3.51,0.70,12.00,6,White Wine
3116,6.50,0.22,0.25,17.10,0.05,44.00,138.00,1.00,3.30,0.37,8.80,5,White Wine
2850,6.60,0.42,0.33,2.80,0.03,15.00,85.00,0.99,3.28,0.51,13.40,6,White Wine
5208,5.70,0.28,0.28,2.20,0.02,15.00,65.00,0.99,3.06,0.52,11.20,6,White Wine
6177,7.20,0.15,0.38,1.20,0.04,18.00,110.00,0.99,3.19,0.43,11.10,6,White Wine
6376,6.90,0.14,0.38,1.00,0.04,22.00,81.00,0.99,3.03,0.54,11.40,6,White Wine
4863,5.00,0.35,0.25,7.80,0.03,24.00,116.00,0.99,3.39,0.40,11.30,6,White Wine
6180,6.60,0.26,0.46,6.90,0.05,59.00,183.00,1.00,3.20,0.45,9.30,5,White Wine
1792,8.50,0.47,0.27,1.90,0.06,18.00,38.00,1.00,3.16,0.85,11.10,6,Red Wine
1483,5.90,0.31,0.30,7.70,0.05,60.00,206.00,0.99,3.20,0.39,9.60,6,White Wine
6434,6.30,0.27,0.25,5.80,0.04,52.00,155.00,0.99,3.28,0.38,9.40,6,White Wine
197,6.10,0.27,0.32,1.10,0.03,24.00,110.00,0.99,3.36,0.40,12.50,6,White Wine
894,7.50,0.27,0.36,7.00,0.04,45.00,164.00,0.99,3.03,0.33,11.00,5,White Wine
6069,7.70,0.57,0.21,1.50,0.07,4.00,9.00,0.99,3.16,0.54,9.80,6,Red Wine
5374,6.70,0.16,0.37,1.30,0.04,45.00,125.00,0.99,3.19,0.51,12.40,7,White Wine
5566,6.70,0.27,0.12,1.30,0.04,62.00,138.00,0.99,3.21,0.42,10.00,6,White Wine
136,6.00,0.24,0.32,6.30,0.03,34.00,129.00,0.99,3.52,0.41,10.40,5,White Wine
2237,11.50,0.42,0.48,2.60,0.08,8.00,20.00,1.00,3.09,0.53,11.00,5,Red Wine
6273,5.70,0.36,0.34,4.20,0.03,21.00,77.00,0.99,3.41,0.45,11.90,6,White Wine
2257,7.40,0.16,0.30,1.40,0.06,34.00,166.00,0.99,3.11,0.42,11.43,6,White Wine
1392,7.90,0.18,0.40,2.20,0.05,38.00,67.00,1.00,3.33,0.93,11.30,5,Red Wine
5496,6.00,0.28,0.25,1.80,0.04,8.00,108.00,0.99,3.08,0.55,9.00,5,White Wine
3419,6.40,0.28,0.41,6.80,0.04,61.00,216.00,1.00,3.09,0.46,9.40,5,White Wine
168,7.30,0.18,0.65,1.40,0.05,28.00,157.00,0.99,3.33,0.62,9.40,6,White Wine
6004,7.00,0.32,0.34,1.30,0.04,20.00,69.00,0.99,3.31,0.65,12.00,7,White Wine
2852,7.60,0.32,0.36,1.60,0.04,32.00,155.00,0.99,3.23,0.52,11.30,6,White Wine
4272,9.50,0.39,0.41,8.90,0.07,18.00,39.00,1.00,3.29,0.81,10.90,7,Red Wine
1561,6.20,0.21,0.52,6.50,0.05,28.00,123.00,0.99,3.22,0.49,9.90,6,White Wine
4419,6.70,0.16,0.64,2.10,0.06,24.00,52.00,0.99,3.34,0.71,11.20,6,Red Wine
508,7.90,0.19,0.45,1.50,0.04,17.00,96.00,0.99,3.13,0.39,11.00,6,White Wine
3186,6.40,0.17,0.27,6.70,0.04,88.00,223.00,0.99,3.28,0.35,10.20,6,White Wine
5918,5.80,0.13,0.22,12.70,0.06,24.00,183.00,1.00,3.32,0.42,11.70,6,White Wine
5149,7.60,0.67,0.10,1.50,0.07,27.00,55.00,1.00,3.39,0.51,9.30,5,Red Wine
1777,6.80,0.15,0.41,12.90,0.04,79.50,182.00,1.00,3.24,0.78,10.20,6,White Wine
3361,7.90,0.18,0.33,1.20,0.03,20.00,72.00,0.99,3.12,0.38,10.50,7,White Wine
146,6.60,0.25,0.36,8.10,0.04,54.00,180.00,1.00,3.08,0.42,9.20,5,White Wine
5393,6.40,0.27,0.45,8.30,0.05,52.00,196.00,1.00,3.18,0.48,9.50,5,White Wine
4317,6.80,0.26,0.22,7.70,0.05,57.00,210.00,1.00,3.10,0.47,9.00,5,White Wine
6484,6.80,0.27,0.35,7.80,0.05,76.00,197.00,1.00,3.24,0.43,9.50,6,White Wine
4605,7.20,0.23,0.39,2.30,0.03,29.00,102.00,0.99,3.26,0.54,12.30,7,White Wine
2562,7.10,0.72,0.00,1.80,0.12,6.00,14.00,1.00,3.45,0.58,9.80,5,Red Wine
6213,6.40,0.23,0.33,1.15,0.04,15.50,217.50,0.99,3.33,0.44,11.00,6,White Wine
5477,6.90,0.38,0.25,9.80,0.04,28.00,191.00,1.00,3.28,0.61,9.20,5,White Wine
908,6.50,0.34,0.36,11.00,0.05,53.00,247.00,1.00,3.44,0.55,9.30,6,White Wine
4652,9.20,0.34,0.27,1.20,0.03,17.00,73.00,0.99,3.08,0.39,10.80,5,White Wine
4981,9.10,0.77,0.04,1.60,0.08,4.00,14.00,1.00,3.29,0.54,9.70,4,Red Wine
2813,6.80,0.63,0.04,1.30,0.06,25.00,133.00,0.99,3.17,0.39,10.20,4,White Wine
5442,6.70,0.35,0.32,9.00,0.03,29.00,113.00,0.99,3.13,0.65,12.90,7,White Wine
3695,7.20,0.25,0.28,14.40,0.06,55.00,205.00,1.00,3.12,0.38,9.00,7,White Wine
6235,6.90,0.58,0.20,1.75,0.06,8.00,22.00,0.99,3.38,0.49,11.70,5,Red Wine
3413,5.80,0.58,0.00,1.50,0.02,33.00,96.00,0.99,3.29,0.38,12.40,6,White Wine
3623,6.80,0.27,0.22,8.10,0.03,55.00,203.00,1.00,3.19,0.52,8.90,5,White Wine
3734,7.40,0.53,0.12,1.90,0.17,4.00,12.00,1.00,3.26,0.86,9.20,5,Red Wine
3486,8.20,0.34,0.49,8.00,0.05,55.00,223.00,1.00,3.08,0.52,10.70,6,White Wine
3729,7.60,0.31,0.34,2.50,0.08,26.00,35.00,0.99,3.22,0.59,12.50,7,Red Wine
967,8.20,0.23,0.37,1.30,0.04,39.00,117.00,0.99,2.99,0.36,10.00,5,White Wine
4370,7.10,0.21,0.40,1.20,0.07,24.00,156.00,0.99,3.42,0.43,10.60,6,White Wine
860,6.50,0.22,0.45,8.00,0.05,52.00,196.00,1.00,3.23,0.48,9.10,6,White Wine
6187,7.10,0.59,0.02,2.30,0.08,24.00,94.00,1.00,3.55,0.53,9.70,6,Red Wine
5203,6.60,0.58,0.02,2.40,0.07,19.00,40.00,0.99,3.38,0.66,12.60,6,Red Wine
433,6.60,0.32,0.27,10.90,0.04,37.00,146.00,1.00,3.24,0.47,10.00,5,White Wine
4905,5.60,0.29,0.05,0.80,0.04,11.00,30.00,0.99,3.36,0.35,9.20,5,White Wine
6237,6.00,0.50,0.00,1.40,0.06,15.00,26.00,0.99,3.36,0.45,9.50,5,Red Wine
1429,6.70,0.44,0.31,1.90,0.03,41.00,104.00,0.99,3.29,0.62,12.60,7,White Wine
4297,8.30,0.39,0.70,10.60,0.04,33.00,169.00,1.00,3.09,0.57,9.40,5,White Wine
3929,6.50,0.18,0.41,14.20,0.04,47.00,129.00,1.00,3.28,0.72,10.30,7,White Wine
2546,7.90,0.18,0.37,1.20,0.04,16.00,75.00,0.99,3.18,0.63,10.80,5,White Wine
6107,8.40,0.19,0.43,2.10,0.05,20.00,104.00,0.99,2.85,0.46,9.50,5,White Wine
329,7.10,0.24,0.41,17.80,0.05,39.00,145.00,1.00,3.32,0.39,8.70,5,White Wine
3612,8.10,0.38,0.48,1.80,0.16,5.00,17.00,1.00,3.30,1.05,9.40,5,Red Wine
209,8.60,0.80,0.11,2.30,0.08,12.00,31.00,1.00,3.40,0.48,9.90,5,Red Wine
6074,6.00,0.29,0.21,15.55,0.04,20.00,142.00,1.00,3.11,0.54,10.10,6,White Wine
3968,7.30,0.26,0.31,1.60,0.04,39.00,173.00,0.99,3.19,0.51,11.40,6,White Wine
1040,5.60,0.50,0.09,2.30,0.05,17.00,99.00,0.99,3.63,0.63,13.00,5,Red Wine
6250,7.00,0.50,0.14,1.80,0.08,10.00,23.00,1.00,3.53,0.61,10.40,5,Red Wine
164,6.80,0.57,0.29,2.20,0.04,15.00,77.00,0.99,3.32,0.74,10.20,5,White Wine
606,6.50,0.29,0.30,9.15,0.05,25.00,166.00,0.99,3.24,0.56,11.33,6,White Wine
5311,7.00,0.13,0.37,12.85,0.04,36.00,105.00,1.00,3.05,0.55,10.70,6,White Wine
1219,6.80,0.18,0.30,12.80,0.06,19.00,171.00,1.00,3.00,0.52,9.00,7,White Wine
1331,6.60,0.19,0.35,1.50,0.04,37.00,107.00,0.99,3.18,0.68,12.00,7,White Wine
4232,9.30,0.34,0.49,7.30,0.05,30.00,146.00,1.00,3.17,0.61,10.20,5,White Wine
952,4.20,0.21,0.23,5.10,0.04,64.00,157.00,1.00,3.42,0.44,8.00,3,White Wine
4955,6.70,0.46,0.24,1.70,0.08,18.00,34.00,0.99,3.39,0.60,10.60,6,Red Wine
3165,8.20,0.37,0.27,1.70,0.03,10.00,59.00,0.99,2.97,0.48,10.40,5,White Wine
6011,5.30,0.58,0.07,7.10,0.04,34.00,145.00,0.99,3.34,0.57,9.70,6,White Wine
2798,7.20,0.62,0.06,2.70,0.08,15.00,85.00,1.00,3.51,0.54,9.50,5,Red Wine
5207,6.50,0.19,0.34,1.60,0.03,39.00,116.00,0.99,3.21,0.68,12.50,6,White Wine
160,7.90,0.69,0.21,2.10,0.08,33.00,141.00,1.00,3.25,0.51,9.90,5,Red Wine
2195,6.10,0.31,0.37,8.40,0.03,70.00,170.00,0.99,3.42,0.40,11.70,8,White Wine
4680,8.70,0.30,0.59,1.70,0.05,10.00,70.00,0.99,3.06,0.56,10.80,4,White Wine
1111,5.80,0.22,0.29,0.90,0.03,34.00,89.00,0.99,3.14,0.36,11.10,7,White Wine
3085,5.80,0.29,0.15,1.10,0.03,12.00,83.00,0.99,3.30,0.40,11.40,6,White Wine
5713,8.40,0.65,0.60,2.10,0.11,12.00,90.00,1.00,3.20,0.52,9.20,5,Red Wine
5240,6.70,0.33,0.42,6.40,0.06,27.00,151.00,1.00,3.16,0.44,9.60,5,White Wine
1908,9.90,0.54,0.26,2.00,0.11,7.00,60.00,1.00,2.94,0.98,10.20,5,Red Wine
2999,7.30,0.18,0.65,1.40,0.05,28.00,157.00,0.99,3.33,0.62,9.40,6,White Wine
2763,8.10,0.38,0.28,2.10,0.07,13.00,30.00,1.00,3.23,0.73,9.70,7,Red Wine
732,8.20,0.23,0.40,7.50,0.05,12.00,76.00,1.00,3.06,0.84,9.70,6,White Wine
5028,7.30,0.18,0.29,1.00,0.04,26.00,101.00,0.99,3.09,0.37,11.70,6,White Wine
281,7.00,0.17,0.37,1.50,0.03,26.00,75.00,0.99,3.30,0.46,10.80,7,White Wine
4896,8.20,0.24,0.30,2.30,0.05,23.00,106.00,0.99,2.98,0.50,10.00,5,White Wine
4566,6.80,0.15,0.30,5.30,0.05,40.00,127.00,0.99,3.40,0.39,9.70,6,White Wine
1308,6.00,0.26,0.15,1.20,0.05,35.00,124.00,0.99,3.08,0.46,8.80,5,White Wine
3396,7.70,0.16,0.41,1.70,0.05,60.00,173.00,0.99,3.24,0.66,11.20,7,White Wine
5654,6.00,0.34,0.29,6.10,0.05,29.00,134.00,0.99,3.48,0.57,10.70,6,White Wine
5347,6.80,0.28,0.39,1.40,0.04,15.00,115.00,0.99,3.27,0.72,11.70,5,White Wine
595,7.80,0.56,0.19,2.10,0.08,15.00,105.00,1.00,3.33,0.54,9.50,5,Red Wine
647,6.40,0.39,0.21,1.20,0.04,35.00,136.00,0.99,3.15,0.46,10.20,5,White Wine
4040,6.50,0.18,0.34,1.60,0.04,43.00,148.00,0.99,3.32,0.59,11.50,8,White Wine
573,6.70,0.21,0.32,5.40,0.05,29.00,140.00,0.99,3.39,0.46,9.70,6,White Wine
5637,5.70,0.24,0.47,6.30,0.07,35.00,182.00,0.99,3.11,0.46,9.73,5,White Wine
3208,6.80,0.24,0.40,1.80,0.05,34.00,105.00,0.99,3.13,0.49,12.80,8,White Wine
3279,8.30,0.21,0.49,19.80,0.05,50.00,231.00,1.00,2.99,0.54,9.20,5,White Wine
5259,7.80,0.28,0.22,1.40,0.06,24.00,130.00,0.99,3.28,0.48,9.50,5,White Wine
1028,8.30,0.20,0.49,1.70,0.04,34.00,169.00,0.99,3.05,0.37,10.10,5,White Wine
4444,5.40,0.46,0.15,2.10,0.03,29.00,130.00,0.99,3.39,0.77,13.40,8,White Wine
2989,6.70,0.45,0.30,5.30,0.04,27.00,165.00,0.99,3.12,0.46,12.20,6,White Wine
5402,8.50,0.19,0.48,1.10,0.03,23.00,58.00,0.99,2.90,0.50,10.50,6,White Wine
586,7.10,0.37,0.67,10.50,0.04,49.00,155.00,1.00,3.16,0.44,8.70,5,White Wine
5940,8.60,0.16,0.38,3.40,0.04,41.00,143.00,0.99,2.95,0.39,10.20,6,White Wine
5102,8.30,0.33,0.42,2.30,0.07,9.00,20.00,0.99,3.38,0.77,12.70,7,Red Wine
3291,7.10,0.23,0.39,13.70,0.06,26.00,172.00,1.00,2.90,0.46,9.00,6,White Wine
2867,7.70,0.39,0.12,1.70,0.10,19.00,27.00,1.00,3.16,0.49,9.40,5,Red Wine
739,6.80,0.25,0.34,14.00,0.03,47.00,133.00,1.00,3.37,0.50,12.20,7,White Wine
4969,7.20,0.20,0.61,16.20,0.04,14.00,103.00,1.00,3.06,0.36,9.20,6,White Wine
4882,6.50,0.33,0.28,6.10,0.02,41.00,103.00,0.99,3.24,0.32,12.20,6,White Wine
3445,7.30,0.23,0.41,14.60,0.05,73.00,223.00,1.00,3.16,0.71,9.40,6,White Wine
5410,9.20,0.32,0.42,1.30,0.05,14.00,186.00,0.99,3.08,0.48,9.60,5,White Wine
437,5.70,0.10,0.27,1.30,0.05,21.00,100.00,0.99,3.27,0.46,9.50,5,White Wine
3898,6.50,0.24,0.24,1.60,0.05,15.00,60.00,0.99,3.19,0.39,9.80,5,White Wine
4011,7.00,0.24,0.34,1.40,0.03,27.00,107.00,0.99,3.06,0.39,11.90,6,White Wine
1847,8.20,0.38,0.49,13.60,0.04,58.00,166.00,1.00,3.10,0.54,9.40,5,White Wine
1532,7.40,0.37,0.43,2.60,0.08,18.00,82.00,1.00,3.33,0.68,9.70,6,Red Wine
1020,6.40,0.21,0.28,5.90,0.05,29.00,101.00,0.99,3.15,0.40,11.00,6,White Wine
941,5.90,0.37,0.14,6.30,0.04,34.00,185.00,0.99,3.17,0.63,9.80,5,White Wine
2903,6.90,0.25,0.24,1.80,0.05,6.00,121.00,0.99,3.23,0.70,11.40,5,White Wine
449,7.40,0.24,0.29,10.10,0.05,21.00,105.00,1.00,3.13,0.35,9.50,5,White Wine
3398,5.00,0.29,0.54,5.70,0.04,54.00,155.00,0.99,3.27,0.34,12.90,8,White Wine
5610,6.50,0.27,0.26,11.00,0.03,2.00,82.00,0.99,3.07,0.36,11.20,5,White Wine
3125,7.00,0.27,0.74,1.50,0.04,27.00,122.00,0.99,3.35,0.48,11.20,6,White Wine
2107,7.80,0.24,0.32,12.20,0.05,42.00,138.00,1.00,3.01,0.54,8.80,5,White Wine
6480,7.20,0.21,0.37,1.60,0.05,23.00,94.00,0.99,3.16,0.48,10.90,7,White Wine
1690,10.20,0.44,0.88,6.20,0.05,20.00,124.00,1.00,2.99,0.51,9.90,4,White Wine
5756,7.80,0.18,0.31,12.20,0.05,46.00,140.00,1.00,3.06,0.53,8.90,6,White Wine
4259,6.80,0.32,0.43,1.60,0.05,4.00,65.00,0.99,3.27,0.47,10.70,5,White Wine
3642,6.60,0.61,0.00,1.60,0.07,4.00,8.00,0.99,3.33,0.37,10.40,4,Red Wine
945,7.60,0.23,0.26,15.30,0.07,32.00,166.00,1.00,3.03,0.44,9.20,4,White Wine
5226,7.50,0.20,0.47,16.90,0.05,51.00,188.00,1.00,3.09,0.62,9.30,5,White Wine
1805,8.20,0.28,0.42,1.80,0.03,30.00,93.00,0.99,3.09,0.39,11.40,5,White Wine
1862,6.45,0.14,0.42,1.20,0.05,51.00,129.00,0.99,3.27,0.69,11.10,7,White Wine
550,7.00,0.44,0.24,12.10,0.06,68.00,210.00,1.00,3.05,0.50,9.50,5,White Wine
3751,6.60,0.20,0.14,4.40,0.18,35.00,168.00,0.99,2.93,0.45,9.40,6,White Wine
1672,13.00,0.32,0.65,2.60,0.09,15.00,47.00,1.00,3.05,0.61,10.60,5,Red Wine
2040,6.30,0.27,0.37,7.90,0.05,58.00,215.00,1.00,3.19,0.48,9.50,6,White Wine
903,7.40,0.16,0.27,15.50,0.05,25.00,135.00,1.00,2.90,0.43,8.70,7,White Wine
5840,12.40,0.40,0.51,2.00,0.06,6.00,24.00,1.00,3.04,0.60,9.30,6,Red Wine
504,9.90,0.44,0.46,2.20,0.09,10.00,41.00,1.00,3.18,0.69,11.90,6,Red Wine
6105,6.80,0.83,0.09,1.80,0.07,4.00,25.00,1.00,3.38,0.45,9.60,5,Red Wine
5896,7.70,0.27,0.61,12.00,0.05,64.00,179.00,1.00,3.07,0.46,8.90,5,White Wine
3811,6.10,0.32,0.24,1.50,0.04,38.00,124.00,0.99,3.29,0.42,12.40,7,White Wine
1479,6.10,0.20,0.17,1.60,0.05,46.00,129.00,0.99,3.30,0.43,11.40,6,White Wine
5593,8.00,0.38,0.44,1.90,0.10,6.00,15.00,1.00,3.30,0.64,11.40,6,Red Wine
5692,7.50,0.17,0.32,1.70,0.04,51.00,148.00,0.99,3.21,0.44,11.50,7,White Wine
4496,10.50,0.43,0.35,3.30,0.09,24.00,70.00,1.00,3.21,0.69,10.50,6,Red Wine
3128,5.00,0.33,0.16,1.50,0.05,10.00,97.00,0.99,3.48,0.44,10.70,6,White Wine
3821,7.30,0.42,0.38,6.80,0.04,29.00,122.00,0.99,3.19,0.37,12.60,7,White Wine
280,5.90,0.30,0.23,4.20,0.04,42.00,119.00,0.99,3.15,0.50,11.00,5,White Wine
2660,7.90,0.66,0.00,1.40,0.10,6.00,13.00,1.00,3.43,0.58,9.50,5,Red Wine
5100,7.60,0.20,0.31,1.40,0.05,41.00,142.00,0.99,3.43,0.53,10.10,6,White Wine
2353,6.00,0.28,0.35,1.90,0.04,16.00,120.00,0.99,3.16,0.69,10.60,5,White Wine
2391,6.10,0.40,0.18,9.00,0.05,28.50,259.00,1.00,3.19,0.50,8.80,5,White Wine
5662,7.40,0.20,0.37,16.95,0.05,43.00,190.00,1.00,3.03,0.42,9.20,6,White Wine
153,7.90,0.65,0.01,2.50,0.08,17.00,38.00,1.00,3.34,0.74,11.70,7,Red Wine
3860,6.10,0.36,0.26,8.15,0.04,14.00,88.00,0.99,3.06,0.27,13.00,7,White Wine
2405,6.20,0.17,0.30,1.10,0.04,14.00,79.00,0.99,3.50,0.54,10.30,6,White Wine
4503,9.60,0.21,0.28,1.20,0.04,12.00,53.00,0.99,2.80,0.46,10.60,5,White Wine
1053,8.00,0.62,0.35,2.80,0.09,28.00,52.00,1.00,3.31,0.62,10.80,5,Red Wine
2977,6.20,0.20,0.49,1.60,0.07,17.00,143.00,0.99,3.22,0.52,9.20,6,White Wine
3893,7.30,0.35,0.24,2.00,0.07,28.00,48.00,1.00,3.43,0.54,10.00,4,Red Wine
2679,6.70,0.54,0.13,2.00,0.08,15.00,36.00,1.00,3.61,0.64,9.80,5,Red Wine
2995,7.20,0.66,0.03,2.30,0.08,16.00,86.00,1.00,3.53,0.57,9.70,5,Red Wine
4950,8.00,0.81,0.25,3.40,0.08,34.00,85.00,1.00,3.19,0.42,9.20,5,Red Wine
4103,6.60,0.30,0.30,4.80,0.17,60.00,166.00,0.99,3.18,0.47,9.40,5,White Wine
2665,7.20,0.36,0.36,5.70,0.04,26.00,98.00,0.99,2.93,0.59,12.50,7,White Wine
3057,7.90,0.26,0.41,15.15,0.04,38.00,216.00,1.00,2.96,0.60,10.00,6,White Wine
6281,5.80,0.20,0.34,1.00,0.04,40.00,86.00,0.99,3.50,0.42,11.70,5,White Wine
851,6.70,0.50,0.38,7.50,0.05,26.00,175.00,1.00,3.32,0.54,9.60,5,White Wine
1400,6.90,0.23,0.38,8.30,0.05,47.00,162.00,1.00,3.34,0.52,10.50,7,White Wine
3793,6.40,0.18,0.74,11.90,0.05,54.00,168.00,1.00,3.58,0.68,10.10,5,White Wine
3331,6.30,0.26,0.42,7.10,0.04,62.00,209.00,1.00,3.20,0.53,9.50,6,White Wine
126,7.30,0.26,0.33,11.80,0.06,48.00,127.00,1.00,3.10,0.55,10.00,6,White Wine
5930,6.00,0.26,0.26,2.20,0.04,10.00,72.00,0.99,3.11,0.48,12.15,6,White Wine
577,8.00,0.59,0.16,1.80,0.07,3.00,16.00,1.00,3.42,0.92,10.50,7,Red Wine
5652,7.10,0.28,0.28,8.50,0.03,25.00,191.00,0.99,3.16,0.46,12.20,7,White Wine
804,5.50,0.34,0.30,2.50,0.07,27.00,128.00,0.99,3.14,0.51,9.60,6,White Wine
5444,7.90,0.19,0.26,2.10,0.04,8.00,143.00,0.99,3.05,0.74,9.80,5,White Wine
3024,8.60,0.27,0.46,6.10,0.03,13.00,41.00,0.99,2.89,0.34,10.90,5,White Wine
112,7.10,0.29,0.34,7.80,0.04,49.00,128.00,0.99,3.21,0.40,10.70,6,White Wine
1967,8.40,0.60,0.10,2.20,0.09,14.00,111.00,1.00,3.15,0.66,9.80,5,Red Wine
650,7.20,0.16,0.35,1.20,0.03,27.00,84.00,0.99,3.33,0.34,9.90,5,White Wine
4333,6.70,0.30,0.44,18.75,0.06,65.00,224.00,1.00,3.11,0.53,9.10,5,White Wine
1384,7.70,0.16,0.49,2.00,0.06,20.00,124.00,0.99,3.32,0.49,10.70,6,White Wine
5086,6.50,0.24,0.32,7.60,0.04,48.00,203.00,1.00,3.45,0.54,9.70,7,White Wine
5979,6.90,0.40,0.14,2.40,0.09,21.00,40.00,1.00,3.43,0.63,9.70,6,Red Wine
5675,7.60,0.48,0.31,2.80,0.07,4.00,15.00,1.00,3.22,0.55,10.30,6,Red Wine
63,7.70,0.32,0.48,2.30,0.04,28.00,114.00,0.99,3.20,0.52,12.80,7,White Wine
3999,6.30,0.26,0.21,4.00,0.03,24.00,125.00,0.99,3.06,0.34,10.70,6,White Wine
3988,7.40,0.25,0.29,2.20,0.05,19.00,49.00,1.00,3.40,0.76,10.90,7,Red Wine
2502,7.30,0.51,0.26,3.30,0.09,7.00,135.00,0.99,3.01,0.52,8.80,5,White Wine
5385,6.90,0.40,0.56,11.20,0.04,40.00,142.00,1.00,3.14,0.46,8.70,5,White Wine
3516,12.20,0.45,0.49,1.40,0.07,3.00,6.00,1.00,3.13,0.63,10.40,5,Red Wine
4699,7.00,0.45,0.34,19.80,0.04,12.00,67.00,1.00,3.07,0.38,11.00,6,White Wine
2671,6.40,0.31,0.40,6.20,0.04,46.00,169.00,1.00,3.15,0.46,9.30,6,White Wine
5539,7.30,0.25,0.27,3.80,0.05,16.00,79.00,0.99,3.07,0.46,11.30,6,White Wine
2387,6.30,0.39,0.16,1.40,0.08,11.00,23.00,1.00,3.34,0.56,9.30,5,Red Wine
1868,8.00,0.52,0.25,2.00,0.08,19.00,59.00,1.00,3.30,0.48,10.20,5,Red Wine
5394,6.60,0.39,0.28,9.20,0.04,10.00,92.00,0.99,3.07,0.35,12.10,6,White Wine
3441,5.70,0.26,0.24,17.80,0.06,23.00,124.00,1.00,3.30,0.50,10.10,5,White Wine
2274,7.40,0.20,0.37,1.20,0.03,28.00,89.00,0.99,3.14,0.61,11.80,6,White Wine
5345,8.10,0.26,0.30,7.80,0.05,39.00,152.00,1.00,2.99,0.58,10.00,6,White Wine
1963,7.30,0.22,0.40,14.75,0.04,44.50,129.50,1.00,3.36,0.41,9.10,7,White Wine
5763,7.60,0.67,0.14,1.50,0.07,25.00,168.00,0.99,3.05,0.51,9.30,5,White Wine
3969,7.30,0.19,0.27,13.90,0.06,45.00,155.00,1.00,2.94,0.41,8.80,8,White Wine
4903,6.60,0.22,0.58,1.10,0.13,52.00,136.00,0.99,3.10,0.30,9.10,5,White Wine
5144,6.60,0.22,0.23,17.30,0.05,37.00,118.00,1.00,3.08,0.46,8.80,6,White Wine
698,6.60,0.26,0.22,18.15,0.05,23.00,139.00,1.00,3.06,0.50,9.20,5,White Wine
292,7.10,0.17,0.43,1.30,0.02,33.00,132.00,0.99,3.11,0.56,11.70,6,White Wine
837,6.00,0.39,0.13,1.20,0.04,60.00,172.00,0.99,3.06,0.52,10.60,5,White Wine
6278,7.70,0.27,0.34,1.80,0.03,26.00,168.00,0.99,2.99,0.48,12.10,7,White Wine
4099,9.00,0.45,0.49,2.60,0.08,21.00,75.00,1.00,3.35,0.57,9.70,5,Red Wine
5346,6.60,0.70,0.08,2.60,0.11,14.00,27.00,1.00,3.44,0.58,10.20,5,Red Wine
4776,6.60,0.38,0.15,4.60,0.04,25.00,78.00,0.99,3.11,0.38,10.20,6,White Wine
5537,7.20,0.27,0.27,2.40,0.05,30.00,149.00,0.99,3.10,0.51,9.20,6,White Wine
4122,6.50,0.26,0.24,10.80,0.04,47.00,130.00,1.00,3.08,0.40,10.10,6,White Wine
736,7.30,0.32,0.35,1.40,0.05,8.00,163.00,0.99,3.24,0.42,10.70,5,White Wine
2296,9.10,0.80,0.00,2.60,0.10,11.00,26.00,1.00,3.35,0.83,9.40,6,Red Wine
4461,9.40,0.27,0.53,2.40,0.07,6.00,18.00,1.00,3.20,1.13,12.00,7,Red Wine
1971,6.50,0.22,0.32,2.20,0.03,36.00,92.00,0.99,3.27,0.59,11.90,7,White Wine
3273,7.00,0.15,0.30,13.30,0.05,46.00,120.00,1.00,3.20,0.36,9.50,7,White Wine
5557,6.60,0.41,0.27,10.70,0.11,20.00,103.00,1.00,3.08,0.41,9.00,6,White Wine
5025,15.50,0.65,0.49,4.20,0.10,10.00,23.00,1.00,2.92,0.74,11.10,5,Red Wine
1671,8.20,0.74,0.09,2.00,0.07,5.00,10.00,0.99,3.28,0.57,11.80,6,Red Wine
2685,7.30,0.26,0.33,17.85,0.05,41.50,195.00,1.00,3.06,0.44,9.10,7,White Wine
2120,7.20,0.37,0.40,11.60,0.03,34.00,214.00,1.00,3.10,0.51,9.80,6,White Wine
4342,6.40,0.30,0.33,5.20,0.05,30.00,137.00,0.99,3.26,0.58,11.10,5,White Wine
1159,7.40,0.19,0.30,12.80,0.05,48.50,229.00,1.00,3.14,0.49,9.10,7,White Wine
1731,6.40,0.57,0.14,3.90,0.07,27.00,73.00,1.00,3.32,0.48,9.20,5,Red Wine
2261,7.60,0.20,0.30,14.20,0.06,53.00,212.50,1.00,3.14,0.46,8.90,8,White Wine
3395,8.60,0.53,0.22,2.00,0.10,7.00,27.00,1.00,3.20,0.56,10.20,6,Red Wine
6246,6.90,0.19,0.33,1.60,0.04,27.00,98.00,0.99,3.09,0.46,12.30,7,White Wine
2375,5.80,0.35,0.29,3.20,0.03,41.00,151.00,0.99,3.35,0.58,11.63,7,White Wine
5343,7.00,0.28,0.32,1.70,0.04,27.00,128.00,0.99,3.20,0.62,10.20,6,White Wine
2304,6.70,0.27,0.33,3.60,0.03,9.00,45.00,0.99,3.08,0.40,10.50,6,White Wine
3717,7.50,0.32,0.49,1.70,0.03,44.00,109.00,0.99,3.07,0.46,12.50,6,White Wine
1131,7.10,0.18,0.39,14.50,0.05,48.00,156.00,1.00,3.35,0.78,9.10,5,White Wine
6089,7.40,0.25,0.28,7.25,0.03,14.00,78.00,0.99,2.94,0.37,11.50,7,White Wine
2003,6.50,0.28,0.35,15.40,0.04,55.00,195.00,1.00,3.23,0.50,9.60,6,White Wine
3591,6.30,0.37,0.28,6.30,0.03,45.00,152.00,0.99,3.29,0.46,11.60,7,White Wine
3221,5.90,0.27,0.29,11.40,0.04,31.00,115.00,0.99,3.35,0.48,10.50,8,White Wine
2021,8.60,0.45,0.31,2.60,0.09,21.00,50.00,1.00,3.37,0.91,9.90,6,Red Wine
5512,5.80,0.32,0.38,4.75,0.03,23.00,94.00,0.99,3.42,0.42,11.80,7,White Wine
1707,8.30,0.21,0.58,17.10,0.05,62.00,213.00,1.00,3.01,0.51,9.30,6,White Wine
1582,6.10,0.64,0.02,2.40,0.07,26.00,46.00,0.99,3.47,0.45,11.00,5,Red Wine
0,6.80,0.53,0.35,3.80,0.03,26.00,109.00,0.99,3.26,0.57,12.70,8,White Wine
691,6.50,0.08,0.33,1.90,0.03,23.00,93.00,0.99,3.34,0.70,12.00,7,White Wine
5670,8.30,0.20,0.74,4.45,0.04,33.00,130.00,0.99,3.25,0.42,12.20,6,White Wine
5209,6.50,0.58,0.00,2.20,0.10,3.00,13.00,1.00,3.62,0.62,11.50,4,Red Wine
3146,7.00,0.31,0.29,1.40,0.04,33.00,128.00,0.99,3.12,0.36,12.20,7,White Wine
2547,6.80,0.29,0.16,1.40,0.04,122.50,234.50,0.99,3.15,0.47,10.00,4,White Wine
2786,8.50,0.18,0.30,1.10,0.03,34.00,95.00,0.99,2.83,0.36,10.00,4,White Wine
2683,6.10,0.22,0.23,3.10,0.05,15.00,104.00,0.99,3.14,0.42,8.70,5,White Wine
343,10.40,0.52,0.45,2.00,0.08,6.00,13.00,1.00,3.22,0.76,11.40,6,Red Wine
4378,6.40,0.42,0.74,12.80,0.08,48.00,209.00,1.00,3.12,0.58,9.00,6,White Wine
3187,7.00,0.23,0.26,7.20,0.04,21.00,90.00,1.00,3.22,0.55,9.50,6,White Wine
5985,7.20,0.53,0.13,2.00,0.06,18.00,22.00,1.00,3.21,0.68,9.90,6,Red Wine
4524,7.70,0.43,1.00,19.95,0.03,42.00,164.00,1.00,3.29,0.50,12.00,6,White Wine
827,6.60,0.34,0.28,1.30,0.04,32.00,90.00,0.99,3.10,0.42,10.70,6,White Wine
1849,6.20,0.30,0.21,1.10,0.03,31.00,111.00,0.99,2.97,0.42,12.20,6,White Wine
2221,7.80,0.40,0.49,7.80,0.06,34.00,162.00,1.00,3.26,0.58,11.30,6,White Wine
5865,7.80,0.39,0.42,2.00,0.09,9.00,21.00,1.00,3.39,0.66,11.60,6,Red Wine
3204,9.60,0.38,0.31,2.50,0.10,16.00,49.00,1.00,3.19,0.70,10.00,7,Red Wine
3513,6.00,0.28,0.24,17.80,0.05,42.00,111.00,1.00,3.10,0.45,8.90,6,White Wine
93,7.30,0.55,0.03,1.60,0.07,17.00,42.00,1.00,3.37,0.48,9.00,4,Red Wine
5521,9.20,0.35,0.39,0.90,0.04,15.00,61.00,0.99,2.96,0.28,10.40,4,White Wine
2467,6.00,0.20,0.32,3.00,0.03,26.00,118.00,0.99,3.38,0.68,11.20,7,White Wine
3778,7.10,0.36,0.56,1.30,0.05,25.00,102.00,0.99,3.24,0.33,10.50,6,White Wine
404,6.10,0.28,0.24,19.95,0.07,32.00,174.00,1.00,3.19,0.44,9.30,6,White Wine
5037,8.30,1.02,0.02,3.40,0.08,6.00,11.00,1.00,3.48,0.49,11.00,3,Red Wine
1209,7.50,0.24,0.31,13.10,0.05,26.00,180.00,1.00,3.05,0.53,9.10,6,White Wine
5071,7.40,0.21,0.27,1.20,0.04,27.00,99.00,0.99,3.19,0.33,9.80,6,White Wine
375,8.90,0.48,0.53,4.00,0.10,3.00,10.00,1.00,3.21,0.59,12.10,7,Red Wine
3945,9.10,0.33,0.38,1.70,0.06,50.50,344.00,1.00,3.10,0.70,9.50,5,White Wine
2750,6.60,0.16,0.29,1.80,0.05,40.00,147.00,0.99,3.06,0.44,11.40,7,White Wine
497,8.10,0.27,0.33,1.30,0.04,26.00,100.00,0.99,2.98,0.44,12.40,6,White Wine
1438,6.50,0.35,0.28,12.40,0.05,86.00,213.00,1.00,3.16,0.51,9.90,6,White Wine
5485,8.30,0.21,0.41,2.20,0.05,24.00,108.00,0.99,2.85,0.45,9.50,5,White Wine
5975,7.50,0.50,0.36,6.10,0.07,17.00,102.00,1.00,3.35,0.80,10.50,5,Red Wine
738,6.40,0.18,0.74,11.90,0.05,54.00,168.00,1.00,3.58,0.68,10.10,5,White Wine
4515,7.40,0.22,0.27,1.60,0.06,45.00,98.00,0.99,3.29,0.44,9.90,7,White Wine
3290,8.40,0.16,0.33,1.50,0.03,16.00,98.00,0.99,3.14,0.42,9.70,6,White Wine
1975,8.20,0.18,0.49,1.10,0.03,28.00,81.00,0.99,3.00,0.68,10.40,7,White Wine
1562,7.50,0.21,0.68,10.90,0.04,38.00,133.00,1.00,3.00,0.36,8.70,5,White Wine
5494,6.90,0.41,0.33,10.10,0.04,28.00,152.00,1.00,3.20,0.52,9.40,5,White Wine
5142,7.20,0.40,0.24,8.50,0.06,45.00,151.00,1.00,3.20,0.52,9.20,5,White Wine
460,5.90,0.17,0.29,3.10,0.03,32.00,123.00,0.99,3.41,0.33,13.70,7,White Wine
3674,8.30,0.30,0.36,10.00,0.04,33.00,169.00,1.00,3.23,0.51,9.30,6,White Wine
3123,7.00,0.28,0.28,1.40,0.04,12.00,83.00,0.99,3.18,0.65,11.10,5,White Wine
1838,6.60,0.23,0.26,1.30,0.04,16.00,128.00,0.99,3.36,0.60,10.00,6,White Wine
1468,7.00,0.25,0.56,2.00,0.04,20.00,95.00,0.99,3.23,0.53,11.00,6,White Wine
6138,8.50,0.49,0.11,2.30,0.08,9.00,67.00,1.00,3.17,0.53,9.40,5,Red Wine
6248,7.70,0.28,0.30,2.00,0.06,18.00,34.00,1.00,3.28,0.90,11.30,7,Red Wine
4736,7.90,0.21,0.39,2.00,0.06,21.00,138.00,0.99,3.05,0.52,10.90,5,White Wine
4043,7.20,0.21,0.36,15.70,0.04,68.00,183.00,1.00,3.25,0.76,9.40,5,White Wine
6029,6.60,0.25,0.25,1.30,0.04,28.00,85.00,0.99,2.87,0.48,11.20,6,White Wine
4423,8.80,0.39,0.35,1.80,0.10,22.00,80.00,0.99,2.95,0.54,12.60,6,White Wine
4702,7.40,0.21,0.30,8.10,0.05,13.00,114.00,0.99,3.12,0.35,10.50,6,White Wine
5638,6.70,0.37,0.25,2.50,0.03,24.00,84.00,0.99,3.14,0.36,11.70,6,White Wine
5534,5.80,0.26,0.30,2.60,0.03,75.00,129.00,0.99,3.20,0.38,11.50,4,White Wine
5647,6.40,0.27,0.49,7.30,0.05,53.00,206.00,1.00,3.24,0.43,9.20,6,White Wine
6310,8.10,0.78,0.10,3.30,0.09,4.00,13.00,1.00,3.36,0.49,9.50,5,Red Wine
5429,5.70,0.21,0.25,1.10,0.04,26.00,81.00,0.99,3.31,0.52,11.40,6,White Wine
2987,7.40,0.24,0.42,14.00,0.07,48.00,198.00,1.00,2.89,0.42,8.90,6,White Wine
4690,8.10,0.50,0.47,1.10,0.04,23.00,126.00,0.99,3.21,0.42,10.90,5,White Wine
3463,6.30,0.28,0.24,8.45,0.03,32.00,172.00,1.00,3.39,0.57,9.70,7,White Wine
3292,7.20,0.21,0.31,10.50,0.04,36.00,122.00,0.99,3.12,0.40,10.60,6,White Wine
2881,6.00,0.16,0.30,6.70,0.04,43.00,153.00,1.00,3.63,0.46,10.60,5,White Wine
5801,7.80,0.46,0.26,1.90,0.09,23.00,53.00,1.00,3.43,0.74,9.20,6,Red Wine
2908,6.40,0.31,0.53,8.80,0.06,36.00,221.00,1.00,3.17,0.44,9.10,5,White Wine
334,6.10,0.19,0.25,4.00,0.02,23.00,112.00,0.99,3.37,0.51,11.60,6,White Wine
741,6.60,0.28,0.42,8.20,0.04,60.00,196.00,1.00,3.14,0.48,9.40,5,White Wine
1243,6.80,0.63,0.12,3.80,0.10,16.00,126.00,1.00,3.28,0.61,9.50,5,Red Wine
100,6.70,0.34,0.54,16.30,0.05,44.00,181.00,1.00,3.04,0.56,8.80,5,White Wine
2463,7.60,0.46,0.11,2.60,0.08,12.00,49.00,1.00,3.21,0.57,10.00,5,Red Wine
2269,7.10,0.18,0.32,12.20,0.05,36.00,125.00,1.00,2.92,0.54,9.40,6,White Wine
5298,8.90,0.84,0.34,1.40,0.05,4.00,10.00,1.00,3.12,0.48,9.10,6,Red Wine
174,7.50,0.29,0.67,8.10,0.04,53.00,166.00,1.00,2.90,0.41,8.90,6,White Wine
605,7.80,0.16,0.41,1.70,0.03,29.00,140.00,0.99,3.02,0.78,12.50,6,White Wine
3745,6.70,0.28,0.34,8.90,0.05,32.00,111.00,0.99,3.25,0.54,11.00,7,White Wine
4876,6.30,0.28,0.30,6.60,0.21,60.00,154.00,0.99,3.10,0.40,9.40,6,White Wine
3808,6.70,0.54,0.28,5.40,0.06,21.00,105.00,0.99,3.27,0.37,9.00,5,White Wine
1769,7.00,0.32,0.29,4.90,0.04,41.00,150.00,0.99,3.38,0.43,12.20,6,White Wine
848,6.10,0.16,0.29,6.00,0.03,29.00,144.00,0.99,3.68,0.46,10.70,6,White Wine
1090,8.00,0.17,0.29,2.40,0.03,52.00,119.00,0.99,3.03,0.33,12.90,6,White Wine
5576,7.30,0.73,0.24,1.90,0.11,18.00,102.00,1.00,3.26,0.59,9.30,5,Red Wine
5107,8.30,0.49,0.43,2.50,0.04,32.00,116.00,0.99,3.23,0.47,10.70,6,White Wine
2173,8.30,0.23,0.30,2.10,0.05,21.00,153.00,1.00,3.09,0.50,9.60,6,White Wine
4720,7.40,0.28,0.30,5.30,0.05,44.00,161.00,0.99,3.12,0.48,10.30,6,White Wine
1179,6.80,0.23,0.31,2.80,0.05,40.00,122.00,0.99,3.06,0.64,10.90,7,White Wine
696,6.50,0.31,0.14,7.50,0.04,34.00,133.00,1.00,3.22,0.50,9.50,5,White Wine
4417,7.10,0.44,0.37,2.70,0.04,35.00,128.00,0.99,3.07,0.43,13.50,7,White Wine
2757,7.60,0.52,0.49,14.00,0.03,37.00,156.00,1.00,3.14,0.38,11.80,7,White Wine
3928,7.50,0.24,0.49,9.40,0.05,50.00,149.00,1.00,3.17,0.59,10.50,7,White Wine
4047,7.10,0.22,0.32,16.90,0.06,49.00,158.00,1.00,3.37,0.38,9.60,6,White Wine
2051,7.90,0.34,0.44,6.50,0.03,47.00,126.00,0.99,2.96,0.37,12.50,6,White Wine
3310,6.50,0.28,0.38,7.80,0.03,54.00,216.00,0.99,3.03,0.42,13.10,6,White Wine
1747,4.50,0.19,0.21,0.95,0.03,89.00,159.00,0.99,3.34,0.42,8.00,5,White Wine
2904,6.00,0.13,0.36,1.60,0.05,23.00,72.00,0.99,3.10,0.50,11.50,7,White Wine
902,5.90,0.26,0.24,2.40,0.05,27.00,132.00,0.99,3.63,0.73,11.30,5,White Wine
3868,6.10,0.34,0.31,12.00,0.05,46.00,238.00,1.00,3.16,0.48,8.60,5,White Wine
4723,7.10,0.20,0.31,7.40,0.05,32.00,211.00,1.00,3.31,0.59,10.40,6,White Wine
4998,6.80,0.43,0.30,3.50,0.03,27.00,135.00,0.99,3.00,0.37,12.00,6,White Wine
4930,7.20,0.24,0.40,1.40,0.04,31.00,106.00,0.99,2.88,0.38,10.80,6,White Wine
604,11.50,0.54,0.71,4.40,0.12,6.00,15.00,1.00,3.01,0.83,11.80,7,Red Wine
3686,6.50,0.36,0.31,13.55,0.05,20.00,113.00,1.00,3.20,0.56,11.00,6,White Wine
869,7.20,0.40,0.38,2.20,0.03,40.00,109.00,0.99,3.27,0.46,12.60,6,White Wine
3451,7.20,0.60,0.02,1.90,0.10,10.00,31.00,0.99,3.46,0.53,11.80,6,Red Wine
5229,7.50,0.59,0.22,1.80,0.08,43.00,60.00,0.99,3.10,0.42,9.20,5,Red Wine
1353,7.10,0.25,0.30,2.40,0.04,25.00,122.00,0.99,3.43,0.61,10.50,6,White Wine
4790,7.30,0.67,0.02,2.20,0.07,31.00,92.00,1.00,3.32,0.68,11.07,6,Red Wine
845,5.70,0.60,0.00,1.40,0.06,11.00,18.00,0.99,3.45,0.56,12.20,6,Red Wine
6037,6.00,0.16,0.22,1.60,0.04,36.00,106.00,0.99,3.24,0.32,11.40,6,White Wine
671,6.40,0.24,0.22,1.50,0.04,38.00,157.00,0.99,3.41,0.55,9.90,6,White Wine
3665,6.80,0.27,0.28,13.30,0.08,50.00,163.00,1.00,3.03,0.38,8.60,6,White Wine
3107,6.90,0.37,0.28,13.80,0.03,34.00,137.00,0.99,3.10,0.37,11.60,6,White Wine
237,6.80,0.25,0.27,10.70,0.08,47.00,154.00,1.00,3.05,0.38,9.00,5,White Wine
6394,6.90,0.33,0.26,5.00,0.03,46.00,143.00,0.99,3.25,0.43,11.20,7,White Wine
1305,7.20,0.21,0.33,3.00,0.04,35.00,132.00,0.99,3.25,0.40,11.00,6,White Wine
21,7.50,0.33,0.38,8.70,0.13,49.00,199.00,1.00,2.98,0.57,9.40,5,White Wine
1253,8.20,0.33,0.32,2.80,0.07,4.00,12.00,0.99,3.30,0.76,12.80,7,Red Wine
6102,6.00,0.10,0.24,1.10,0.04,15.00,65.00,0.99,3.61,0.61,10.30,7,White Wine
400,6.90,0.18,0.33,1.00,0.05,24.00,164.00,0.99,3.42,0.51,10.50,5,White Wine
5273,6.90,0.23,0.32,16.40,0.04,62.00,153.00,1.00,3.22,0.42,10.50,5,White Wine
1006,6.20,0.25,0.54,7.00,0.05,58.00,176.00,0.99,3.19,0.70,10.40,5,White Wine
5505,6.10,0.22,0.25,12.10,0.04,54.00,135.00,0.99,3.21,0.40,10.70,5,White Wine
5509,8.00,0.61,0.38,12.10,0.30,24.00,220.00,1.00,2.94,0.48,9.20,5,White Wine
1734,6.70,0.42,0.46,9.70,0.05,67.00,234.00,1.00,3.23,0.50,9.00,5,White Wine
3418,8.00,0.25,0.49,9.00,0.04,31.00,185.00,1.00,3.34,0.49,10.00,6,White Wine
5046,7.10,0.18,0.32,12.20,0.05,36.00,125.00,1.00,2.92,0.54,9.40,6,White Wine
830,7.00,0.28,0.39,8.70,0.05,32.00,141.00,1.00,3.38,0.53,10.50,6,White Wine
1608,5.90,0.19,0.37,0.80,0.03,3.00,21.00,0.99,3.09,0.31,10.80,5,White Wine
6343,7.40,0.26,0.43,6.00,0.02,22.00,125.00,0.99,3.13,0.55,11.50,6,White Wine
3205,7.90,0.52,0.26,1.90,0.08,42.00,140.00,1.00,3.23,0.54,9.50,5,Red Wine
4795,6.90,0.28,0.40,8.20,0.04,15.00,95.00,0.99,3.17,0.33,10.20,5,White Wine
5290,6.30,0.27,0.23,2.90,0.05,13.00,100.00,0.99,3.28,0.43,9.80,5,White Wine
4547,6.10,0.38,0.20,6.60,0.03,25.00,137.00,0.99,3.30,0.69,10.40,6,White Wine
6282,6.70,0.24,0.41,2.90,0.04,48.00,122.00,0.99,3.25,0.43,12.00,5,White Wine
4850,7.30,0.36,0.49,2.50,0.09,39.00,106.00,1.00,3.36,0.78,11.00,5,Red Wine
1337,7.80,0.81,0.01,2.60,0.07,48.00,90.00,1.00,3.38,0.62,10.80,5,Red Wine
3547,10.70,0.90,0.34,6.60,0.11,23.00,99.00,1.00,3.22,0.68,9.30,5,Red Wine
5465,7.30,0.15,0.49,1.30,0.04,34.00,136.00,0.99,3.14,0.77,10.50,6,White Wine
387,8.40,0.30,0.25,17.75,0.05,25.00,218.00,1.00,2.98,0.66,9.10,5,White Wine
5245,5.60,0.23,0.29,3.10,0.02,19.00,89.00,0.99,3.25,0.51,11.20,6,White Wine
2766,6.60,0.24,0.28,1.80,0.03,39.00,132.00,0.99,3.34,0.46,11.40,5,White Wine
3922,9.20,0.43,0.52,2.30,0.08,14.00,23.00,1.00,3.35,0.61,11.30,6,Red Wine
1221,8.50,0.30,0.28,3.10,0.05,54.00,174.00,1.00,3.21,0.43,9.40,6,White Wine
5818,8.70,0.77,0.22,2.30,0.06,9.00,42.00,1.00,3.10,0.55,9.40,5,Red Wine
1924,7.50,0.23,0.68,11.00,0.05,37.00,133.00,1.00,2.99,0.38,8.80,5,White Wine
709,7.00,0.34,0.10,3.50,0.04,17.00,63.00,0.99,3.01,0.39,9.20,5,White Wine
447,7.80,0.53,0.01,1.60,0.08,3.00,19.00,0.99,3.16,0.46,9.80,5,Red Wine
350,12.50,0.60,0.49,4.30,0.10,5.00,14.00,1.00,3.25,0.74,11.90,6,Red Wine
664,7.30,0.28,0.42,14.40,0.04,49.00,173.00,1.00,3.28,0.82,9.00,7,White Wine
3715,6.30,0.21,0.58,10.00,0.08,34.00,126.00,1.00,2.95,0.46,8.90,5,White Wine
4421,7.80,0.22,0.36,1.40,0.06,21.00,153.00,0.99,3.20,0.53,10.40,6,White Wine
424,7.00,0.53,0.43,6.10,0.03,6.00,76.00,0.99,3.08,0.50,12.50,8,White Wine
4260,6.40,0.50,0.20,2.40,0.06,19.00,112.00,0.99,3.18,0.40,9.20,6,White Wine
1201,6.40,0.31,0.28,1.50,0.04,12.00,119.00,0.99,3.32,0.51,10.40,7,White Wine
3511,7.00,0.27,0.36,20.70,0.04,45.00,170.00,1.00,3.00,0.45,8.80,6,White Wine
2712,6.80,0.27,0.30,13.00,0.05,69.00,160.00,1.00,3.16,0.50,9.60,6,White Wine
673,6.80,0.18,0.28,9.80,0.04,29.00,113.00,0.99,3.11,0.45,10.90,7,White Wine
1938,7.60,0.27,0.25,13.90,0.05,45.00,199.00,1.00,3.34,0.50,9.80,6,White Wine
4558,8.20,0.27,0.43,1.60,0.04,31.00,128.00,0.99,3.10,0.50,12.30,6,White Wine
753,6.50,0.22,0.72,6.80,0.04,33.00,168.00,1.00,3.12,0.36,9.20,6,White Wine
1973,7.30,0.91,0.10,1.80,0.07,20.00,56.00,1.00,3.35,0.56,9.20,5,Red Wine
4843,6.10,0.40,0.31,0.90,0.05,23.00,170.00,0.99,3.22,0.77,9.50,6,White Wine
4142,6.60,0.25,0.24,1.70,0.05,26.00,124.00,0.99,3.37,0.60,10.10,6,White Wine
2687,5.50,0.30,0.25,1.90,0.03,33.00,118.00,0.99,3.36,0.66,12.50,6,White Wine
337,7.40,0.28,0.36,14.60,0.05,35.00,161.00,1.00,3.14,0.56,10.60,5,White Wine
5277,7.10,0.16,0.44,2.50,0.07,17.00,31.00,0.99,3.35,0.54,12.40,6,Red Wine
3596,5.80,0.30,0.38,4.90,0.04,22.00,86.00,0.99,3.23,0.58,13.10,7,White Wine
3702,7.10,0.18,0.26,1.30,0.04,20.00,71.00,0.99,3.04,0.74,9.90,6,White Wine
4384,8.10,0.28,0.49,1.00,0.04,32.00,148.00,0.99,3.13,0.41,10.00,6,White Wine
115,5.80,0.27,0.40,1.20,0.08,47.00,130.00,0.99,3.13,0.45,10.30,6,White Wine
5719,6.60,0.33,0.40,2.65,0.04,35.00,86.00,0.99,3.11,0.39,13.30,7,White Wine
2684,7.90,0.29,0.31,7.35,0.03,37.00,154.00,0.99,3.06,0.31,10.80,5,White Wine
4505,6.50,0.40,0.10,2.00,0.08,30.00,47.00,1.00,3.36,0.48,9.40,6,Red Wine
3246,10.00,0.42,0.50,3.40,0.11,7.00,21.00,1.00,3.26,0.93,11.80,6,Red Wine
4718,6.40,0.17,0.30,2.80,0.03,33.00,125.00,0.99,3.03,0.49,10.40,6,White Wine
5696,8.60,0.26,0.41,2.20,0.05,29.00,111.00,0.99,2.96,0.44,10.00,5,White Wine
3404,6.20,0.41,0.22,1.90,0.02,5.00,56.00,0.99,3.04,0.79,13.00,7,White Wine
3958,6.90,0.35,0.55,11.95,0.04,22.00,111.00,1.00,3.11,0.29,9.70,5,White Wine
2633,5.80,0.23,0.31,4.50,0.05,42.00,124.00,0.99,3.31,0.64,10.80,6,White Wine
4242,9.00,0.22,0.49,10.40,0.05,52.00,195.00,1.00,3.31,0.44,10.20,6,White Wine
2820,7.20,0.24,0.19,7.70,0.04,53.00,176.00,1.00,3.17,0.38,9.50,5,White Wine
1799,5.90,0.30,0.30,2.00,0.03,38.00,142.00,0.99,3.41,0.41,12.90,7,White Wine
2691,6.70,0.39,0.31,2.70,0.05,27.00,202.00,0.99,3.46,0.57,10.50,6,White Wine
1072,7.70,0.26,0.51,2.60,0.04,26.00,159.00,0.99,3.00,0.50,11.20,6,White Wine
3148,6.90,0.36,0.34,4.20,0.02,57.00,119.00,0.99,3.28,0.36,12.70,9,White Wine
6437,10.90,0.21,0.49,2.80,0.09,11.00,32.00,1.00,3.22,0.68,11.70,6,Red Wine
4212,6.70,0.29,0.45,14.30,0.05,30.00,181.00,1.00,3.14,0.57,9.10,5,White Wine
1517,6.50,0.61,0.00,1.90,0.07,9.00,18.00,1.00,3.46,0.65,9.20,5,Red Wine
1584,7.00,0.15,0.28,14.70,0.05,29.00,149.00,1.00,2.96,0.39,9.00,7,White Wine
6253,6.00,0.38,0.26,3.50,0.04,38.00,111.00,0.99,3.18,0.47,13.60,7,White Wine
2002,9.90,1.00,0.46,1.40,0.05,34.00,185.00,1.00,3.02,0.49,10.20,4,White Wine
2227,6.20,0.52,0.08,4.40,0.07,11.00,32.00,1.00,3.56,0.63,11.60,6,Red Wine
2609,6.40,0.41,0.24,14.00,0.05,24.00,113.00,1.00,3.44,0.53,9.80,6,White Wine
3143,7.00,0.23,0.42,5.10,0.04,37.00,144.00,1.00,3.50,0.59,10.20,6,White Wine
3505,7.20,0.57,0.05,2.30,0.08,16.00,36.00,1.00,3.38,0.60,10.30,6,Red Wine
4078,6.20,0.30,0.32,1.30,0.05,27.00,183.00,0.99,3.30,0.43,10.10,5,White Wine
5405,8.10,0.27,0.33,1.30,0.04,26.00,100.00,0.99,2.98,0.44,12.40,6,White Wine
4611,6.10,0.15,0.35,15.80,0.04,55.00,158.00,1.00,3.24,0.37,10.60,5,White Wine
74,8.00,0.22,0.28,14.00,0.05,83.00,197.00,1.00,3.14,0.45,9.80,6,White Wine
3393,5.80,0.22,0.25,1.50,0.02,21.00,109.00,0.99,3.37,0.58,10.40,6,White Wine
6007,6.30,0.27,0.49,1.20,0.06,35.00,92.00,0.99,3.38,0.42,12.20,6,White Wine
3604,7.00,0.29,0.37,4.90,0.03,26.00,127.00,0.99,3.17,0.44,10.80,6,White Wine
3280,6.80,0.27,0.22,17.80,0.03,16.00,116.00,1.00,3.07,0.53,9.20,5,White Wine
5162,7.50,0.34,0.28,4.00,0.03,46.00,100.00,0.99,3.20,0.50,13.20,7,White Wine
5618,10.20,0.42,0.57,3.40,0.07,4.00,10.00,1.00,3.04,0.63,9.60,5,Red Wine
28,6.90,0.29,0.23,8.60,0.06,56.00,215.00,1.00,3.17,0.44,8.80,5,White Wine
3252,10.00,0.31,0.47,2.60,0.09,14.00,33.00,1.00,3.36,0.80,10.50,7,Red Wine
6448,7.40,0.33,0.44,7.60,0.05,40.00,227.00,1.00,3.12,0.52,9.00,5,White Wine
6082,5.80,0.32,0.38,4.75,0.03,23.00,94.00,0.99,3.42,0.42,11.80,7,White Wine
1638,6.90,0.15,0.29,2.30,0.03,14.00,82.00,0.99,3.10,0.58,11.20,7,White Wine
777,7.40,0.37,0.26,9.60,0.05,33.00,134.00,1.00,3.13,0.46,10.40,5,White Wine
3444,6.80,0.17,0.35,1.80,0.04,29.00,84.00,0.99,2.91,0.57,12.00,7,White Wine
4953,6.90,0.34,0.36,1.40,0.03,13.00,145.00,0.99,3.07,0.52,9.80,5,White Wine
5500,6.90,0.32,0.16,1.40,0.05,15.00,96.00,0.99,3.22,0.38,9.50,4,White Wine
885,6.00,0.59,0.00,0.80,0.04,30.00,95.00,0.99,3.10,0.40,10.90,4,White Wine
612,6.20,0.60,0.08,2.00,0.09,32.00,44.00,0.99,3.45,0.58,10.50,5,Red Wine
4186,6.60,0.29,0.73,2.20,0.03,21.00,92.00,0.99,3.12,0.48,12.40,6,White Wine
1092,8.30,0.26,0.42,2.00,0.08,11.00,27.00,1.00,3.21,0.80,9.40,6,Red Wine
617,6.20,0.25,0.47,11.60,0.05,62.00,210.00,1.00,3.19,0.50,9.50,5,White Wine
1546,7.30,0.66,0.00,2.00,0.08,6.00,23.00,1.00,3.61,0.96,9.90,6,Red Wine
4108,6.10,0.16,0.37,1.10,0.03,37.00,97.00,0.99,3.40,0.58,10.50,6,White Wine
2273,5.70,0.25,0.27,11.50,0.04,24.00,120.00,0.99,3.33,0.31,10.80,6,White Wine
2469,6.20,0.45,0.73,7.20,0.10,47.00,202.00,1.00,3.21,0.43,9.20,5,White Wine
4263,6.60,0.21,0.36,0.80,0.03,48.00,113.00,0.99,3.24,0.68,10.50,6,White Wine
1402,6.80,0.35,0.32,2.40,0.05,35.00,103.00,0.99,3.28,0.46,12.00,8,White Wine
922,7.10,0.20,0.35,3.20,0.03,21.00,107.00,0.99,3.11,0.54,11.10,6,White Wine
2354,9.70,0.53,0.60,2.00,0.04,5.00,19.00,1.00,3.30,0.86,12.40,6,Red Wine
2392,7.70,0.32,0.61,11.80,0.04,66.00,188.00,1.00,3.00,0.54,9.30,5,White Wine
5908,9.20,0.25,0.34,1.20,0.03,31.00,93.00,0.99,2.93,0.37,11.30,7,White Wine
4830,6.20,0.26,0.20,8.00,0.05,35.00,111.00,0.99,3.11,0.42,10.40,6,White Wine
5529,7.50,0.30,0.71,1.30,0.16,44.00,149.00,0.99,3.08,0.42,8.90,5,White Wine
920,6.40,0.25,0.57,1.00,0.06,21.00,122.00,0.99,3.00,0.40,9.50,5,White Wine
3306,6.50,0.26,0.31,1.30,0.03,59.00,145.00,0.99,3.16,0.54,12.40,6,White Wine
5755,8.90,0.32,0.31,2.00,0.09,12.00,19.00,1.00,3.17,0.55,10.40,6,Red Wine
284,7.30,0.41,0.29,1.80,0.03,26.00,74.00,0.99,2.96,0.35,13.00,8,White Wine
5784,6.60,0.27,0.33,1.40,0.04,24.00,183.00,0.99,3.29,0.46,10.70,5,White Wine
3730,6.80,0.18,0.30,12.80,0.06,19.00,171.00,1.00,3.00,0.52,9.00,7,White Wine
6316,8.60,0.49,0.29,2.00,0.11,19.00,133.00,1.00,2.93,1.98,9.80,5,Red Wine
2349,7.30,0.40,0.28,6.50,0.04,26.00,97.00,0.99,3.16,0.58,12.60,7,White Wine
2870,5.70,0.26,0.27,4.10,0.20,73.50,189.50,0.99,3.27,0.38,9.40,6,White Wine
2186,8.90,0.22,0.48,1.80,0.08,29.00,60.00,1.00,3.39,0.53,9.40,6,Red Wine
4803,5.60,0.46,0.24,4.80,0.04,24.00,72.00,0.99,3.29,0.37,12.60,6,White Wine
6022,7.40,0.68,0.16,1.80,0.08,12.00,39.00,1.00,3.50,0.70,9.90,6,Red Wine
5851,6.70,0.23,0.39,2.50,0.17,63.00,158.00,0.99,3.11,0.36,9.40,6,White Wine
5987,6.30,0.33,0.42,17.20,0.04,57.00,170.00,1.00,3.26,0.57,9.40,6,White Wine
2489,7.60,0.26,0.47,1.60,0.07,5.00,55.00,0.99,3.10,0.45,9.60,5,White Wine
4038,7.50,0.27,0.31,5.80,0.06,131.00,313.00,0.99,3.18,0.59,10.50,5,White Wine
2963,6.20,0.32,0.12,4.80,0.05,6.00,97.00,0.99,3.16,0.50,9.30,5,White Wine
1186,8.00,0.25,0.13,17.20,0.04,49.00,219.00,1.00,2.96,0.46,9.70,5,White Wine
2098,7.40,0.37,0.35,5.70,0.06,12.00,94.00,1.00,3.48,0.69,10.70,6,White Wine
6386,5.10,0.33,0.22,1.60,0.03,18.00,89.00,0.99,3.51,0.38,12.50,7,White Wine
4966,6.70,0.23,0.31,2.10,0.05,30.00,96.00,0.99,3.33,0.64,10.70,8,White Wine
2068,7.70,0.54,0.26,1.90,0.09,23.00,147.00,1.00,3.26,0.59,9.70,5,Red Wine
4726,6.90,0.23,0.34,4.00,0.05,24.00,128.00,0.99,3.20,0.52,9.70,6,White Wine
5604,6.90,0.20,0.30,4.70,0.04,40.00,148.00,0.99,3.16,0.35,10.20,6,White Wine
4201,7.00,0.36,0.14,11.60,0.04,35.00,228.00,1.00,3.13,0.51,8.90,5,White Wine
225,7.10,0.20,0.31,6.85,0.05,32.00,211.00,1.00,3.31,0.59,10.40,6,White Wine
1807,6.30,0.20,0.26,12.70,0.05,60.00,143.00,1.00,3.26,0.35,10.80,6,White Wine
3190,6.90,0.24,0.23,7.10,0.04,20.00,97.00,0.99,3.10,0.85,11.40,6,White Wine
2199,8.60,0.49,0.28,1.90,0.11,20.00,136.00,1.00,2.93,1.95,9.90,6,Red Wine
1932,7.00,0.14,0.49,5.90,0.05,22.00,118.00,1.00,3.36,0.36,9.40,6,White Wine
3973,5.70,0.20,0.30,2.50,0.05,38.00,125.00,0.99,3.34,0.50,9.90,6,White Wine
3841,6.90,0.24,0.33,1.70,0.04,47.00,136.00,0.99,3.26,0.40,12.60,7,White Wine
266,6.00,0.26,0.32,3.80,0.03,48.00,180.00,0.99,3.15,0.34,12.00,6,White Wine
3078,5.70,0.26,0.24,17.80,0.06,23.00,124.00,1.00,3.30,0.50,10.10,5,White Wine
5382,6.20,0.16,0.33,1.10,0.06,21.00,82.00,0.99,3.32,0.46,10.90,7,White Wine
614,6.40,0.24,0.28,11.50,0.05,34.00,163.00,1.00,3.31,0.45,9.50,5,White Wine
4006,6.40,0.27,0.32,4.50,0.24,61.00,174.00,0.99,3.12,0.48,9.40,5,White Wine
4427,7.20,0.30,0.30,8.70,0.02,14.00,111.00,1.00,3.11,0.61,10.60,5,White Wine
5490,8.70,0.23,0.32,13.40,0.04,35.00,169.00,1.00,3.12,0.47,8.80,7,White Wine
1365,6.70,0.43,0.23,5.00,0.16,49.00,145.00,0.99,3.17,0.49,9.40,5,White Wine
3454,3.90,0.23,0.40,4.20,0.03,29.00,118.00,0.99,3.57,0.36,12.80,8,White Wine
3330,7.20,0.43,0.24,6.70,0.06,40.00,163.00,0.99,3.20,0.41,9.90,5,White Wine
4765,6.20,0.31,0.21,6.30,0.04,50.00,218.00,0.99,3.15,0.60,10.00,5,White Wine
5641,8.10,0.82,0.24,2.10,0.08,5.00,13.00,1.00,3.37,0.77,10.70,6,Red Wine
627,5.70,0.24,0.47,6.30,0.07,35.00,182.00,0.99,3.11,0.46,9.75,5,White Wine
968,7.80,0.18,0.46,12.60,0.04,41.00,143.00,1.00,3.24,0.76,8.50,8,White Wine
4485,5.80,0.12,0.21,1.30,0.06,35.00,121.00,0.99,3.32,0.33,11.40,6,White Wine
181,6.80,0.19,0.40,9.85,0.06,41.00,103.00,1.00,2.98,0.56,10.50,6,White Wine
2283,6.50,0.34,0.27,2.80,0.07,8.00,44.00,0.99,3.21,0.56,12.00,6,Red Wine
4289,6.40,0.23,0.32,1.90,0.04,40.00,118.00,0.99,3.32,0.53,11.80,7,White Wine
3134,6.80,0.43,0.26,5.20,0.04,40.00,176.00,0.99,3.17,0.41,12.30,6,White Wine
2380,6.80,0.27,0.29,4.60,0.05,6.00,88.00,0.99,3.34,0.48,10.60,4,White Wine
5781,7.70,0.32,0.61,11.80,0.04,66.00,188.00,1.00,3.00,0.54,9.30,5,White Wine
120,6.20,0.37,0.24,6.10,0.03,19.00,86.00,0.99,3.04,0.26,13.40,8,White Wine
5906,6.20,0.28,0.45,7.50,0.04,46.00,203.00,1.00,3.26,0.46,9.20,6,White Wine
6489,9.90,0.63,0.24,2.40,0.08,6.00,33.00,1.00,3.09,0.57,9.40,5,Red Wine
222,6.80,0.24,0.31,18.30,0.05,40.00,142.00,1.00,3.30,0.41,8.70,5,White Wine
3676,6.60,0.37,0.47,6.50,0.06,23.00,150.00,1.00,3.14,0.45,9.60,6,White Wine
4332,6.70,0.15,0.32,7.90,0.03,17.00,81.00,1.00,3.29,0.31,10.00,6,White Wine
2153,7.90,0.49,0.32,1.90,0.08,17.00,144.00,1.00,3.20,0.55,9.50,5,Red Wine
3285,6.40,0.23,0.27,2.10,0.04,35.00,100.00,0.99,3.03,0.63,10.90,6,White Wine
3590,7.90,0.51,0.25,2.90,0.08,21.00,45.00,1.00,3.49,0.96,12.10,6,Red Wine
4708,7.10,0.29,0.28,9.30,0.05,50.00,141.00,0.99,3.13,0.49,10.30,6,White Wine
3632,9.80,0.66,0.39,3.20,0.08,21.00,59.00,1.00,3.37,0.71,11.50,7,Red Wine
1576,7.20,0.49,0.18,2.70,0.07,13.00,34.00,1.00,3.29,0.48,9.20,6,Red Wine
6287,6.40,0.25,0.74,7.80,0.04,52.00,209.00,1.00,3.21,0.42,9.20,6,White Wine
5055,6.80,0.66,0.07,1.60,0.07,16.00,61.00,1.00,3.29,0.60,9.30,5,Red Wine
3557,5.10,0.33,0.22,1.60,0.03,18.00,89.00,0.99,3.51,0.38,12.50,7,White Wine
3109,6.20,0.44,0.39,2.50,0.08,6.00,14.00,1.00,3.51,0.69,11.00,6,Red Wine
4191,4.80,0.23,0.38,1.20,0.07,47.00,130.00,0.99,3.31,0.40,10.30,6,White Wine
6496,8.80,0.47,0.49,2.90,0.09,17.00,110.00,1.00,3.29,0.60,9.80,5,Red Wine
2544,8.20,0.64,0.10,2.10,0.07,25.00,60.00,1.00,3.29,0.75,10.90,6,Red Wine
6352,8.20,0.31,0.43,7.00,0.05,18.00,87.00,1.00,3.23,0.64,10.60,5,White Wine
6432,7.50,0.23,0.30,1.20,0.03,27.00,80.00,0.99,3.05,0.68,10.50,5,White Wine
62,12.00,0.38,0.56,2.10,0.09,6.00,24.00,1.00,3.14,0.71,10.90,6,Red Wine
2442,12.70,0.59,0.45,2.30,0.08,11.00,22.00,1.00,3.00,0.70,9.30,6,Red Wine
2444,7.60,0.36,0.31,1.70,0.08,26.00,65.00,1.00,3.46,0.62,9.50,6,Red Wine
5725,12.60,0.38,0.66,2.60,0.09,10.00,41.00,1.00,3.17,0.68,9.80,6,Red Wine
5533,6.90,0.16,0.30,9.60,0.06,50.00,185.00,1.00,3.39,0.38,9.60,6,White Wine
6490,6.50,0.29,0.25,10.60,0.04,32.00,120.00,1.00,3.31,0.34,10.10,6,White Wine
150,7.20,0.23,0.39,14.20,0.06,49.00,192.00,1.00,2.98,0.48,9.00,7,White Wine
403,7.80,0.19,0.32,7.40,0.01,47.00,124.00,0.99,2.99,0.39,11.00,6,White Wine
2437,5.10,0.26,0.34,6.40,0.03,26.00,99.00,0.99,3.23,0.41,9.20,6,White Wine
4691,6.80,0.30,0.29,6.20,0.03,29.00,95.00,0.99,3.03,0.32,12.90,7,White Wine
127,11.10,0.31,0.53,2.20,0.06,3.00,10.00,1.00,3.02,0.83,10.90,7,Red Wine
1508,5.80,0.13,0.26,5.10,0.04,19.00,103.00,0.99,3.36,0.47,9.30,6,White Wine
1797,7.50,0.38,0.33,9.20,0.04,19.00,116.00,0.99,3.08,0.42,11.40,6,White Wine
2508,7.70,0.35,0.46,11.80,0.09,61.00,183.00,1.00,2.86,0.47,9.00,5,White Wine
3825,8.10,0.31,0.24,1.60,0.03,10.00,67.00,0.99,3.08,0.47,10.50,5,White Wine
1107,7.40,0.19,0.49,9.30,0.03,26.00,132.00,0.99,2.99,0.32,11.00,7,White Wine
3980,8.30,0.24,0.27,2.10,0.03,22.00,162.00,0.99,2.99,0.68,11.90,6,White Wine
2022,6.50,0.24,0.38,1.00,0.03,31.00,90.00,0.99,3.24,0.36,12.30,6,White Wine
592,7.80,0.32,0.33,10.40,0.03,47.00,194.00,1.00,3.07,0.58,9.60,6,White Wine
1024,6.70,0.66,0.00,13.00,0.03,32.00,75.00,1.00,3.15,0.50,10.70,6,White Wine
3799,7.20,0.22,0.28,7.20,0.06,41.00,132.00,0.99,3.08,0.59,11.30,6,White Wine
4669,7.30,0.30,0.74,13.50,0.04,46.00,165.00,1.00,3.02,0.40,8.70,5,White Wine
3216,8.30,0.34,0.40,2.40,0.07,24.00,48.00,1.00,3.34,0.86,11.00,6,Red Wine
1904,6.80,0.36,0.32,1.80,0.07,4.00,8.00,0.99,3.36,0.55,12.80,7,Red Wine
1481,6.80,0.27,0.22,17.80,0.03,16.00,116.00,1.00,3.07,0.53,9.20,5,White Wine
116,6.90,0.18,0.36,1.30,0.04,40.00,117.00,0.99,3.27,0.95,9.50,7,White Wine
824,12.80,0.61,0.66,5.80,0.08,7.00,42.00,1.00,3.07,0.73,10.00,7,Red Wine
5438,7.40,0.33,0.26,15.60,0.05,67.00,210.00,1.00,3.06,0.68,9.50,5,White Wine
5265,7.20,0.50,0.18,2.10,0.07,12.00,31.00,1.00,3.52,0.72,9.60,6,Red Wine
1909,6.70,0.26,0.29,5.80,0.03,26.00,74.00,0.99,3.28,0.53,11.00,6,White Wine
3593,7.00,0.20,0.34,2.10,0.05,12.00,136.00,0.99,3.25,0.46,11.60,7,White Wine
4588,7.10,0.26,0.19,8.20,0.05,53.00,187.00,1.00,3.16,0.52,9.70,5,White Wine
5310,7.20,0.08,0.49,1.30,0.05,18.00,148.00,0.99,3.46,0.44,10.20,6,White Wine
2127,6.90,0.29,0.16,6.80,0.03,65.00,212.00,1.00,3.08,0.39,9.00,6,White Wine
742,7.00,0.43,0.30,2.00,0.09,6.00,39.00,0.99,3.33,0.46,11.90,6,Red Wine
417,13.00,0.47,0.49,4.30,0.09,6.00,47.00,1.00,3.30,0.68,12.70,6,Red Wine
2960,6.50,0.17,0.33,1.40,0.03,14.00,99.00,0.99,3.23,0.55,10.10,6,White Wine
2276,8.80,0.61,0.19,4.00,0.09,30.00,69.00,1.00,3.22,0.50,10.00,6,Red Wine
2414,7.10,0.43,0.25,2.80,0.04,43.00,132.00,0.99,3.21,0.47,13.40,6,White Wine
7,7.00,0.39,0.21,10.70,0.10,13.00,91.00,1.00,3.03,0.47,9.30,5,White Wine
790,6.30,0.24,0.37,1.80,0.03,6.00,61.00,0.99,3.30,0.34,12.20,4,White Wine
1890,6.60,0.25,0.32,5.60,0.04,15.00,68.00,0.99,2.96,0.52,11.10,6,White Wine
2206,8.10,0.26,0.27,4.30,0.03,43.00,123.00,0.99,3.16,0.33,11.20,6,White Wine
1782,6.40,0.26,0.21,7.10,0.04,35.00,162.00,1.00,3.39,0.58,9.90,6,White Wine
1616,6.60,0.27,0.30,1.90,0.03,14.00,153.00,0.99,3.29,0.62,10.50,6,White Wine
4591,5.50,0.23,0.19,2.20,0.04,39.00,161.00,0.99,3.19,0.43,10.40,6,White Wine
626,7.40,0.27,0.26,11.80,0.05,55.00,173.00,1.00,3.11,0.60,9.80,5,White Wine
6103,7.50,0.31,0.41,2.40,0.07,34.00,60.00,0.99,3.34,0.85,11.40,6,Red Wine
5966,7.90,0.58,0.23,2.30,0.08,23.00,94.00,1.00,3.21,0.58,9.50,6,Red Wine
798,9.40,0.59,0.14,2.00,0.08,25.00,48.00,1.00,3.14,0.56,9.70,5,Red Wine
2138,6.50,0.15,0.44,12.60,0.05,65.00,158.00,1.00,3.26,0.70,10.30,7,White Wine
2614,6.30,0.36,0.50,8.30,0.05,51.00,202.00,1.00,3.20,0.51,9.60,6,White Wine
1873,6.00,0.25,0.40,5.70,0.05,56.00,152.00,0.99,3.16,0.88,10.50,6,White Wine
4517,11.90,0.37,0.69,2.30,0.08,12.00,24.00,1.00,3.00,0.65,12.80,6,Red Wine
5188,11.70,0.45,0.63,2.20,0.07,7.00,23.00,1.00,3.21,0.69,10.90,6,Red Wine
6245,8.20,0.21,0.48,1.40,0.04,11.00,99.00,1.00,3.17,0.57,9.90,5,White Wine
4883,7.70,0.63,0.08,1.90,0.08,15.00,27.00,1.00,3.32,0.54,9.50,6,Red Wine
3336,7.90,0.72,0.17,2.60,0.10,20.00,38.00,1.00,3.40,0.53,9.50,5,Red Wine
1745,11.40,0.36,0.69,2.10,0.09,6.00,21.00,1.00,3.17,0.62,9.20,6,Red Wine
5317,6.70,0.41,0.01,2.80,0.05,39.00,137.00,0.99,3.24,0.35,9.50,5,White Wine
2428,7.20,0.25,0.32,1.50,0.05,27.00,132.00,0.99,3.26,0.44,10.50,5,White Wine
1409,7.90,0.16,0.74,17.85,0.04,52.00,187.00,1.00,2.99,0.41,9.30,5,White Wine
765,6.00,0.16,0.37,1.50,0.03,43.00,117.00,0.99,3.46,0.51,9.70,6,White Wine
4997,6.20,0.33,0.27,4.90,0.04,30.00,134.00,0.99,3.20,0.42,10.40,7,White Wine
4326,6.70,0.46,0.18,2.40,0.03,25.00,98.00,0.99,3.08,0.44,12.60,7,White Wine
4600,7.30,0.25,0.36,13.10,0.05,35.00,200.00,1.00,3.04,0.46,8.90,7,White Wine
6056,6.40,0.32,0.35,4.80,0.03,34.00,101.00,0.99,3.36,0.60,12.50,8,White Wine
2710,9.60,0.25,0.54,1.30,0.04,16.00,160.00,0.99,2.94,0.43,10.50,5,White Wine
3102,5.10,0.35,0.26,6.80,0.03,36.00,120.00,0.99,3.38,0.40,11.50,6,White Wine
6399,8.80,0.66,0.26,1.70,0.07,4.00,23.00,1.00,3.15,0.74,9.20,5,Red Wine
1796,7.70,0.11,0.34,14.05,0.04,41.00,114.00,1.00,3.07,0.59,11.00,7,White Wine
4756,8.40,0.18,0.42,5.10,0.04,7.00,77.00,0.99,3.16,0.52,11.70,5,White Wine
2634,7.10,0.39,0.30,9.90,0.04,29.00,124.00,0.99,3.07,0.42,10.90,6,White Wine
123,6.90,0.40,0.56,11.20,0.04,40.00,142.00,1.00,3.14,0.46,8.70,5,White Wine
6460,6.10,0.44,0.28,4.25,0.03,43.00,132.00,0.99,3.26,0.47,11.30,7,White Wine
2789,6.20,0.32,0.24,4.10,0.05,34.00,149.00,0.99,3.36,0.52,11.00,5,White Wine
5370,9.00,0.26,0.34,6.70,0.03,21.00,162.00,0.99,3.08,0.50,10.60,6,White Wine
1629,7.40,0.58,0.00,2.00,0.06,7.00,11.00,1.00,3.45,0.58,11.30,6,Red Wine
4777,6.70,0.46,0.21,4.00,0.03,12.00,88.00,0.99,3.26,0.54,13.00,6,White Wine
5672,7.20,0.23,0.82,1.30,0.15,70.00,109.00,0.99,2.93,0.42,9.20,6,White Wine
2236,7.60,0.19,0.37,13.10,0.03,52.00,151.00,1.00,3.18,0.79,10.40,6,White Wine
1233,9.60,0.41,0.37,2.30,0.09,10.00,23.00,1.00,3.24,0.56,10.50,5,Red Wine
4787,6.60,0.33,0.32,15.60,0.05,62.00,227.00,1.00,3.25,0.56,10.40,5,White Wine
1320,6.70,0.41,0.34,9.20,0.05,29.00,150.00,1.00,3.22,0.51,9.10,5,White Wine
6203,6.30,0.39,0.24,6.90,0.07,9.00,117.00,0.99,3.15,0.35,10.20,4,White Wine
2538,6.90,0.40,0.30,10.60,0.03,24.00,87.00,0.99,3.15,0.45,12.80,6,White Wine
1502,7.30,0.67,0.05,3.60,0.11,6.00,20.00,1.00,3.40,0.63,10.10,5,Red Wine
2589,8.00,0.52,0.03,1.70,0.07,10.00,35.00,1.00,3.34,0.57,10.00,5,Red Wine
6369,9.80,0.50,0.49,2.60,0.25,5.00,20.00,1.00,3.31,0.79,10.70,6,Red Wine
3749,8.70,0.31,0.73,14.35,0.04,27.00,191.00,1.00,2.96,0.88,8.70,5,White Wine
4478,7.80,0.23,0.28,4.75,0.04,45.00,166.00,0.99,2.96,0.40,11.50,5,White Wine
2264,6.60,0.61,0.01,1.90,0.08,8.00,25.00,1.00,3.69,0.73,10.50,5,Red Wine
3137,6.10,0.44,0.28,4.25,0.03,43.00,132.00,0.99,3.26,0.47,11.27,7,White Wine
3272,6.90,0.38,0.32,8.50,0.04,36.00,152.00,0.99,3.38,0.35,12.00,7,White Wine
1408,7.40,0.16,0.27,15.50,0.05,25.00,135.00,1.00,2.90,0.43,8.70,7,White Wine
3877,7.30,0.22,0.37,14.30,0.06,48.00,191.00,1.00,2.89,0.38,9.00,6,White Wine
5487,8.50,0.21,0.26,9.25,0.03,73.00,142.00,0.99,3.05,0.37,11.40,6,White Wine
2495,6.10,0.36,0.58,15.00,0.04,42.00,115.00,1.00,3.15,0.51,9.00,5,White Wine
2458,6.30,0.33,0.42,17.20,0.04,57.00,170.00,1.00,3.26,0.57,9.40,6,White Wine
4825,9.70,0.32,0.54,2.50,0.09,28.00,83.00,1.00,3.28,0.82,9.60,5,Red Wine
6360,6.00,0.28,0.25,1.80,0.04,8.00,108.00,0.99,3.08,0.55,9.00,5,White Wine
1527,13.00,0.47,0.49,4.30,0.09,6.00,47.00,1.00,3.30,0.68,12.70,6,Red Wine
2511,6.10,0.25,0.30,1.20,0.04,42.00,107.00,0.99,3.34,0.56,10.80,7,White Wine
1125,7.00,0.21,0.28,7.50,0.07,45.00,185.00,1.00,3.34,0.55,9.40,5,White Wine
1321,7.00,0.16,0.25,14.30,0.04,27.00,149.00,1.00,2.91,0.46,9.20,6,White Wine
1937,8.50,0.16,0.33,1.00,0.08,17.00,57.00,0.99,3.14,0.46,10.60,6,White Wine
3952,5.50,0.24,0.45,1.70,0.05,22.00,113.00,0.99,3.22,0.48,10.00,5,White Wine
3115,11.90,0.38,0.49,2.70,0.10,12.00,42.00,1.00,3.16,0.61,10.30,5,Red Wine
3525,7.70,0.28,0.33,6.70,0.04,32.00,155.00,1.00,3.39,0.62,10.70,7,White Wine
4470,7.60,0.32,0.35,1.60,0.09,24.00,138.00,0.99,3.19,0.44,9.80,5,White Wine
5910,7.60,0.41,0.49,2.00,0.09,16.00,43.00,1.00,3.48,0.64,9.10,5,Red Wine
3437,7.90,0.18,0.37,3.00,0.06,25.00,178.00,0.99,3.22,0.51,10.00,6,White Wine
2167,7.00,0.55,0.13,2.20,0.07,15.00,35.00,1.00,3.36,0.59,9.70,6,Red Wine
3271,8.90,0.31,0.57,2.00,0.11,26.00,85.00,1.00,3.26,0.53,9.70,5,Red Wine
4335,6.20,0.35,0.29,7.30,0.04,56.00,244.00,1.00,3.36,0.55,10.00,6,White Wine
2742,7.50,0.26,0.59,11.80,0.05,58.00,164.00,1.00,3.17,0.46,8.90,4,White Wine
4704,6.90,0.29,0.25,12.20,0.04,29.00,136.00,1.00,3.05,0.65,10.40,6,White Wine
4452,6.10,0.38,0.42,5.00,0.02,31.00,113.00,0.99,3.15,0.31,12.40,7,White Wine
1874,6.00,0.19,0.71,1.50,0.15,9.00,55.00,0.99,3.12,0.46,9.80,6,White Wine
5630,6.90,0.32,0.26,2.30,0.03,11.00,103.00,0.99,3.06,0.42,11.10,6,White Wine
2309,6.60,0.26,0.46,7.80,0.05,48.00,186.00,1.00,3.20,0.54,9.10,5,White Wine
3366,5.80,0.27,0.22,12.70,0.06,42.00,206.00,0.99,3.32,0.38,12.30,6,White Wine
4545,7.00,0.17,0.37,5.70,0.03,29.00,111.00,0.99,3.20,0.49,10.80,6,White Wine
571,8.00,0.30,0.63,1.60,0.08,16.00,29.00,1.00,3.30,0.78,10.80,6,Red Wine
3748,7.30,0.23,0.41,14.60,0.05,73.00,223.00,1.00,3.16,0.71,9.40,6,White Wine
901,8.00,0.27,0.57,10.40,0.05,18.00,134.00,1.00,3.12,0.68,9.00,5,White Wine
6182,5.00,0.33,0.18,4.60,0.03,40.00,124.00,0.99,3.18,0.40,11.00,6,White Wine
3747,6.20,0.36,0.14,8.90,0.04,38.00,155.00,1.00,3.27,0.50,9.40,5,White Wine
6232,5.80,0.34,0.14,5.80,0.05,49.00,197.00,0.99,3.30,0.71,10.30,5,White Wine
5839,7.30,0.37,0.16,14.90,0.05,59.00,240.00,1.00,3.13,0.45,8.90,5,White Wine
1289,7.50,0.24,0.31,13.10,0.05,26.00,180.00,1.00,3.05,0.53,9.10,6,White Wine
4087,6.40,0.21,0.44,7.40,0.04,47.00,182.00,1.00,3.24,0.46,9.10,5,White Wine
3096,8.20,0.22,0.49,9.60,0.04,53.00,154.00,1.00,3.02,0.33,10.60,6,White Wine
1630,8.10,0.17,0.21,1.60,0.04,24.00,119.00,0.99,3.18,0.52,10.10,6,White Wine
3458,7.00,0.19,0.33,6.30,0.03,42.00,127.00,0.99,3.31,0.38,12.20,6,White Wine
3971,7.30,0.32,0.23,2.30,0.07,35.00,70.00,1.00,3.43,0.62,10.10,5,Red Wine
3661,7.00,0.44,0.24,12.10,0.06,68.00,210.00,1.00,3.05,0.50,9.50,5,White Wine
1291,6.90,0.32,0.30,1.80,0.04,28.00,117.00,0.99,3.24,0.48,11.00,6,White Wine
397,5.80,0.28,0.34,2.20,0.04,24.00,125.00,0.99,3.36,0.33,12.80,8,White Wine
2532,7.00,0.73,0.05,2.00,0.08,13.00,54.00,1.00,3.39,0.57,9.80,5,Red Wine
2129,5.90,0.21,0.31,1.80,0.03,45.00,142.00,0.99,3.35,0.50,12.70,6,White Wine
1178,10.00,0.49,0.20,11.00,0.07,13.00,50.00,1.00,3.16,0.69,9.20,6,Red Wine
1711,7.70,0.44,0.24,11.20,0.03,41.00,167.00,0.99,3.12,0.43,11.30,7,White Wine
5730,6.50,0.28,0.28,8.50,0.05,54.00,210.00,1.00,3.09,0.54,8.90,4,White Wine
5653,6.50,0.23,0.25,17.30,0.05,15.00,110.00,1.00,3.15,0.42,9.20,6,White Wine
5802,7.30,0.21,0.29,1.60,0.03,29.00,118.00,0.99,3.30,0.50,11.00,8,White Wine
1169,6.70,0.28,0.28,2.40,0.01,36.00,100.00,0.99,3.26,0.39,11.70,7,Red Wine
4709,5.60,0.33,0.28,1.20,0.03,33.00,97.00,0.99,3.49,0.58,10.90,6,White Wine
4057,6.60,0.38,0.36,9.20,0.06,42.00,214.00,1.00,3.31,0.56,9.40,5,White Wine
3316,6.20,0.20,0.31,1.00,0.03,22.00,73.00,0.99,3.24,0.52,11.30,6,White Wine
183,11.60,0.53,0.66,3.65,0.12,6.00,14.00,1.00,3.05,0.74,11.50,7,Red Wine
3268,8.40,0.58,0.27,12.15,0.03,37.00,116.00,1.00,2.99,0.39,10.80,6,White Wine
4207,7.60,0.73,0.02,2.50,0.07,10.00,14.00,1.00,3.51,0.71,11.70,7,Red Wine
2827,8.20,0.28,0.60,3.00,0.10,10.00,22.00,1.00,3.39,0.68,10.60,5,Red Wine
4066,7.00,0.69,0.07,2.50,0.09,15.00,21.00,1.00,3.38,0.60,11.30,6,Red Wine
6241,7.70,0.25,0.43,4.50,0.06,20.00,115.00,1.00,3.38,0.50,9.90,6,White Wine
2286,6.70,0.26,0.49,8.30,0.05,54.00,191.00,1.00,3.23,0.40,10.30,6,White Wine
5131,6.90,0.38,0.25,9.80,0.04,28.00,191.00,1.00,3.28,0.61,9.20,5,White Wine
5657,5.90,0.25,0.24,7.40,0.04,21.00,113.00,0.99,3.38,0.58,10.50,6,White Wine
5217,6.40,0.26,0.49,6.40,0.04,37.00,161.00,1.00,3.38,0.53,9.70,6,White Wine
5471,4.80,0.26,0.23,10.60,0.03,23.00,111.00,0.99,3.46,0.28,11.50,7,White Wine
2822,7.40,0.61,0.01,2.00,0.07,13.00,38.00,1.00,3.48,0.65,9.80,5,Red Wine
2541,6.90,0.30,0.25,3.30,0.04,26.00,124.00,0.99,3.18,0.50,9.30,6,White Wine
2598,7.00,0.32,0.35,1.50,0.04,24.00,125.00,0.99,3.17,0.64,12.20,6,White Wine
4147,8.60,0.52,0.38,1.50,0.10,5.00,18.00,1.00,3.20,0.52,9.40,5,Red Wine
3802,6.60,0.44,0.15,2.10,0.08,22.00,53.00,1.00,3.32,0.62,9.30,5,Red Wine
4867,9.20,0.14,0.37,1.10,0.03,36.00,84.00,0.99,3.05,0.55,11.60,6,White Wine
1882,8.10,0.20,0.36,9.70,0.04,63.00,162.00,1.00,3.10,0.46,10.00,6,White Wine
4526,6.00,0.33,0.26,5.10,0.05,16.00,119.00,0.99,3.15,0.41,9.20,5,White Wine
4866,9.70,0.31,0.47,1.60,0.06,13.00,33.00,1.00,3.27,0.66,10.00,6,Red Wine
645,6.00,0.13,0.28,5.70,0.04,56.00,189.50,0.99,3.59,0.43,10.60,7,White Wine
5497,6.60,0.78,0.50,1.50,0.04,30.00,133.00,0.99,3.25,0.48,11.70,5,White Wine
4039,7.30,0.24,0.34,15.40,0.05,38.00,174.00,1.00,3.03,0.42,9.00,6,White Wine
1443,8.30,0.33,0.43,9.20,0.05,22.00,126.00,1.00,3.38,0.47,9.30,5,White Wine
6324,8.00,0.32,0.36,4.60,0.04,56.00,178.00,0.99,3.29,0.47,12.00,6,White Wine
5479,7.00,0.81,0.00,2.50,0.07,7.00,20.00,1.00,3.48,0.56,9.60,5,Red Wine
6407,6.60,0.29,0.31,3.90,0.03,39.00,96.00,0.99,3.24,0.60,12.60,8,White Wine
2739,6.70,0.16,0.32,12.50,0.04,18.00,156.00,1.00,2.88,0.36,9.00,6,White Wine
3430,6.30,0.30,0.91,8.20,0.03,50.00,199.00,0.99,3.39,0.49,11.70,6,White Wine
761,6.80,0.23,0.42,7.40,0.04,56.00,189.00,1.00,3.22,0.48,9.30,6,White Wine
947,8.50,0.44,0.50,1.90,0.37,15.00,38.00,1.00,3.01,1.10,9.40,5,Red Wine
3997,7.30,0.23,0.34,9.30,0.05,19.00,86.00,1.00,3.04,0.56,10.00,5,White Wine
4791,8.60,0.47,0.47,2.40,0.07,7.00,29.00,1.00,3.08,0.46,9.50,5,Red Wine
625,5.80,0.41,0.13,1.40,0.04,11.00,64.00,0.99,3.29,0.52,10.50,5,White Wine
395,8.00,0.30,0.49,9.40,0.05,47.00,188.00,1.00,3.14,0.48,10.00,5,White Wine
2499,7.20,0.26,0.26,12.70,0.04,49.00,214.00,1.00,3.41,0.50,10.00,6,White Wine
5837,8.30,0.76,0.29,4.20,0.07,12.00,16.00,1.00,3.45,0.68,11.50,6,Red Wine
3962,8.00,0.27,0.33,1.20,0.05,41.00,103.00,0.99,3.00,0.45,12.40,6,White Wine
3383,5.70,0.22,0.25,1.10,0.05,97.00,175.00,0.99,3.44,0.62,11.10,6,White Wine
2555,6.00,0.35,0.46,0.90,0.03,9.00,65.00,0.99,3.24,0.35,12.10,4,White Wine
5956,6.30,0.16,0.22,1.30,0.05,18.00,66.00,0.99,3.61,0.55,10.30,6,White Wine
3189,6.90,0.63,0.33,6.70,0.23,66.00,115.00,1.00,3.22,0.56,9.50,5,Red Wine
5305,7.00,0.48,0.12,4.50,0.05,23.00,86.00,0.99,2.86,0.35,9.00,5,White Wine
6493,5.80,0.24,0.39,1.50,0.05,37.00,158.00,0.99,3.21,0.52,9.30,6,White Wine
5003,8.50,0.23,0.34,1.30,0.04,54.00,110.00,0.99,3.07,0.55,11.00,7,White Wine
3308,7.50,0.71,0.00,1.60,0.09,22.00,31.00,1.00,3.38,0.58,10.00,6,Red Wine
165,8.80,0.61,0.14,2.40,0.07,10.00,42.00,1.00,3.19,0.59,9.50,5,Red Wine
1415,6.80,0.32,0.30,1.00,0.05,22.00,113.00,0.99,3.24,0.61,10.20,5,White Wine
1821,8.90,0.24,0.33,15.75,0.04,16.00,132.00,1.00,3.00,0.37,12.10,6,White Wine
1102,9.20,0.34,0.54,17.30,0.06,46.00,235.00,1.00,3.08,0.61,8.80,6,White Wine
3851,6.00,0.28,0.22,12.15,0.05,42.00,163.00,1.00,3.20,0.46,10.10,5,White Wine
3017,10.00,0.59,0.31,2.20,0.09,26.00,62.00,1.00,3.18,0.63,10.20,6,Red Wine
523,6.70,0.35,0.48,8.80,0.06,35.00,167.00,1.00,3.04,0.47,9.40,5,White Wine
103,7.40,0.28,0.50,12.10,0.05,48.00,122.00,1.00,3.01,0.44,9.00,5,White Wine
5823,8.20,0.34,0.37,1.90,0.06,43.00,74.00,0.99,3.23,0.81,12.00,6,Red Wine
699,7.40,0.25,0.49,1.10,0.04,35.00,156.00,0.99,3.13,0.55,11.30,5,White Wine
6034,7.40,0.18,0.36,13.10,0.06,72.00,163.00,1.00,3.42,0.35,9.10,6,White Wine
3765,8.30,0.23,0.43,3.20,0.04,14.00,101.00,0.99,3.15,0.36,11.50,5,White Wine
5404,8.50,0.19,0.48,1.10,0.03,23.00,58.00,0.99,2.90,0.50,10.50,6,White Wine
448,7.10,0.39,0.39,11.10,0.03,25.00,204.00,1.00,3.05,0.52,10.00,6,White Wine
4949,6.70,0.21,0.34,1.50,0.04,45.00,123.00,0.99,3.24,0.36,12.60,7,White Wine
3800,6.60,0.39,0.22,4.00,0.04,17.00,98.00,0.99,3.25,0.53,13.00,7,White Wine
5705,6.80,0.31,0.19,3.50,0.09,30.00,130.00,0.99,2.83,0.44,9.60,5,White Wine
3467,5.60,0.62,0.03,1.50,0.08,6.00,13.00,0.99,3.66,0.62,10.10,4,Red Wine
2524,5.20,0.18,0.22,1.00,0.03,47.00,123.00,0.99,3.55,0.44,10.15,6,White Wine
6067,7.00,0.11,0.32,4.60,0.06,59.00,144.00,1.00,3.55,0.44,9.40,7,White Wine
4535,6.80,0.92,0.29,4.80,0.07,15.00,39.00,1.00,3.53,0.54,11.10,5,Red Wine
3087,7.30,0.28,0.36,12.70,0.04,38.00,140.00,1.00,3.30,0.79,9.60,6,White Wine
131,10.50,0.36,0.47,2.20,0.07,9.00,23.00,1.00,3.23,0.76,12.00,6,Red Wine
2520,6.00,0.29,0.41,10.80,0.05,55.00,149.00,0.99,3.09,0.59,10.97,7,White Wine
213,6.60,0.26,0.27,11.80,0.05,28.00,112.00,1.00,2.87,0.49,9.70,6,White Wine
3356,6.40,0.43,0.27,1.10,0.05,5.00,110.00,0.99,3.24,0.52,9.10,4,White Wine
3797,6.90,0.23,0.24,14.20,0.05,19.00,94.00,1.00,3.17,0.50,9.60,5,White Wine
1614,7.50,0.63,0.12,5.10,0.11,50.00,110.00,1.00,3.26,0.77,9.40,5,Red Wine
2927,6.80,0.24,0.38,8.30,0.04,50.00,185.00,1.00,3.15,0.50,9.50,6,White Wine
833,7.00,0.16,0.32,8.30,0.04,38.00,126.00,1.00,3.21,0.34,9.20,5,White Wine
4940,5.60,0.25,0.26,3.60,0.04,18.00,115.00,0.99,3.42,0.50,12.60,6,White Wine
1383,7.70,0.18,0.35,5.80,0.06,25.00,144.00,1.00,3.24,0.54,10.20,6,White Wine
5899,7.40,0.15,0.34,2.30,0.04,73.50,214.00,0.99,3.18,0.61,9.90,7,White Wine
858,6.90,0.48,0.20,1.90,0.08,9.00,23.00,1.00,3.39,0.43,9.05,4,Red Wine
5538,6.30,0.23,0.22,3.75,0.04,37.00,116.00,0.99,3.23,0.50,10.70,6,White Wine
6017,6.00,0.31,0.27,2.30,0.04,19.00,120.00,0.99,3.32,0.41,12.70,7,White Wine
3070,6.00,0.27,0.26,1.30,0.04,32.00,138.00,0.99,3.46,0.43,11.10,6,White Wine
656,8.50,0.18,0.51,1.75,0.07,45.00,88.00,1.00,3.33,0.76,11.80,7,Red Wine
3329,5.50,0.14,0.27,4.60,0.03,22.00,104.00,0.99,3.34,0.44,9.00,5,White Wine
2576,6.40,0.26,0.21,7.10,0.04,35.00,162.00,1.00,3.39,0.58,9.90,6,White Wine
2593,5.80,0.31,0.31,7.50,0.05,55.00,230.00,0.99,3.19,0.46,9.80,5,White Wine
3105,7.30,0.74,0.08,1.70,0.09,10.00,45.00,1.00,3.24,0.50,9.80,5,Red Wine
1510,7.20,0.27,0.28,15.20,0.05,6.00,41.00,1.00,3.17,0.39,10.90,6,White Wine
808,8.10,0.33,0.44,1.50,0.04,6.00,12.00,1.00,3.35,0.61,10.70,5,Red Wine
2376,7.50,0.30,0.32,1.40,0.03,31.00,161.00,0.99,2.95,0.42,10.50,5,White Wine
2253,8.90,0.48,0.53,4.00,0.10,3.00,10.00,1.00,3.21,0.59,12.10,7,Red Wine
1130,8.00,0.37,0.31,4.70,0.04,3.00,127.00,0.99,2.90,0.72,12.10,5,White Wine
1440,5.20,0.37,0.33,1.20,0.03,13.00,81.00,0.99,3.37,0.38,11.70,6,White Wine
5015,8.00,0.64,0.22,2.40,0.09,5.00,33.00,1.00,3.37,0.58,11.00,5,Red Wine
324,7.20,0.23,0.38,14.30,0.06,55.00,194.00,1.00,3.09,0.44,9.00,6,White Wine
5535,5.80,0.30,0.27,1.70,0.01,45.00,104.00,0.99,3.40,0.56,12.60,7,White Wine
662,8.90,0.13,0.49,1.00,0.03,6.00,24.00,0.99,2.91,0.32,9.90,5,White Wine
79,8.80,0.61,0.19,4.00,0.09,30.00,69.00,1.00,3.22,0.50,10.00,6,Red Wine
83,7.60,0.49,0.33,1.90,0.07,27.00,85.00,1.00,3.41,0.58,9.00,5,Red Wine
2733,8.00,0.26,0.36,2.00,0.05,30.00,121.00,0.99,3.09,0.72,11.60,7,White Wine
5130,7.30,0.24,0.29,1.20,0.04,37.00,97.00,0.99,3.19,0.70,10.10,6,White Wine
5620,5.70,0.25,0.27,10.80,0.05,58.00,116.00,1.00,3.10,0.50,9.80,6,White Wine
3142,6.00,0.23,0.34,1.30,0.03,23.00,111.00,0.99,3.36,0.37,12.70,6,White Wine
6165,6.00,0.33,0.38,9.70,0.04,29.00,124.00,1.00,3.47,0.48,11.00,6,White Wine
3806,7.40,0.26,0.43,6.00,0.02,22.00,125.00,0.99,3.13,0.55,11.50,6,White Wine
1360,6.80,0.16,0.40,2.30,0.04,18.00,102.00,0.99,3.49,0.42,11.40,7,White Wine
5440,6.40,0.22,0.34,1.80,0.06,29.00,104.00,1.00,3.81,0.57,10.30,6,White Wine
1153,8.90,0.34,0.34,1.60,0.06,13.00,176.00,0.99,3.14,0.47,9.70,5,White Wine
1842,8.80,0.27,0.39,2.00,0.10,20.00,27.00,1.00,3.15,0.69,11.20,6,Red Wine
363,6.20,0.56,0.09,1.70,0.05,24.00,32.00,0.99,3.54,0.60,11.30,5,Red Wine
5115,6.00,0.23,0.15,9.70,0.05,101.00,207.00,1.00,3.05,0.30,9.10,5,White Wine
4562,7.40,0.23,0.43,1.40,0.04,22.00,113.00,0.99,3.22,0.62,10.60,6,White Wine
2386,6.50,0.31,0.61,13.00,0.05,31.00,123.00,1.00,3.09,0.50,9.30,6,White Wine
697,7.60,0.39,0.31,2.30,0.08,23.00,71.00,1.00,3.52,0.65,9.70,5,Red Wine
3478,7.10,0.73,0.16,1.90,0.10,15.00,77.00,1.00,3.27,0.64,9.30,5,Red Wine
911,7.00,0.22,0.29,8.90,0.05,24.00,90.00,1.00,3.29,0.46,9.80,6,White Wine
3399,10.70,0.40,0.37,1.90,0.08,17.00,29.00,1.00,3.12,0.65,11.20,6,Red Wine
5403,5.70,0.21,0.25,1.10,0.04,26.00,81.00,0.99,3.31,0.52,11.40,6,White Wine
4409,9.40,0.40,0.31,2.20,0.09,13.00,62.00,1.00,3.07,0.63,10.50,6,Red Wine
2874,7.30,0.19,0.27,13.90,0.06,45.00,155.00,1.00,2.94,0.41,8.80,8,White Wine
6092,7.10,0.27,0.24,12.60,0.04,48.00,118.00,1.00,3.04,0.56,10.00,7,White Wine
2317,7.40,0.25,0.37,13.50,0.06,52.00,192.00,1.00,3.00,0.44,9.10,5,White Wine
78,5.20,0.28,0.29,5.15,0.04,64.00,138.00,0.99,3.19,0.34,12.40,8,White Wine
5703,7.50,0.35,0.37,2.50,0.07,29.00,89.00,0.99,3.14,0.42,12.70,6,White Wine
5815,5.70,0.22,0.22,16.65,0.04,39.00,110.00,1.00,3.24,0.48,9.00,6,White Wine
3372,6.60,0.23,0.30,14.90,0.05,33.00,118.00,1.00,3.04,0.54,9.00,6,White Wine
6379,6.10,0.28,0.25,12.90,0.05,34.00,189.00,1.00,3.25,0.43,9.00,4,White Wine
3163,8.40,0.36,0.32,2.20,0.08,32.00,79.00,1.00,3.30,0.72,11.00,6,Red Wine
6188,6.10,0.16,0.24,1.40,0.05,17.00,77.00,0.99,3.66,0.57,10.30,6,White Wine
2045,6.90,0.24,0.34,4.70,0.04,43.00,161.00,0.99,3.20,0.59,10.60,6,White Wine
1623,5.30,0.17,0.24,1.10,0.05,25.00,105.00,0.99,3.32,0.47,9.10,5,White Wine
6091,6.60,0.24,0.28,1.80,0.03,39.00,132.00,0.99,3.34,0.46,11.40,5,White Wine
1613,6.60,0.22,0.37,1.20,0.06,45.00,199.00,0.99,3.37,0.55,10.30,7,White Wine
510,6.10,0.38,0.14,3.90,0.06,27.00,113.00,0.99,3.07,0.34,9.20,4,White Wine
5727,7.00,0.24,0.30,4.20,0.04,41.00,213.00,0.99,3.28,0.49,11.80,6,White Wine
4206,7.80,0.60,0.26,2.00,0.08,31.00,131.00,1.00,3.21,0.52,9.90,5,Red Wine
4636,6.80,0.21,0.42,1.20,0.04,24.00,126.00,0.99,3.09,0.87,10.90,6,White Wine
5825,6.50,0.33,0.30,3.80,0.04,34.00,88.00,0.99,3.25,0.63,12.50,7,White Wine
2097,9.60,0.23,0.40,1.50,0.04,19.00,135.00,0.99,2.96,0.49,10.90,5,White Wine
5041,7.60,0.31,0.27,8.80,0.02,57.00,156.00,0.99,3.08,0.38,11.00,7,White Wine
1498,5.40,0.33,0.31,4.00,0.03,27.00,108.00,0.99,3.30,0.43,12.20,7,White Wine
1776,10.20,0.36,0.64,2.90,0.12,10.00,41.00,1.00,3.23,0.66,12.50,6,Red Wine
1218,6.20,0.22,0.49,6.00,0.03,31.00,128.00,0.99,3.41,0.36,11.30,8,White Wine
2321,6.30,0.22,0.33,1.70,0.04,67.00,164.00,0.99,3.32,0.56,10.40,6,White Wine
1344,5.90,0.29,0.28,3.20,0.04,16.00,117.00,0.99,3.26,0.42,12.60,6,White Wine
236,7.20,0.24,0.30,1.20,0.04,11.00,95.00,0.99,2.96,0.36,12.50,6,White Wine
4758,6.60,0.17,0.26,7.40,0.05,45.00,128.00,0.99,3.16,0.37,10.00,6,White Wine
6218,7.00,0.16,0.26,6.85,0.05,30.00,220.00,1.00,3.38,0.58,10.10,6,White Wine
3752,6.20,0.38,0.42,2.50,0.04,34.00,117.00,0.99,3.36,0.59,11.60,7,White Wine
3062,6.10,0.22,0.31,1.40,0.04,40.00,129.00,0.99,3.45,0.59,10.90,5,White Wine
373,6.70,0.11,0.26,14.80,0.05,44.00,95.00,1.00,3.20,0.35,9.80,6,White Wine
3232,6.70,0.33,0.34,6.60,0.07,35.00,156.00,1.00,3.11,0.48,9.30,6,White Wine
2474,6.40,0.33,0.44,8.90,0.06,52.00,164.00,0.99,3.10,0.48,9.60,5,White Wine
1407,7.80,0.28,0.32,9.00,0.04,34.00,115.00,1.00,3.17,0.39,10.30,7,White Wine
611,5.90,0.61,0.08,2.10,0.07,16.00,24.00,0.99,3.56,0.77,11.10,6,Red Wine
5929,8.90,0.33,0.32,1.50,0.05,11.00,200.00,1.00,3.19,0.46,9.40,5,White Wine
3995,6.90,0.22,0.32,5.80,0.04,20.00,119.00,0.99,3.17,0.55,11.20,6,White Wine
5883,7.00,0.61,0.26,1.70,0.05,25.00,161.00,0.99,3.36,0.60,10.60,4,White Wine
2352,6.90,0.19,0.32,7.90,0.04,30.00,130.00,0.99,3.40,0.39,10.50,6,White Wine
5503,7.20,0.72,0.05,4.65,0.09,4.00,11.00,1.00,3.41,0.39,10.90,5,Red Wine
1674,6.10,0.60,0.12,1.80,0.05,11.00,76.00,0.99,3.42,0.48,10.40,4,White Wine
1297,6.00,0.20,0.26,6.80,0.05,22.00,93.00,0.99,3.15,0.42,11.00,6,White Wine
5726,7.40,0.27,0.48,1.10,0.05,17.00,132.00,0.99,3.19,0.49,11.60,6,White Wine
4567,7.10,0.38,0.42,11.80,0.04,32.00,193.00,1.00,3.04,0.49,10.00,6,White Wine
2333,7.20,0.31,0.35,7.20,0.05,45.00,178.00,1.00,3.14,0.53,9.70,5,White Wine
4710,8.30,0.62,0.20,1.50,0.08,27.00,119.00,1.00,3.16,1.12,9.10,4,Red Wine
1659,7.60,0.19,0.42,1.50,0.04,6.00,114.00,0.99,3.04,0.74,12.80,6,White Wine
5323,8.20,1.00,0.09,2.30,0.07,7.00,37.00,1.00,3.32,0.55,9.00,6,Red Wine
4546,6.90,0.28,0.37,9.10,0.04,16.00,76.00,0.99,3.05,0.54,11.10,5,White Wine
3549,8.10,0.20,0.40,2.00,0.04,19.00,87.00,0.99,3.12,0.54,11.20,6,White Wine
2695,6.90,0.52,0.54,7.90,0.04,23.00,169.00,0.99,3.26,0.47,12.20,6,White Wine
6388,6.40,0.34,0.10,1.10,0.05,19.00,84.00,0.99,3.21,0.38,9.80,5,White Wine
3543,6.50,0.35,0.31,10.20,0.07,58.00,170.00,1.00,3.18,0.49,9.40,5,White Wine
6080,7.40,0.20,0.28,9.10,0.05,29.00,95.00,1.00,3.16,0.47,9.80,7,White Wine
6128,6.20,0.45,0.26,4.40,0.06,63.00,206.00,0.99,3.27,0.52,9.80,4,White Wine
4497,7.70,0.18,0.30,1.20,0.05,49.00,199.00,0.99,3.03,0.38,9.30,5,White Wine
5800,5.40,0.83,0.08,1.20,0.05,13.00,93.00,0.99,3.57,0.85,13.00,7,Red Wine
243,7.40,0.31,0.48,14.20,0.04,62.00,204.00,1.00,3.06,0.59,9.40,5,White Wine
2581,6.40,0.21,0.21,5.10,0.10,21.00,105.00,0.99,3.07,0.46,9.60,5,White Wine
6042,6.90,0.31,0.34,1.60,0.03,23.00,128.00,0.99,3.37,0.47,11.70,6,White Wine
3215,7.60,0.14,0.74,1.60,0.04,27.00,103.00,0.99,3.07,0.40,10.80,7,White Wine
2800,6.80,0.61,0.20,1.80,0.08,11.00,65.00,1.00,3.54,0.58,9.30,5,Red Wine
5905,6.80,0.25,0.29,2.00,0.04,19.00,189.00,1.00,3.46,0.54,10.20,6,White Wine
6410,6.40,0.24,0.26,8.20,0.05,47.00,182.00,1.00,3.12,0.50,9.50,5,White Wine
1681,6.20,0.27,0.32,6.30,0.05,47.00,159.00,0.99,3.21,0.60,11.00,6,White Wine
6275,5.80,0.23,0.20,2.00,0.04,39.00,154.00,0.99,3.21,0.39,10.20,6,White Wine
3047,6.80,0.23,0.30,1.70,0.04,19.00,95.00,0.99,3.17,0.46,10.70,7,White Wine
2503,6.00,0.11,0.47,10.60,0.05,69.00,148.00,1.00,2.91,0.34,9.30,4,White Wine
4560,7.30,0.27,0.39,6.70,0.06,28.00,188.00,1.00,3.29,0.30,9.70,5,White Wine
3716,7.30,0.28,0.37,1.20,0.04,26.00,99.00,0.99,3.01,0.62,10.80,5,White Wine
445,7.70,0.30,0.23,2.00,0.07,28.00,138.00,0.99,3.11,0.62,9.80,5,White Wine
5978,6.70,0.64,0.23,2.10,0.08,11.00,119.00,1.00,3.36,0.70,10.90,5,Red Wine
1124,5.80,0.30,0.23,1.50,0.03,37.00,121.00,0.99,2.96,0.34,12.10,6,White Wine
4128,6.30,0.34,0.19,5.80,0.04,22.00,145.00,0.99,3.15,0.63,9.90,5,White Wine
3153,7.90,0.30,0.68,8.30,0.05,37.50,278.00,0.99,3.01,0.51,12.30,7,Red Wine
1655,7.10,0.33,0.64,13.20,0.06,12.00,105.00,1.00,3.05,0.39,9.20,5,White Wine
2422,7.80,0.48,0.68,1.70,0.41,14.00,32.00,1.00,3.09,1.06,9.10,6,Red Wine
1781,8.50,0.16,0.35,1.60,0.04,24.00,147.00,0.99,2.96,0.36,10.00,5,White Wine
1307,6.80,0.67,0.15,1.80,0.12,13.00,20.00,1.00,3.42,0.67,11.30,6,Red Wine
5171,9.80,1.24,0.34,2.00,0.08,32.00,151.00,1.00,3.15,0.53,9.50,5,Red Wine
5710,9.20,0.56,0.18,1.60,0.08,10.00,21.00,1.00,3.15,0.49,9.90,5,Red Wine
5718,8.70,0.23,0.32,13.40,0.04,35.00,169.00,1.00,3.12,0.47,8.80,7,White Wine
1631,5.50,0.19,0.27,0.90,0.04,52.00,103.00,0.99,3.50,0.39,11.20,5,White Wine
2056,8.20,0.23,0.29,1.80,0.05,47.00,187.00,0.99,3.13,0.50,10.20,6,White Wine
3384,6.90,0.19,0.35,1.70,0.04,33.00,101.00,0.99,3.21,0.54,10.80,7,White Wine
2015,7.20,0.31,0.24,1.40,0.06,17.00,117.00,0.99,3.16,0.35,10.50,5,White Wine
186,6.20,0.29,0.29,5.60,0.05,35.00,178.00,0.99,3.25,0.51,10.53,5,White Wine
6015,6.70,0.24,0.46,2.20,0.03,19.00,111.00,0.99,3.10,0.62,11.90,6,White Wine
3966,7.10,0.13,0.38,1.80,0.05,14.00,114.00,0.99,3.32,0.90,11.70,6,White Wine
4049,10.50,0.24,0.47,2.10,0.07,6.00,24.00,1.00,3.15,0.90,11.00,7,Red Wine
5596,6.70,0.31,0.33,2.00,0.03,12.00,74.00,0.99,3.29,0.65,12.50,6,White Wine
2159,9.10,0.40,0.50,1.80,0.07,7.00,16.00,0.99,3.21,0.69,12.50,8,Red Wine
5691,11.30,0.34,0.45,2.00,0.08,6.00,15.00,1.00,2.94,0.66,9.20,6,Red Wine
4343,7.00,0.66,0.16,2.10,0.07,8.00,25.00,1.00,3.37,0.55,9.70,5,Red Wine
1004,12.00,0.39,0.66,3.00,0.09,12.00,30.00,1.00,3.18,0.63,10.80,7,Red Wine
5127,7.30,0.69,0.00,2.50,0.07,3.00,13.00,1.00,3.49,0.52,9.20,5,Red Wine
5408,6.20,0.39,0.24,4.80,0.04,45.00,138.00,0.99,3.23,0.43,11.20,7,White Wine
3796,7.10,0.59,0.02,2.30,0.08,24.00,94.00,1.00,3.55,0.53,9.70,6,Red Wine
4171,7.60,0.43,0.29,2.10,0.07,19.00,66.00,1.00,3.40,0.64,9.50,5,Red Wine
3293,6.60,0.25,0.34,3.00,0.05,22.00,141.00,0.99,3.26,0.47,10.40,6,White Wine
1064,7.60,0.26,0.32,1.30,0.05,23.00,76.00,0.99,2.96,0.46,12.00,6,White Wine
5120,5.90,0.32,0.39,3.30,0.11,24.00,140.00,0.99,3.09,0.45,9.20,6,White Wine
212,6.80,0.21,0.31,2.90,0.05,40.00,121.00,0.99,3.07,0.65,10.90,7,White Wine
1133,8.10,0.20,0.30,1.30,0.04,7.00,49.00,0.99,2.99,0.73,10.30,5,White Wine
5285,6.40,0.28,0.45,8.60,0.06,47.00,223.00,1.00,3.16,0.51,9.10,5,White Wine
4199,5.30,0.36,0.27,6.30,0.03,40.00,132.00,0.99,3.37,0.40,11.60,6,White Wine
580,7.00,0.21,0.22,5.10,0.05,38.00,168.00,0.99,3.34,0.49,10.40,6,White Wine
494,7.00,0.45,0.34,2.70,0.08,16.00,72.00,1.00,3.55,0.60,9.50,5,Red Wine
887,7.10,0.18,0.26,1.30,0.04,20.00,71.00,0.99,3.04,0.74,9.90,6,White Wine
4069,6.80,0.21,0.27,18.15,0.04,41.00,146.00,1.00,3.30,0.36,8.70,5,White Wine
4080,7.00,0.24,0.25,1.70,0.04,48.00,189.00,0.99,3.25,0.42,11.40,6,White Wine
5252,6.10,0.18,0.38,2.30,0.03,28.00,111.00,0.99,3.16,0.49,12.40,6,White Wine
2596,8.70,0.78,0.51,1.70,0.41,12.00,66.00,1.00,3.00,1.17,9.20,5,Red Wine
4432,8.40,0.27,0.30,2.20,0.04,36.00,129.00,0.99,2.89,0.30,11.47,6,White Wine
2514,6.20,0.43,0.22,1.80,0.08,21.00,56.00,1.00,3.52,0.60,9.50,6,Red Wine
734,6.20,0.36,0.26,13.20,0.05,54.00,201.00,1.00,3.25,0.46,9.00,5,White Wine
1518,7.00,0.30,0.28,2.20,0.04,21.00,177.00,0.99,3.20,0.57,11.40,5,White Wine
6064,7.80,0.88,0.00,2.60,0.10,25.00,67.00,1.00,3.20,0.68,9.80,5,Red Wine
5760,7.10,0.37,0.30,6.20,0.04,49.00,139.00,0.99,3.17,0.27,13.60,6,White Wine
5681,7.50,0.27,0.31,17.70,0.05,33.00,173.00,1.00,3.09,0.64,10.20,5,White Wine
3257,6.90,0.12,0.35,5.40,0.05,36.00,108.00,0.99,3.32,0.42,10.20,6,White Wine
4361,5.40,0.15,0.32,2.50,0.04,10.00,51.00,0.99,3.04,0.58,12.60,6,White Wine
6194,6.30,0.37,0.37,1.50,0.02,12.00,76.00,0.99,2.94,0.39,12.30,6,White Wine
2785,5.10,0.33,0.27,6.70,0.02,44.00,129.00,0.99,3.36,0.39,11.00,7,White Wine
1200,6.90,0.17,0.25,1.60,0.05,34.00,132.00,0.99,3.16,0.48,11.40,5,White Wine
4620,5.70,0.41,0.21,1.90,0.05,30.00,112.00,0.99,3.29,0.55,11.20,6,White Wine
3782,6.10,0.34,0.25,1.80,0.08,4.00,28.00,0.99,3.36,0.44,10.10,5,Red Wine
6052,5.70,0.22,0.20,16.00,0.04,41.00,113.00,1.00,3.22,0.46,8.90,6,White Wine
5219,6.20,0.30,0.49,11.20,0.06,68.00,215.00,1.00,3.19,0.60,9.40,6,White Wine
4454,7.20,0.14,0.32,1.10,0.02,48.00,116.00,0.99,3.04,0.67,10.00,6,White Wine
5156,7.20,0.63,0.00,1.90,0.10,14.00,38.00,1.00,3.37,0.58,9.00,6,Red Wine
5746,6.10,0.29,0.27,1.70,0.02,13.00,76.00,0.99,3.21,0.51,12.60,7,White Wine
3494,7.30,0.32,0.48,13.30,0.06,57.00,196.00,1.00,3.04,0.50,9.20,5,White Wine
35,7.80,0.21,0.39,1.80,0.03,62.00,180.00,0.99,3.09,0.75,12.60,8,White Wine
4878,6.60,0.15,0.32,6.00,0.03,59.00,128.00,0.99,3.19,0.71,12.10,8,White Wine
6173,7.00,0.20,0.37,2.00,0.03,26.00,136.00,0.99,3.28,0.61,10.20,6,White Wine
60,6.30,0.28,0.30,3.10,0.04,24.00,115.00,0.99,3.05,0.43,8.60,5,White Wine
5112,6.70,0.26,0.26,4.00,0.08,35.50,216.00,1.00,3.31,0.68,9.50,5,White Wine
4251,7.50,0.18,0.45,4.60,0.04,67.00,158.00,0.99,3.01,0.38,10.60,6,White Wine
1057,9.00,0.69,0.00,2.40,0.09,19.00,38.00,1.00,3.35,0.60,9.30,5,Red Wine
4531,7.00,0.24,0.30,6.70,0.04,37.00,125.00,0.99,3.20,0.39,9.90,5,White Wine
1435,6.50,0.24,0.32,7.60,0.04,48.00,203.00,1.00,3.45,0.54,9.70,7,White Wine
3300,7.80,0.30,0.36,4.60,0.02,20.00,198.00,0.99,3.06,0.66,11.90,6,White Wine
56,6.50,0.28,0.34,3.60,0.04,29.00,121.00,0.99,3.28,0.48,12.10,7,White Wine
6421,5.70,0.15,0.28,3.70,0.04,57.00,151.00,0.99,3.22,0.27,11.20,6,White Wine
4775,6.70,0.31,0.30,2.40,0.04,30.00,83.00,0.99,3.09,0.36,12.80,7,White Wine
3818,7.50,0.57,0.02,2.60,0.08,11.00,35.00,1.00,3.36,0.62,10.80,6,Red Wine
2289,5.60,0.23,0.24,9.80,0.05,59.00,140.00,1.00,3.17,0.39,10.20,6,White Wine
2973,7.30,0.23,0.24,0.90,0.03,29.00,86.00,0.99,2.90,0.38,12.20,6,White Wine
957,6.90,0.63,0.02,1.90,0.08,18.00,30.00,1.00,3.40,0.75,9.80,5,Red Wine
1594,8.00,0.77,0.32,2.10,0.08,16.00,74.00,1.00,3.27,0.50,9.80,6,Red Wine
5912,5.30,0.30,0.16,4.20,0.03,37.00,100.00,0.99,3.30,0.36,11.80,8,White Wine
4210,6.10,0.32,0.25,1.70,0.03,37.00,136.00,0.99,3.47,0.50,10.80,7,White Wine
3344,6.50,0.18,0.41,14.20,0.04,47.00,129.00,1.00,3.28,0.72,10.30,7,White Wine
3940,10.30,0.53,0.48,2.50,0.06,6.00,25.00,1.00,3.12,0.59,9.30,6,Red Wine
6114,7.80,0.73,0.08,2.40,0.09,10.00,41.00,1.00,3.24,0.71,9.80,6,Red Wine
2061,6.80,0.24,0.49,19.30,0.06,55.00,247.00,1.00,3.00,0.56,8.70,5,White Wine
769,6.30,0.22,0.30,2.00,0.05,23.00,120.00,0.99,3.24,0.47,10.40,6,White Wine
3835,6.60,0.26,0.36,1.20,0.04,43.00,126.00,0.99,3.01,0.63,11.40,6,White Wine
4354,5.40,0.26,0.33,1.20,0.05,29.00,122.00,0.99,3.37,0.66,11.30,6,White Wine
1858,6.70,0.33,0.36,6.60,0.04,34.00,116.00,0.99,2.97,0.31,12.20,8,White Wine
2548,6.70,0.22,0.37,1.60,0.03,24.00,102.00,0.99,3.29,0.59,11.60,7,White Wine
3834,7.60,0.28,0.49,20.15,0.06,30.00,145.00,1.00,3.01,0.44,8.50,5,White Wine
5580,9.50,0.73,0.10,2.10,0.08,6.00,31.00,1.00,3.23,0.56,10.10,6,Red Wine
3742,7.70,0.83,0.00,2.60,0.08,6.00,14.00,1.00,3.30,0.52,9.30,5,Red Wine
1575,9.00,0.44,0.49,2.40,0.08,26.00,121.00,1.00,3.23,0.58,9.20,5,Red Wine
5709,6.40,0.14,0.31,1.20,0.03,53.00,138.00,0.99,3.38,0.35,11.50,7,White Wine
2993,6.00,0.30,0.33,2.10,0.04,31.00,127.00,0.99,3.32,0.42,12.50,6,White Wine
1306,6.70,0.54,0.13,2.00,0.08,15.00,36.00,1.00,3.61,0.64,9.80,5,Red Wine
4467,6.90,0.19,0.33,1.60,0.04,63.00,149.00,0.99,3.44,0.52,10.80,5,White Wine
1164,6.50,0.20,0.50,18.10,0.05,50.00,221.00,1.00,2.94,0.64,8.80,6,White Wine
3313,7.10,0.21,0.28,2.70,0.03,23.00,111.00,0.99,3.35,0.64,10.20,4,White Wine
960,7.40,0.38,0.34,8.30,0.05,44.00,168.00,1.00,3.11,0.52,9.20,5,White Wine
2305,10.60,0.34,0.49,3.20,0.08,20.00,78.00,1.00,3.19,0.70,10.00,6,Red Wine
3492,7.30,0.22,0.31,2.30,0.02,45.00,80.00,0.99,3.06,0.34,12.90,7,White Wine
3946,7.60,0.15,0.35,4.30,0.05,23.00,98.00,0.99,3.10,0.44,9.50,6,White Wine
1534,7.40,0.17,0.40,5.50,0.04,34.00,161.00,0.99,3.05,0.62,11.50,4,White Wine
2746,7.40,0.55,0.19,1.80,0.08,15.00,34.00,1.00,3.49,0.68,10.50,5,Red Wine
2780,6.20,0.23,0.23,1.20,0.02,18.00,128.00,0.99,3.05,0.28,10.60,5,White Wine
5185,7.20,0.23,0.32,8.50,0.06,47.00,186.00,1.00,3.19,0.40,9.90,6,White Wine
1229,9.40,0.34,0.37,2.20,0.07,5.00,13.00,1.00,3.22,0.62,9.20,5,Red Wine
6483,5.40,0.42,0.27,2.00,0.09,23.00,55.00,0.99,3.78,0.64,12.30,7,Red Wine
4516,10.20,0.23,0.37,2.20,0.06,14.00,36.00,1.00,3.23,0.49,9.30,4,Red Wine
1333,6.90,0.19,0.35,1.70,0.04,33.00,101.00,0.99,3.21,0.54,10.80,7,White Wine
4745,6.80,0.14,0.18,1.40,0.05,30.00,90.00,0.99,3.27,0.54,11.20,6,White Wine
3599,6.80,0.59,0.10,1.70,0.06,34.00,53.00,1.00,3.41,0.67,9.70,5,Red Wine
1181,13.20,0.46,0.52,2.20,0.07,12.00,35.00,1.00,3.10,0.56,9.00,6,Red Wine
4789,7.10,0.26,0.29,12.40,0.04,62.00,240.00,1.00,3.04,0.42,9.20,6,White Wine
3004,6.50,0.17,0.31,1.50,0.04,34.00,121.00,0.99,3.06,0.46,10.50,6,White Wine
4650,11.60,0.41,0.54,1.50,0.10,22.00,41.00,1.00,3.02,0.76,9.90,7,Red Wine
2845,8.00,0.58,0.28,3.20,0.07,21.00,114.00,1.00,3.22,0.54,9.40,6,Red Wine
2083,6.80,0.18,0.30,12.80,0.06,19.00,171.00,1.00,3.00,0.52,9.00,7,White Wine
3347,8.60,0.23,0.46,1.00,0.05,9.00,72.00,0.99,2.95,0.49,9.10,6,White Wine
3984,5.90,0.15,0.31,5.80,0.04,53.00,155.00,0.99,3.52,0.46,10.50,6,White Wine
3607,6.30,0.19,0.21,1.80,0.05,35.00,163.00,0.99,3.31,0.50,10.30,6,White Wine
4451,6.90,0.21,0.62,6.30,0.04,7.00,109.00,0.99,2.96,0.59,10.20,6,White Wine
5816,8.60,0.27,0.36,1.20,0.03,15.00,80.00,0.99,2.95,0.36,11.40,7,White Wine
1730,6.40,0.28,0.44,7.10,0.05,49.00,179.00,1.00,3.15,0.48,9.20,5,White Wine
4177,6.80,0.44,0.20,16.00,0.07,61.00,186.00,1.00,3.13,0.45,8.60,5,White Wine
2988,6.10,0.17,0.29,1.10,0.04,32.00,92.00,0.99,3.26,0.57,11.20,6,White Wine
2086,6.40,0.31,0.09,1.40,0.07,15.00,28.00,0.99,3.42,0.70,10.00,7,Red Wine
4645,6.40,0.31,0.50,5.80,0.04,42.00,111.00,0.99,3.18,0.53,11.90,7,White Wine
362,7.10,0.23,0.23,3.50,0.04,23.00,112.00,0.99,3.05,0.37,11.37,6,White Wine
4648,8.10,0.72,0.09,2.80,0.08,18.00,49.00,1.00,3.43,0.72,11.10,6,Red Wine
1903,6.90,0.30,0.30,10.55,0.04,4.00,28.00,0.99,3.07,0.32,12.70,6,White Wine
3867,7.00,0.51,0.09,2.10,0.06,4.00,9.00,1.00,3.35,0.54,10.50,5,Red Wine
5764,7.50,0.28,0.41,1.30,0.04,11.00,126.00,0.99,3.28,0.45,10.30,5,White Wine
1459,9.60,0.77,0.12,2.90,0.08,30.00,74.00,1.00,3.30,0.64,10.40,6,Red Wine
2454,6.30,0.23,0.50,10.40,0.04,61.00,132.00,1.00,2.86,0.46,9.10,6,White Wine
2725,4.70,0.67,0.09,1.00,0.02,5.00,9.00,0.99,3.30,0.34,13.60,5,White Wine
542,11.60,0.58,0.66,2.20,0.07,10.00,47.00,1.00,3.25,0.57,9.00,3,Red Wine
5720,7.20,0.32,0.36,2.00,0.03,37.00,114.00,0.99,3.10,0.71,12.30,7,White Wine
239,8.00,0.20,0.40,5.20,0.06,41.00,167.00,1.00,3.18,0.40,10.60,7,White Wine
6031,7.30,0.69,0.32,2.20,0.07,35.00,104.00,1.00,3.33,0.51,9.50,5,Red Wine
6119,6.50,0.29,0.52,7.90,0.05,35.00,192.00,1.00,3.16,0.51,9.50,6,White Wine
5944,5.80,0.32,0.20,2.60,0.03,17.00,123.00,0.99,3.36,0.78,13.90,7,White Wine
6117,6.60,0.32,0.36,8.00,0.05,57.00,168.00,0.99,3.15,0.46,9.60,5,White Wine
4256,8.80,0.41,0.64,2.20,0.09,9.00,42.00,1.00,3.54,0.66,10.50,5,Red Wine
3436,7.00,0.65,0.02,2.10,0.07,8.00,25.00,1.00,3.47,0.67,9.50,6,Red Wine
5502,5.70,0.40,0.35,5.10,0.03,17.00,113.00,0.99,3.18,0.67,12.40,6,White Wine
367,9.30,0.36,0.39,1.50,0.08,41.00,55.00,1.00,3.47,0.73,10.90,6,Red Wine
2020,6.10,0.33,0.32,7.80,0.05,52.00,183.00,1.00,3.39,0.65,9.50,5,White Wine
6122,6.90,0.28,0.37,9.10,0.04,16.00,76.00,0.99,3.05,0.54,11.10,5,White Wine
4112,8.30,0.41,0.51,2.00,0.05,11.00,207.00,0.99,3.02,0.55,11.40,5,White Wine
5044,5.40,0.74,0.00,1.20,0.04,16.00,46.00,0.99,4.01,0.59,12.50,6,Red Wine
6362,6.60,0.19,0.25,1.20,0.05,34.00,181.00,0.99,3.30,0.42,9.40,7,White Wine
4072,5.60,0.17,0.29,0.80,0.04,20.00,67.00,0.99,3.28,0.48,9.90,6,White Wine
2256,6.40,0.24,0.26,8.20,0.05,47.00,182.00,1.00,3.12,0.50,9.50,5,White Wine
814,7.20,0.47,0.16,5.90,0.05,14.00,125.00,0.99,3.09,0.49,9.80,5,White Wine
2654,15.00,0.21,0.44,2.20,0.07,10.00,24.00,1.00,3.07,0.84,9.20,7,Red Wine
1876,6.10,0.27,0.32,6.20,0.05,47.00,161.00,0.99,3.22,0.60,11.00,6,White Wine
3863,6.30,0.33,0.27,1.20,0.05,34.00,175.00,0.99,3.37,0.54,9.40,6,White Wine
3727,7.00,0.53,0.02,1.00,0.04,39.00,107.00,0.99,3.20,0.32,9.00,5,White Wine
4268,6.80,0.79,0.00,2.40,0.10,14.00,30.00,1.00,3.52,0.55,10.70,6,Red Wine
5239,6.80,0.56,0.22,1.80,0.07,15.00,24.00,0.99,3.40,0.82,11.20,6,Red Wine
1591,8.00,0.18,0.37,0.90,0.05,36.00,109.00,0.99,2.89,0.44,12.70,6,Red Wine
5474,10.40,0.64,0.24,2.80,0.10,29.00,53.00,1.00,3.24,0.67,9.90,5,Red Wine
3483,7.30,0.44,0.20,1.60,0.05,24.00,64.00,0.99,3.38,0.57,11.70,6,Red Wine
6445,7.30,0.38,0.21,2.00,0.08,7.00,35.00,1.00,3.33,0.47,9.50,5,Red Wine
5457,6.40,0.22,0.31,13.90,0.04,57.00,135.00,1.00,3.21,0.38,10.70,5,White Wine
432,8.40,0.17,0.31,6.70,0.04,29.00,132.00,0.99,3.10,0.32,10.60,7,White Wine
2007,6.10,0.27,0.43,7.50,0.05,65.00,243.00,1.00,3.12,0.47,9.00,5,White Wine
2910,9.00,0.43,0.34,2.50,0.08,26.00,86.00,1.00,3.38,0.62,9.50,6,Red Wine
377,7.00,0.22,0.28,1.50,0.04,29.00,115.00,0.99,3.11,0.55,10.50,6,White Wine
4327,6.00,0.28,0.49,6.80,0.05,61.00,222.00,1.00,3.19,0.47,9.30,5,White Wine
4833,6.00,0.17,0.33,6.00,0.04,30.00,111.00,0.99,3.32,0.58,10.15,7,White Wine
881,6.10,0.37,0.46,12.00,0.04,61.00,210.00,1.00,3.17,0.59,9.70,6,White Wine
5090,6.20,0.25,0.44,15.80,0.06,39.00,167.00,1.00,3.14,0.51,9.20,5,White Wine
1820,6.20,0.19,0.38,5.10,0.02,22.00,82.00,0.99,3.05,0.36,12.50,6,White Wine
2116,5.10,0.39,0.21,1.70,0.03,15.00,72.00,0.99,3.50,0.45,12.50,6,White Wine
2504,6.80,0.30,0.33,12.80,0.04,60.00,168.00,1.00,3.10,0.56,9.80,5,White Wine
5884,7.60,0.31,0.52,13.20,0.04,61.00,148.00,1.00,2.98,0.47,9.10,6,White Wine
370,7.20,0.34,0.30,8.40,0.05,40.00,167.00,1.00,3.48,0.62,9.70,5,White Wine
5701,7.40,0.33,0.26,15.60,0.05,67.00,210.00,1.00,3.06,0.68,9.50,5,White Wine
6081,7.20,0.55,0.09,1.50,0.11,16.00,151.00,0.99,3.07,0.57,9.20,4,White Wine
1635,7.40,0.45,0.32,7.10,0.04,17.00,117.00,1.00,3.32,0.41,10.40,4,White Wine
2119,7.90,0.18,0.36,5.90,0.06,31.00,132.00,0.99,3.25,0.52,10.90,6,White Wine
2561,9.40,0.28,0.30,1.60,0.04,36.00,139.00,1.00,3.11,0.49,9.30,5,White Wine
129,7.90,0.25,0.34,11.40,0.04,53.00,202.00,1.00,3.11,0.57,9.60,6,White Wine
4295,6.60,0.34,0.20,1.00,0.05,26.00,112.00,0.99,3.32,0.55,9.10,5,White Wine
3737,7.50,0.38,0.57,2.30,0.11,5.00,12.00,1.00,3.36,0.55,11.40,6,Red Wine
2637,7.20,0.34,0.44,4.20,0.05,51.00,144.00,0.99,3.01,0.76,12.30,6,White Wine
3250,6.60,0.52,0.04,2.20,0.07,8.00,15.00,1.00,3.40,0.63,9.40,6,Red Wine
4192,6.60,0.33,0.31,1.30,0.02,29.00,89.00,0.99,3.26,0.44,12.40,8,White Wine
1579,6.50,0.22,0.19,1.10,0.06,36.00,191.00,0.99,3.05,0.50,9.50,6,White Wine
3859,6.70,0.30,0.49,4.80,0.03,36.00,158.00,0.99,3.12,0.45,9.90,6,White Wine
1325,7.20,0.83,0.00,2.00,0.17,4.00,11.00,1.00,3.39,0.52,10.00,5,Red Wine
4208,6.40,0.15,0.36,1.80,0.03,43.00,150.00,0.99,3.42,0.69,11.00,8,White Wine
4985,5.60,0.66,0.00,2.20,0.09,3.00,11.00,0.99,3.71,0.63,12.80,7,Red Wine
6355,9.10,0.50,0.30,1.90,0.07,8.00,17.00,1.00,3.32,0.71,10.50,6,Red Wine
372,8.80,0.34,0.33,9.70,0.04,46.00,172.00,1.00,3.08,0.40,10.20,5,White Wine
3168,6.90,0.19,0.35,13.50,0.04,49.00,118.00,1.00,3.00,0.63,10.70,6,White Wine
1506,7.70,0.69,0.49,1.80,0.12,20.00,112.00,1.00,3.21,0.71,9.30,5,Red Wine
4971,7.10,0.44,0.27,8.40,0.06,60.00,160.00,0.99,3.16,0.36,11.80,6,White Wine
4437,7.50,0.21,0.32,4.80,0.06,39.00,113.00,0.99,3.11,0.52,10.20,7,White Wine
6424,6.20,0.24,0.22,7.90,0.05,45.00,149.00,1.00,3.23,0.52,9.30,5,White Wine
1026,6.90,0.44,0.42,8.50,0.05,10.00,147.00,1.00,3.32,0.46,9.50,6,White Wine
3527,7.40,0.24,0.36,2.00,0.03,27.00,139.00,0.99,3.28,0.48,12.50,9,White Wine
5228,6.50,0.25,0.45,7.80,0.05,52.00,188.00,1.00,3.20,0.53,9.10,5,White Wine
374,7.20,0.20,0.61,16.20,0.04,14.00,103.00,1.00,3.06,0.36,9.20,6,White Wine
4959,7.50,0.26,0.30,4.60,0.03,29.00,92.00,0.99,3.15,0.38,12.00,7,White Wine
4161,8.00,1.18,0.21,1.90,0.08,14.00,41.00,1.00,3.34,0.47,10.50,5,Red Wine
2512,6.50,0.29,0.25,2.50,0.14,8.00,111.00,0.99,3.00,0.44,9.90,4,White Wine
4306,5.90,0.26,0.40,1.30,0.05,12.00,139.00,0.99,3.45,0.53,10.40,5,White Wine
3470,8.10,0.24,0.26,11.00,0.04,41.00,211.00,1.00,3.11,0.49,10.00,6,White Wine
5231,11.60,0.32,0.55,2.80,0.08,35.00,67.00,1.00,3.32,0.92,10.80,7,Red Wine
5999,6.60,0.34,0.24,3.30,0.03,29.00,99.00,0.99,3.10,0.40,12.30,7,White Wine
6341,8.30,0.21,0.40,1.60,0.03,35.00,110.00,0.99,3.02,0.60,12.90,7,White Wine
801,6.70,0.26,0.51,8.00,0.06,50.00,194.00,1.00,3.13,0.50,9.60,5,White Wine
5250,6.80,0.63,0.04,1.30,0.06,25.00,133.00,0.99,3.17,0.39,10.20,4,White Wine
4635,7.60,0.21,0.35,1.20,0.04,7.00,106.00,0.99,3.06,0.45,11.30,4,White Wine
2792,7.40,0.50,0.47,2.00,0.09,21.00,73.00,1.00,3.36,0.57,9.10,5,Red Wine
4471,6.20,0.25,0.42,8.00,0.05,53.00,206.00,1.00,3.16,0.47,9.10,6,White Wine
3983,7.40,0.25,0.28,7.25,0.03,14.00,78.00,0.99,2.94,0.37,11.50,7,White Wine
4935,6.60,0.34,0.40,8.10,0.05,68.00,170.00,0.99,3.15,0.50,9.55,6,White Wine
2028,7.90,0.27,0.27,1.70,0.03,25.00,122.00,0.99,2.97,0.51,11.90,6,White Wine
4280,12.20,0.48,0.54,2.60,0.09,19.00,64.00,1.00,3.10,0.61,10.50,6,Red Wine
319,7.90,0.30,0.27,8.50,0.04,20.00,112.00,0.99,2.96,0.46,11.70,6,White Wine
1466,6.40,0.10,0.29,1.10,0.04,44.00,140.00,0.99,3.17,0.55,10.70,7,White Wine
5939,6.60,0.30,0.24,1.20,0.03,17.00,121.00,0.99,3.13,0.36,9.20,5,White Wine
3178,7.70,0.96,0.20,2.00,0.05,15.00,60.00,1.00,3.36,0.44,10.90,5,Red Wine
2515,8.80,0.48,0.41,3.30,0.09,26.00,52.00,1.00,3.31,0.53,10.50,6,Red Wine
2093,7.10,0.47,0.24,6.00,0.04,11.00,77.00,1.00,3.21,0.56,9.70,5,White Wine
5088,7.80,0.32,0.33,2.40,0.04,18.00,101.00,0.99,3.21,0.65,11.70,7,White Wine
1598,8.30,0.53,0.00,1.40,0.07,6.00,14.00,1.00,3.25,0.64,10.00,6,Red Wine
3094,6.00,0.25,0.40,5.70,0.05,56.00,152.00,0.99,3.16,0.88,10.50,6,White Wine
3721,6.20,0.16,0.54,1.40,0.13,37.00,110.00,0.99,3.23,0.37,8.90,6,White Wine
1356,6.80,0.70,0.25,3.20,0.05,10.00,57.00,1.00,3.36,0.52,9.50,4,White Wine
5693,7.20,0.57,0.06,1.60,0.08,9.00,27.00,1.00,3.36,0.70,9.60,6,Red Wine
2218,6.60,0.22,0.36,5.50,0.03,30.00,105.00,0.99,3.20,0.47,11.80,6,White Wine
759,6.70,0.31,0.30,2.10,0.04,18.00,130.00,0.99,3.36,0.63,10.60,6,White Wine
3387,10.40,0.26,0.48,1.90,0.07,6.00,10.00,1.00,3.33,0.87,10.90,6,Red Wine
1340,7.10,0.43,0.17,1.80,0.08,27.00,51.00,1.00,3.49,0.64,10.40,5,Red Wine
5785,5.60,0.15,0.31,5.30,0.04,8.00,79.00,0.99,3.30,0.39,10.50,6,White Wine
5262,7.50,0.18,0.39,1.90,0.05,23.00,91.00,0.99,3.27,0.45,10.30,6,White Wine
877,6.50,0.25,0.20,1.40,0.02,29.00,101.00,0.99,3.24,0.54,10.80,6,White Wine
4277,8.80,0.41,0.64,2.20,0.09,9.00,42.00,1.00,3.54,0.66,10.50,5,Red Wine
81,7.00,0.15,0.34,1.40,0.04,21.00,177.00,0.99,3.32,0.62,10.80,5,White Wine
3613,8.30,0.68,0.26,2.10,0.08,11.00,43.00,1.00,3.31,0.53,9.20,4,Red Wine
2246,7.30,0.39,0.31,2.40,0.07,9.00,46.00,1.00,3.41,0.54,9.40,6,Red Wine
4124,7.40,0.52,0.13,2.40,0.08,34.00,61.00,1.00,3.43,0.59,10.80,6,Red Wine
4580,10.80,0.40,0.41,2.20,0.08,7.00,17.00,1.00,3.08,0.67,9.30,6,Red Wine
4023,5.80,0.19,0.49,4.90,0.04,44.00,118.00,0.99,3.34,0.38,9.50,7,White Wine
4594,6.60,0.57,0.02,2.10,0.12,6.00,16.00,1.00,3.38,0.69,9.50,5,Red Wine
4274,6.10,0.27,0.31,1.50,0.04,17.00,83.00,0.99,3.32,0.44,11.10,7,White Wine
3670,5.80,0.17,0.36,1.30,0.04,11.00,70.00,0.99,3.43,0.68,10.40,7,White Wine
6325,6.20,0.30,0.20,6.60,0.04,42.00,170.00,0.99,3.36,0.45,10.40,6,White Wine
1802,7.30,0.24,0.30,2.50,0.04,31.00,104.00,0.99,3.05,0.56,11.30,7,White Wine
3627,7.40,0.21,0.80,12.30,0.04,77.00,183.00,1.00,2.95,0.48,9.00,5,White Wine
3003,7.00,0.29,0.49,3.80,0.05,37.00,136.00,0.99,2.95,0.40,9.40,6,White Wine
5947,6.90,0.29,0.32,5.80,0.04,16.00,112.00,0.99,3.04,0.58,11.20,5,White Wine
1166,6.90,0.30,0.21,15.70,0.06,49.00,159.00,1.00,3.11,0.48,9.00,5,White Wine
2035,10.40,0.26,0.48,1.90,0.07,6.00,10.00,1.00,3.33,0.87,10.90,6,Red Wine
5552,7.60,0.48,0.31,9.40,0.05,6.00,194.00,1.00,3.07,0.61,9.40,5,White Wine
4728,7.00,0.21,0.34,8.50,0.03,31.00,253.00,1.00,3.22,0.56,10.50,6,White Wine
5501,7.20,0.48,0.07,5.50,0.09,10.00,18.00,1.00,3.37,0.68,11.20,7,Red Wine
1080,6.40,0.24,0.32,0.95,0.04,23.00,131.00,0.99,3.25,0.35,11.80,5,White Wine
2191,8.10,0.29,0.36,2.20,0.05,35.00,53.00,0.99,3.27,1.01,12.40,7,Red Wine
631,6.60,0.24,0.27,1.40,0.06,33.00,152.00,0.99,3.22,0.56,9.50,6,White Wine
3049,6.80,0.23,0.40,1.60,0.05,5.00,133.00,0.99,3.23,0.70,11.40,6,White Wine
2356,11.40,0.26,0.44,3.60,0.07,6.00,19.00,1.00,3.12,0.82,9.30,6,Red Wine
3159,5.60,0.19,0.27,0.90,0.04,52.00,103.00,0.99,3.50,0.39,11.20,5,White Wine
6094,6.50,0.22,0.32,2.20,0.03,36.00,92.00,0.99,3.27,0.59,11.90,7,White Wine
2978,6.60,0.27,0.32,1.30,0.04,18.00,93.00,0.99,3.11,0.56,12.25,5,White Wine
6195,7.50,0.21,0.34,1.20,0.06,26.00,111.00,0.99,3.51,0.47,10.70,6,White Wine
5312,7.70,0.25,0.30,7.80,0.04,67.00,196.00,1.00,3.10,0.50,10.10,5,White Wine
3963,6.90,0.32,0.15,8.10,0.05,51.00,180.00,1.00,3.13,0.45,8.90,5,White Wine
2202,6.40,0.28,0.56,1.70,0.16,49.00,106.00,0.99,3.10,0.37,9.20,6,White Wine
1492,6.80,0.18,0.35,5.40,0.05,53.00,143.00,0.99,3.10,0.54,11.00,7,White Wine
1988,7.10,0.18,0.49,1.30,0.03,12.00,72.00,0.99,3.05,0.53,11.30,7,White Wine
2360,7.30,0.34,0.30,1.30,0.06,25.00,173.00,0.99,3.26,0.51,9.10,6,White Wine
2208,9.30,0.48,0.29,2.10,0.13,6.00,16.00,1.00,3.22,0.72,11.20,5,Red Wine
5361,8.40,0.36,0.36,11.10,0.03,21.00,132.00,0.99,2.95,0.39,13.00,6,White Wine
5704,7.30,0.51,0.29,11.30,0.03,61.00,224.00,1.00,3.14,0.56,9.50,6,White Wine
73,7.10,0.31,0.38,1.20,0.04,10.00,124.00,0.99,3.14,0.44,9.90,6,White Wine
740,6.40,0.10,0.29,1.10,0.04,44.00,140.00,0.99,3.17,0.55,10.70,7,White Wine
2398,7.10,0.22,0.32,16.90,0.06,49.00,158.00,1.00,3.37,0.38,9.60,6,White Wine
3401,6.40,0.17,0.32,2.40,0.05,41.00,200.00,0.99,3.50,0.50,9.70,6,White Wine
4460,7.60,0.42,0.25,3.90,0.10,28.00,90.00,1.00,3.15,0.57,9.10,5,Red Wine
3248,5.60,0.32,0.33,7.40,0.04,25.00,95.00,0.99,3.25,0.49,11.10,6,White Wine
5536,6.60,0.28,0.36,1.70,0.04,22.00,101.00,0.99,3.29,0.57,11.60,6,White Wine
5390,6.80,0.32,0.21,2.20,0.04,15.00,68.00,0.99,3.17,0.39,9.40,6,White Wine
3415,7.70,0.18,0.34,2.70,0.07,15.00,58.00,0.99,3.37,0.78,11.80,6,Red Wine
416,5.80,0.13,0.22,12.70,0.06,24.00,183.00,1.00,3.32,0.42,11.70,6,White Wine
412,8.20,0.30,0.44,12.40,0.04,52.00,154.00,0.99,3.04,0.33,12.00,6,White Wine
4267,6.90,0.27,0.41,1.70,0.05,6.00,134.00,0.99,3.15,0.69,11.40,6,White Wine
178,6.50,0.40,0.31,3.50,0.05,22.00,147.00,0.99,3.15,0.31,12.00,7,White Wine
2862,8.90,0.34,0.32,1.30,0.04,12.00,188.00,1.00,3.17,0.49,9.50,5,White Wine
2156,8.00,0.14,0.33,1.20,0.04,71.00,162.00,0.99,3.07,0.47,11.00,6,White Wine
5960,7.50,0.61,0.26,1.90,0.07,24.00,88.00,1.00,3.30,0.53,9.80,5,Red Wine
2680,6.10,0.27,0.28,9.80,0.04,61.00,125.00,1.00,3.14,0.42,10.20,6,White Wine
2050,6.20,0.22,0.30,12.40,0.05,108.00,152.00,1.00,3.10,0.47,9.50,6,White Wine
785,6.60,0.15,0.34,5.10,0.06,34.00,125.00,0.99,3.36,0.42,9.60,5,White Wine
4239,8.90,0.27,0.34,10.70,0.03,19.50,166.00,1.00,3.13,0.48,10.60,5,White Wine
707,6.90,0.28,0.41,1.40,0.02,6.00,55.00,0.99,3.16,0.40,13.40,5,White Wine
5616,7.00,0.21,0.42,5.30,0.04,36.00,123.00,0.99,3.14,0.52,10.90,6,White Wine
5989,6.20,0.36,0.38,3.20,0.03,20.00,89.00,0.99,3.06,0.33,12.00,7,White Wine
5330,7.40,0.49,0.24,15.10,0.03,34.00,153.00,1.00,3.13,0.51,12.00,7,White Wine
823,6.90,0.19,0.28,5.00,0.06,14.00,146.00,1.00,3.29,0.36,9.10,6,White Wine
2225,6.80,0.34,0.69,1.30,0.06,12.00,171.00,0.99,3.06,0.47,9.70,5,White Wine
5146,6.80,0.61,0.04,1.50,0.06,5.00,10.00,1.00,3.42,0.60,9.50,5,Red Wine
4856,8.10,0.20,0.28,0.90,0.02,49.00,87.00,0.99,2.92,0.36,11.10,6,White Wine
644,6.40,0.24,0.23,7.30,0.07,31.00,157.00,1.00,3.25,0.53,9.10,5,White Wine
89,5.00,0.61,0.12,1.30,0.01,65.00,100.00,0.99,3.26,0.37,13.50,5,White Wine
2291,7.50,0.33,0.36,2.60,0.05,26.00,126.00,0.99,3.32,0.53,12.70,6,White Wine
4754,6.40,0.27,0.29,3.90,0.03,62.00,140.00,0.99,3.10,0.59,11.10,6,White Wine
3193,8.40,0.67,0.61,2.00,0.11,13.00,95.00,1.00,3.16,0.54,9.10,5,Red Wine
2656,7.30,0.19,0.49,15.55,0.06,50.00,134.00,1.00,3.42,0.36,9.10,7,White Wine
2395,7.40,0.16,0.30,13.70,0.06,33.00,168.00,1.00,2.90,0.44,8.70,7,White Wine
5612,5.80,0.39,0.47,7.50,0.03,12.00,88.00,0.99,3.38,0.45,14.00,6,White Wine
1682,6.60,0.25,0.35,14.00,0.07,42.00,163.00,1.00,3.56,0.47,9.80,5,White Wine
205,7.80,0.91,0.07,1.90,0.06,22.00,47.00,1.00,3.51,0.43,10.70,6,Red Wine
2099,5.00,0.74,0.00,1.20,0.04,16.00,46.00,0.99,4.01,0.59,12.50,6,Red Wine
4657,7.30,0.66,0.00,2.00,0.08,6.00,23.00,1.00,3.61,0.96,9.90,6,Red Wine
5778,7.10,0.29,0.30,16.00,0.04,58.00,201.00,1.00,3.30,0.67,9.00,5,White Wine
2316,6.40,0.32,0.50,10.70,0.05,57.00,206.00,1.00,3.08,0.60,9.40,5,White Wine
6375,6.40,0.33,0.28,1.10,0.04,30.00,110.00,0.99,3.12,0.42,10.50,6,White Wine
2914,7.10,0.27,0.28,1.25,0.02,3.00,89.00,0.99,2.95,0.30,11.40,4,White Wine
3792,8.90,0.30,0.35,4.60,0.03,32.00,148.00,0.99,3.15,0.45,11.50,7,White Wine
2113,6.60,0.63,0.00,4.30,0.09,51.00,77.50,1.00,3.20,0.45,9.50,5,Red Wine
2136,7.70,0.23,0.37,1.80,0.05,23.00,60.00,1.00,3.41,0.71,12.10,6,Red Wine
6416,6.10,0.22,0.49,1.50,0.05,18.00,87.00,0.99,3.30,0.46,9.60,5,White Wine
6363,7.10,0.26,0.34,14.40,0.07,35.00,189.00,1.00,3.07,0.53,9.10,7,White Wine
434,8.60,0.49,0.28,1.90,0.11,20.00,136.00,1.00,2.93,1.95,9.90,6,Red Wine
1968,9.30,0.71,0.24,2.10,0.07,5.00,20.00,1.00,3.12,0.59,9.90,5,Red Wine
1228,7.40,0.16,0.49,1.20,0.06,18.00,150.00,0.99,3.23,0.47,11.20,6,White Wine
5104,6.70,0.24,0.36,8.40,0.04,42.00,123.00,0.99,3.34,0.52,10.90,6,White Wine
5043,8.60,0.31,0.30,0.90,0.04,16.00,109.00,0.99,2.95,0.39,10.10,5,White Wine
3982,7.60,0.30,0.40,2.20,0.05,29.00,175.00,0.99,3.19,0.53,9.80,5,White Wine
3406,7.70,0.34,0.30,8.00,0.05,25.00,192.00,1.00,2.97,0.47,10.90,5,White Wine
5517,4.80,0.13,0.32,1.20,0.04,40.00,98.00,0.99,3.42,0.64,11.80,7,White Wine
3588,6.80,0.16,0.29,10.40,0.05,59.00,143.00,1.00,3.20,0.40,10.80,6,White Wine
4822,6.60,0.36,0.21,1.50,0.05,39.00,184.00,0.99,3.18,0.41,9.90,6,White Wine
5391,5.00,0.20,0.40,1.90,0.01,20.00,98.00,0.99,3.37,0.55,12.05,6,White Wine
974,6.80,0.14,0.18,1.40,0.05,30.00,90.00,0.99,3.27,0.54,11.20,6,White Wine
1227,8.40,0.22,0.30,8.90,0.02,17.00,118.00,0.99,2.99,0.34,10.50,6,White Wine
4575,8.10,0.24,0.32,10.50,0.03,34.00,105.00,0.99,3.11,0.42,11.80,6,White Wine
2582,7.30,0.31,0.69,10.20,0.04,58.00,160.00,1.00,3.06,0.45,8.60,5,White Wine
4907,6.40,0.35,0.21,2.10,0.05,46.00,171.00,0.99,3.16,0.50,9.50,5,White Wine
3767,6.30,0.21,0.40,1.70,0.03,48.00,134.00,0.99,3.42,0.49,11.50,6,White Wine
1154,7.90,0.30,0.60,1.85,0.05,13.00,106.00,0.99,3.24,0.49,11.85,5,White Wine
1661,6.90,0.19,0.49,6.60,0.04,49.00,172.00,0.99,3.20,0.27,11.50,6,White Wine
6264,7.10,0.22,0.33,2.80,0.03,48.00,153.00,0.99,3.15,0.38,12.70,7,White Wine
1664,6.60,0.25,0.31,12.40,0.06,52.00,181.00,1.00,3.51,0.47,9.80,6,White Wine
3423,7.50,0.26,0.25,1.70,0.04,29.00,129.00,0.99,3.45,0.56,10.40,6,White Wine
184,6.20,0.25,0.39,1.30,0.05,42.00,135.00,0.99,3.23,0.40,11.10,6,White Wine
5074,6.50,0.23,0.25,17.30,0.05,15.00,110.00,1.00,3.15,0.42,9.20,6,White Wine
2238,7.15,0.17,0.24,9.60,0.12,56.00,178.00,1.00,3.15,0.44,10.20,6,White Wine
2765,5.60,0.41,0.24,1.90,0.03,10.00,53.00,0.99,3.32,0.50,13.50,7,White Wine
1676,7.00,0.69,0.07,2.50,0.09,15.00,21.00,1.00,3.38,0.60,11.30,6,Red Wine
6462,10.60,0.31,0.49,2.20,0.06,18.00,40.00,1.00,3.14,0.51,9.80,6,Red Wine
293,6.50,0.16,0.33,1.00,0.03,23.00,75.00,0.99,3.30,0.39,11.40,7,White Wine
6303,7.00,0.59,0.00,1.70,0.05,3.00,8.00,1.00,3.41,0.47,10.30,5,Red Wine
4983,7.40,0.27,0.52,15.70,0.05,36.00,139.00,1.00,3.04,0.62,10.03,6,White Wine
2363,7.60,0.30,0.37,1.60,0.09,27.00,177.00,0.99,3.09,0.50,9.80,5,White Wine
5624,6.60,0.64,0.31,6.10,0.08,7.00,49.00,1.00,3.35,0.68,10.30,5,Red Wine
4435,7.50,0.38,0.29,4.90,0.02,38.00,113.00,0.99,3.08,0.48,13.00,7,White Wine
3880,8.10,0.20,0.49,8.10,0.05,51.00,205.00,1.00,3.10,0.52,11.00,6,White Wine
4079,8.20,0.28,0.42,1.80,0.03,30.00,93.00,0.99,3.09,0.39,11.40,5,White Wine
3869,6.20,0.53,0.02,0.90,0.04,6.00,81.00,0.99,3.24,0.35,9.50,4,White Wine
1076,6.70,0.28,0.28,2.40,0.01,36.00,100.00,0.99,3.26,0.39,11.70,7,Red Wine
2698,8.00,0.28,0.42,7.10,0.04,41.00,169.00,1.00,3.17,0.43,10.60,5,White Wine
640,9.50,0.56,0.33,2.40,0.09,35.00,67.00,1.00,3.28,0.73,11.80,7,Red Wine
4134,7.20,0.32,0.30,8.25,0.02,14.00,104.00,0.99,2.99,0.44,11.40,6,White Wine
193,6.40,0.28,0.29,1.60,0.05,34.00,127.00,0.99,3.48,0.56,10.50,7,White Wine
6358,6.70,0.20,0.42,14.00,0.04,83.00,160.00,1.00,3.16,0.50,9.40,6,White Wine
1146,6.10,0.32,0.25,2.30,0.07,23.00,58.00,1.00,3.42,0.97,10.60,5,Red Wine
2737,7.20,0.45,0.15,2.00,0.08,10.00,28.00,1.00,3.29,0.51,9.90,6,Red Wine
1345,7.30,0.58,0.30,2.40,0.07,15.00,55.00,1.00,3.46,0.59,10.20,5,Red Wine
5954,6.10,0.48,0.09,1.70,0.08,18.00,30.00,0.99,3.45,0.54,11.20,6,Red Wine
5664,7.10,0.44,0.23,5.80,0.04,24.00,100.00,0.99,3.15,0.57,13.20,7,White Wine
2482,6.40,0.23,0.39,1.80,0.03,23.00,118.00,0.99,3.32,0.50,11.80,6,White Wine
1350,6.10,0.30,0.32,2.20,0.04,41.00,142.00,0.99,3.31,0.44,12.70,7,White Wine
2662,10.40,0.38,0.46,2.10,0.10,6.00,10.00,1.00,3.12,0.65,11.80,7,Red Wine
2037,7.20,0.17,0.28,17.55,0.05,33.00,154.00,1.00,2.94,0.43,9.00,7,White Wine
484,6.70,0.47,0.29,4.75,0.03,29.00,134.00,0.99,3.29,0.46,13.00,7,White Wine
2170,6.80,0.25,0.24,1.60,0.04,39.00,164.00,0.99,3.53,0.58,10.80,5,White Wine
2130,5.70,0.27,0.16,9.00,0.05,32.00,111.00,0.99,3.36,0.37,10.40,6,White Wine
5222,7.20,0.16,0.26,7.10,0.05,41.00,224.00,1.00,3.38,0.55,10.10,5,White Wine
750,8.60,0.49,0.51,2.00,0.42,16.00,62.00,1.00,3.03,1.17,9.00,5,Red Wine
6223,5.80,0.17,0.30,1.40,0.04,55.00,130.00,0.99,3.29,0.38,11.30,6,White Wine
3185,8.20,0.34,0.29,5.20,0.08,19.00,92.00,0.99,2.95,0.39,12.50,6,White Wine
155,7.30,0.36,0.54,13.30,0.05,63.00,193.00,1.00,3.06,0.49,8.60,4,White Wine
1537,5.90,0.37,0.32,1.60,0.03,41.00,102.00,0.99,3.41,0.55,12.70,7,White Wine
2313,6.90,0.74,0.03,2.30,0.05,7.00,16.00,1.00,3.45,0.63,11.50,6,Red Wine
4211,6.90,0.19,0.35,13.50,0.04,49.00,118.00,1.00,3.00,0.63,10.70,6,White Wine
4491,7.50,0.52,0.11,1.50,0.08,11.00,39.00,1.00,3.42,0.58,9.60,5,Red Wine
5184,6.40,0.28,0.29,1.60,0.05,34.00,127.00,0.99,3.48,0.56,10.50,7,White Wine
2295,7.70,0.23,0.31,10.70,0.04,59.00,186.00,1.00,3.12,0.55,9.50,6,White Wine
5955,8.90,0.59,0.39,2.30,0.10,5.00,22.00,1.00,3.37,0.58,10.30,5,Red Wine
3577,5.00,0.38,0.01,1.60,0.05,26.00,60.00,0.99,3.70,0.75,14.00,6,Red Wine
54,7.10,0.34,0.86,1.40,0.17,36.00,99.00,0.99,2.92,0.50,9.30,5,White Wine
1316,6.50,0.30,0.27,4.00,0.04,37.00,97.00,0.99,3.20,0.60,12.60,8,White Wine
3198,7.10,0.25,0.32,10.30,0.04,66.00,272.00,1.00,3.17,0.52,9.10,6,White Wine
19,6.80,0.65,0.02,2.10,0.08,8.00,15.00,0.99,3.35,0.62,10.40,6,Red Wine
1007,7.20,0.23,0.38,6.10,0.07,20.00,90.00,0.99,3.17,0.79,9.70,5,White Wine
4820,6.60,0.18,0.35,1.50,0.05,49.00,141.00,0.99,3.43,0.85,10.20,7,White Wine
5289,9.00,0.82,0.14,2.60,0.09,9.00,23.00,1.00,3.39,0.63,9.80,5,Red Wine
208,6.40,0.30,0.16,7.50,0.05,55.00,191.00,1.00,3.17,0.49,9.00,5,White Wine
2704,6.50,0.21,0.28,1.40,0.05,26.00,66.00,0.99,3.43,0.48,11.10,6,White Wine
2233,6.70,0.13,0.57,6.60,0.06,60.00,150.00,1.00,2.96,0.43,9.40,6,White Wine
2144,8.10,0.33,0.36,7.40,0.04,36.00,156.00,1.00,3.19,0.54,10.60,6,White Wine
2326,10.30,0.50,0.42,2.00,0.07,21.00,51.00,1.00,3.16,0.72,11.50,6,Red Wine
1416,6.40,0.50,0.16,12.90,0.04,26.00,138.00,1.00,3.28,0.33,9.00,5,White Wine
4926,6.70,0.21,0.34,1.40,0.05,36.00,112.00,0.99,3.02,0.50,11.00,6,White Wine
1884,7.40,0.20,0.31,1.60,0.04,34.00,116.00,0.99,3.25,0.39,12.00,7,White Wine
1193,5.60,0.22,0.32,1.20,0.02,29.00,97.00,0.99,3.20,0.46,13.05,7,White Wine
1866,6.40,0.41,0.01,6.10,0.05,20.00,70.00,0.99,3.19,0.42,10.00,5,White Wine
102,7.20,0.14,0.35,1.20,0.04,15.00,73.00,0.99,3.46,0.39,9.90,5,White Wine
1628,7.60,0.45,0.44,14.50,0.04,68.00,212.00,1.00,3.48,0.36,10.00,6,White Wine
907,5.20,0.28,0.29,1.10,0.03,18.00,69.00,0.99,3.24,0.54,10.00,6,White Wine
5026,6.60,0.73,0.02,7.90,0.12,68.00,124.00,1.00,3.47,0.53,9.90,5,Red Wine
91,8.50,0.20,0.40,1.10,0.05,31.00,106.00,0.99,3.00,0.35,10.50,4,White Wine
1841,6.70,0.28,0.42,3.50,0.04,43.00,105.00,0.99,3.18,0.38,12.20,6,White Wine
4679,7.60,0.34,0.26,1.90,0.04,15.00,134.00,0.99,3.08,0.38,9.50,5,White Wine
2918,6.80,0.28,0.29,11.90,0.05,51.00,149.00,1.00,3.02,0.58,10.40,6,White Wine
5125,7.30,0.25,0.36,13.10,0.05,35.00,200.00,1.00,3.04,0.46,8.90,7,White Wine
1097,6.60,0.22,0.23,17.30,0.05,37.00,118.00,1.00,3.08,0.46,8.80,6,White Wine
1880,6.50,0.33,0.28,6.10,0.02,41.00,103.00,0.99,3.24,0.32,12.20,6,White Wine
4236,7.90,0.18,0.49,5.20,0.05,36.00,157.00,1.00,3.18,0.48,10.60,6,White Wine
1249,8.80,0.52,0.34,2.70,0.09,24.00,122.00,1.00,3.26,0.61,9.50,5,Red Wine
3899,9.90,0.49,0.58,3.50,0.09,9.00,43.00,1.00,3.29,0.58,9.00,5,Red Wine
4814,9.10,0.78,0.22,2.20,0.08,12.00,48.00,1.00,3.18,0.51,9.60,5,Red Wine
6125,6.90,0.18,0.38,8.10,0.05,44.00,176.00,1.00,3.30,0.54,9.80,6,White Wine
6038,6.60,0.88,0.04,2.20,0.07,12.00,20.00,1.00,3.53,0.56,9.90,5,Red Wine
1716,8.80,0.27,0.46,2.10,0.10,20.00,29.00,0.99,3.26,0.56,11.30,6,Red Wine
6210,9.00,0.46,0.23,2.80,0.09,28.00,104.00,1.00,3.10,0.56,9.20,5,Red Wine
3911,6.40,0.35,0.28,12.60,0.04,19.00,124.00,1.00,3.20,0.43,10.60,6,White Wine
3333,6.30,0.19,0.33,10.10,0.06,63.00,133.00,1.00,2.86,0.41,9.10,5,White Wine
551,7.90,0.16,0.64,17.00,0.05,69.00,210.00,1.00,3.15,0.51,9.30,7,White Wine
335,7.20,0.32,0.40,8.70,0.04,45.00,154.00,1.00,3.20,0.47,10.40,6,White Wine
3919,7.10,0.31,0.25,11.20,0.05,32.00,136.00,1.00,3.14,0.40,9.50,5,White Wine
3881,7.40,0.29,0.29,1.60,0.04,53.00,180.00,0.99,3.34,0.68,10.50,6,White Wine
5011,5.70,0.22,0.22,16.65,0.04,39.00,110.00,1.00,3.24,0.48,9.00,6,White Wine
1801,9.20,0.71,0.23,6.20,0.04,15.00,93.00,0.99,2.89,0.34,10.10,6,White Wine
2941,7.60,0.48,0.37,1.20,0.03,5.00,57.00,0.99,3.05,0.54,10.40,3,White Wine
6243,7.00,0.16,0.25,14.30,0.04,27.00,149.00,1.00,2.91,0.46,9.20,6,White Wine
2919,8.50,0.17,0.31,1.00,0.02,13.00,91.00,0.99,2.79,0.37,10.10,5,White Wine
5375,7.90,0.33,0.41,1.50,0.06,6.00,35.00,0.99,3.29,0.71,11.00,6,Red Wine
3794,12.70,0.60,0.49,2.80,0.07,5.00,19.00,1.00,3.14,0.57,11.40,5,Red Wine
255,7.60,0.37,0.34,3.20,0.03,42.00,162.00,0.99,3.01,0.33,12.40,6,White Wine
5761,7.90,0.12,0.49,5.20,0.05,33.00,152.00,1.00,3.18,0.47,10.60,6,White Wine
6385,6.20,0.24,0.29,13.30,0.04,49.00,130.00,1.00,3.33,0.46,11.00,8,White Wine
1335,11.50,0.30,0.60,2.00,0.07,12.00,27.00,1.00,3.11,0.97,10.10,6,Red Wine
5163,5.40,0.53,0.16,2.70,0.04,34.00,128.00,0.99,3.20,0.53,13.20,8,White Wine
5083,10.60,0.50,0.45,2.60,0.12,34.00,68.00,1.00,3.23,0.72,10.90,6,Red Wine
1677,7.40,0.33,0.26,15.60,0.05,67.00,210.00,1.00,3.06,0.68,9.50,5,White Wine
5070,7.10,0.29,0.49,1.20,0.03,32.00,99.00,0.99,3.07,0.33,12.20,6,White Wine
4151,7.50,0.33,0.48,19.45,0.05,55.00,243.00,1.00,2.95,0.40,8.80,5,White Wine
6149,10.50,0.51,0.64,2.40,0.11,6.00,15.00,1.00,3.09,0.66,11.80,7,Red Wine
407,6.30,0.30,0.24,6.60,0.04,38.00,141.00,0.99,3.22,0.47,9.50,5,White Wine
6186,8.80,0.20,0.43,15.00,0.05,60.00,184.00,1.00,3.28,0.79,8.80,6,White Wine
5735,8.00,0.55,0.42,12.60,0.21,37.00,213.00,1.00,2.99,0.56,9.30,5,White Wine
1381,9.10,0.68,0.11,2.80,0.09,11.00,44.00,1.00,3.31,0.55,9.50,6,Red Wine
1611,8.10,0.12,0.38,0.90,0.03,36.00,86.00,0.99,2.80,0.55,12.00,6,White Wine
4248,7.80,0.20,0.32,5.00,0.02,31.00,101.00,0.99,2.99,0.39,11.00,6,White Wine
3409,6.40,0.24,0.31,2.80,0.04,41.00,114.00,0.99,3.37,0.66,11.70,7,White Wine
6110,6.40,0.47,0.40,2.40,0.07,8.00,19.00,1.00,3.56,0.73,10.60,6,Red Wine
3218,7.30,0.32,0.23,13.70,0.05,49.00,197.00,1.00,3.20,0.46,8.70,5,White Wine
4159,7.10,0.20,0.31,6.85,0.05,32.00,211.00,1.00,3.31,0.59,10.40,6,White Wine
1565,7.10,0.15,0.34,5.30,0.03,33.00,104.00,1.00,3.37,0.52,9.30,7,White Wine
5288,5.40,0.29,0.47,3.00,0.05,47.00,145.00,0.99,3.29,0.75,10.00,6,White Wine
4593,7.00,0.22,0.26,2.80,0.04,44.00,132.00,0.99,3.34,0.41,12.00,7,White Wine
2410,7.20,0.23,0.33,12.70,0.05,50.00,183.00,1.00,3.41,0.40,9.80,5,White Wine
3339,9.80,0.66,0.39,3.20,0.08,21.00,59.00,1.00,3.37,0.71,11.50,7,Red Wine
312,6.60,0.46,0.49,7.40,0.05,19.00,184.00,1.00,3.11,0.38,9.00,5,White Wine
6286,6.90,0.40,0.37,8.90,0.05,36.00,148.00,1.00,3.16,0.50,9.30,5,White Wine
1312,6.00,0.32,0.30,7.30,0.17,46.00,159.00,1.00,3.18,0.49,9.40,5,White Wine
6337,7.50,0.34,0.24,3.85,0.03,5.00,34.00,0.99,3.01,0.36,11.80,4,White Wine
5241,6.80,0.37,0.28,1.90,0.02,64.00,106.00,0.99,3.45,0.60,12.60,8,White Wine
5882,7.00,0.29,0.54,10.70,0.05,59.00,234.00,1.00,3.05,0.61,9.50,5,White Wine
2073,8.80,0.55,0.04,2.20,0.12,14.00,56.00,1.00,3.21,0.60,10.90,6,Red Wine
4044,6.90,0.31,0.32,1.60,0.04,34.00,114.00,0.99,3.19,0.45,11.40,7,White Wine
2968,5.90,0.14,0.20,1.60,0.04,26.00,114.00,0.99,3.25,0.45,11.40,6,White Wine
4243,7.40,0.20,0.36,1.20,0.04,44.00,111.00,0.99,3.36,0.34,9.90,6,White Wine
948,5.70,0.27,0.28,6.90,0.04,46.00,150.00,0.99,3.36,0.44,10.80,7,White Wine
4131,7.40,0.26,0.37,9.40,0.05,42.00,147.00,1.00,3.46,0.72,10.00,5,White Wine
1175,7.30,0.30,0.22,6.40,0.06,44.00,168.00,0.99,3.13,0.35,10.10,6,White Wine
2109,7.40,0.38,0.27,7.50,0.04,24.00,160.00,1.00,3.17,0.43,10.00,5,White Wine
5749,7.10,0.37,0.30,6.20,0.04,49.00,139.00,0.99,3.17,0.27,13.60,6,White Wine
1205,7.80,0.54,0.26,2.00,0.09,23.00,48.00,1.00,3.41,0.74,9.20,6,Red Wine
5549,6.70,0.18,0.28,10.20,0.04,29.00,115.00,0.99,3.11,0.45,10.90,7,White Wine
4602,7.80,0.43,0.70,1.90,0.46,22.00,67.00,1.00,3.13,1.28,9.40,5,Red Wine
5551,6.90,0.19,0.35,5.00,0.07,32.00,150.00,0.99,3.36,0.48,9.80,5,White Wine
2158,8.20,0.42,0.49,2.60,0.08,32.00,55.00,1.00,3.34,0.75,8.70,6,Red Wine
679,6.90,0.40,0.37,8.90,0.05,36.00,148.00,1.00,3.16,0.50,9.30,5,White Wine
5779,5.60,0.18,0.58,1.25,0.03,29.00,129.00,0.99,3.51,0.60,12.00,7,White Wine
1258,6.60,0.28,0.09,10.90,0.05,37.00,131.00,1.00,2.93,0.62,9.50,6,White Wine
1901,6.80,0.17,0.34,2.00,0.04,38.00,111.00,0.99,3.24,0.45,12.90,6,White Wine
5042,8.80,0.31,0.40,2.80,0.11,7.00,16.00,1.00,3.31,0.79,11.80,7,Red Wine
594,6.40,0.21,0.50,11.60,0.04,45.00,153.00,1.00,3.15,0.43,8.80,5,White Wine
1486,7.70,0.34,0.28,11.00,0.04,31.00,117.00,1.00,3.27,0.29,9.20,6,White Wine
6139,7.20,0.33,0.28,1.40,0.03,26.00,109.00,0.99,3.28,0.57,10.60,6,White Wine
101,6.60,0.35,0.19,10.50,0.06,15.00,82.00,1.00,3.13,0.38,9.90,4,White Wine
2424,7.50,0.24,0.31,13.10,0.05,26.00,180.00,1.00,3.05,0.53,9.10,6,White Wine
2082,6.40,0.37,0.25,1.90,0.07,21.00,49.00,1.00,3.57,0.62,9.80,6,Red Wine
986,9.30,0.27,0.41,2.00,0.09,6.00,16.00,1.00,3.28,0.70,9.70,5,Red Wine
2668,10.70,0.67,0.22,2.70,0.11,17.00,34.00,1.00,3.28,0.98,9.90,6,Red Wine
3211,5.70,0.21,0.32,0.90,0.04,38.00,121.00,0.99,3.24,0.46,10.60,6,White Wine
2408,7.00,0.34,0.26,10.30,0.04,51.00,166.00,0.99,3.08,0.35,11.60,6,White Wine
3249,8.20,0.37,0.64,13.90,0.04,22.00,171.00,1.00,2.99,0.80,9.30,5,White Wine
6097,7.30,0.31,0.69,10.20,0.04,58.00,160.00,1.00,3.06,0.45,8.60,5,White Wine
4042,6.20,0.24,0.35,1.20,0.04,22.00,167.00,0.99,3.10,0.48,10.60,6,White Wine
5936,7.60,0.19,0.37,13.10,0.03,52.00,151.00,1.00,3.18,0.79,10.40,6,White Wine
4682,7.60,0.51,0.15,2.80,0.11,33.00,73.00,1.00,3.17,0.63,10.20,6,Red Wine
5666,9.30,0.40,0.49,2.50,0.09,38.00,142.00,1.00,3.22,0.55,9.40,5,Red Wine
4810,6.60,0.20,0.27,10.90,0.04,29.00,130.00,0.99,3.11,0.44,10.50,7,White Wine
3532,5.90,0.12,0.28,1.40,0.04,36.00,83.00,0.99,3.33,0.42,10.90,7,White Wine
2801,6.70,0.16,0.32,12.50,0.04,18.00,156.00,1.00,2.88,0.36,9.00,6,White Wine
2416,7.60,0.27,0.52,3.20,0.04,28.00,152.00,0.99,3.02,0.53,11.40,6,White Wine
1401,7.00,0.14,0.32,9.00,0.04,54.00,141.00,1.00,3.22,0.43,9.40,6,White Wine
75,7.60,0.55,0.21,2.20,0.07,7.00,28.00,1.00,3.28,0.55,9.70,5,Red Wine
1966,6.90,0.37,0.23,9.50,0.06,54.00,166.00,1.00,3.23,0.42,10.00,5,White Wine
4090,6.80,0.20,0.59,0.90,0.15,38.00,132.00,0.99,3.05,0.38,9.10,6,White Wine
2320,7.40,0.61,0.01,2.00,0.07,13.00,38.00,1.00,3.48,0.65,9.80,5,Red Wine
3878,5.70,0.25,0.26,12.50,0.05,52.50,106.00,1.00,3.08,0.45,9.40,6,White Wine
4356,6.40,0.26,0.30,2.20,0.03,33.00,134.00,0.99,3.21,0.47,10.60,6,White Wine
915,10.60,0.36,0.59,2.20,0.15,6.00,18.00,1.00,3.04,1.05,9.40,5,Red Wine
4689,6.50,0.28,0.29,2.70,0.04,26.00,107.00,0.99,3.32,0.41,11.60,7,White Wine
2430,7.30,0.22,0.50,13.70,0.05,56.00,189.00,1.00,3.24,0.66,9.00,6,White Wine
3644,7.70,0.38,0.23,10.80,0.03,28.00,95.00,0.99,2.93,0.41,13.60,6,White Wine
4738,11.70,0.28,0.47,1.70,0.05,17.00,32.00,1.00,3.15,0.67,10.60,7,Red Wine
5000,8.80,0.24,0.54,2.50,0.08,25.00,57.00,1.00,3.39,0.54,9.20,5,Red Wine
5192,6.10,0.26,0.51,2.20,0.05,61.00,154.00,0.99,3.08,0.60,9.80,6,White Wine
5849,7.80,0.15,0.34,1.10,0.04,31.00,93.00,0.99,3.07,0.72,11.30,7,White Wine
6438,9.00,0.17,0.49,1.00,0.04,46.00,131.00,0.99,3.09,0.51,10.50,7,White Wine
1588,8.40,0.34,0.42,2.10,0.07,23.00,36.00,0.99,3.11,0.78,12.40,6,Red Wine
6347,7.70,0.69,0.22,1.90,0.08,18.00,94.00,1.00,3.31,0.48,9.50,5,Red Wine
5895,7.10,0.17,0.40,14.55,0.05,47.00,156.00,1.00,3.34,0.78,9.10,6,White Wine
3708,7.10,0.69,0.35,2.00,0.09,9.00,92.00,1.00,3.28,0.62,9.40,5,Red Wine
1322,6.90,0.18,0.36,1.30,0.04,40.00,117.00,0.99,3.27,0.95,9.50,7,White Wine
6331,7.40,0.59,0.08,4.40,0.09,6.00,29.00,1.00,3.38,0.50,9.00,4,Red Wine
2783,7.90,0.26,0.33,10.30,0.04,73.00,212.00,1.00,2.93,0.49,9.50,6,White Wine
310,5.70,0.36,0.21,6.70,0.04,51.00,166.00,0.99,3.29,0.63,10.00,6,White Wine
5555,7.40,0.16,0.30,13.70,0.06,33.00,168.00,1.00,2.90,0.44,8.70,7,White Wine
2642,7.00,0.24,0.30,12.30,0.04,72.00,172.00,1.00,2.99,0.57,10.40,6,White Wine
5913,6.30,0.36,0.30,4.80,0.05,14.00,85.00,0.99,3.28,0.39,10.60,5,White Wine
5945,11.60,0.47,0.40,1.40,0.09,6.00,28.00,1.00,3.07,0.65,10.03,6,Red Wine
301,6.80,0.28,0.29,11.90,0.05,51.00,149.00,1.00,3.02,0.58,10.40,6,White Wine
1339,7.30,0.18,0.29,1.20,0.04,12.00,143.00,0.99,3.20,0.48,11.30,7,White Wine
1964,8.80,0.23,0.35,10.70,0.04,26.00,183.00,1.00,2.93,0.49,9.10,6,White Wine
3704,6.60,0.56,0.22,8.90,0.03,27.00,133.00,1.00,3.20,0.51,9.10,5,White Wine
2677,7.90,0.21,0.39,2.00,0.06,21.00,138.00,0.99,3.05,0.52,10.90,5,White Wine
4729,6.40,0.32,0.25,5.00,0.06,28.00,138.00,0.99,3.27,0.50,12.40,8,White Wine
1822,9.40,0.24,0.29,8.50,0.04,124.00,208.00,0.99,2.90,0.38,11.00,3,White Wine
5774,6.00,0.14,0.17,5.60,0.04,37.00,127.00,0.99,3.05,0.57,9.80,6,White Wine
1725,6.90,0.36,0.25,2.40,0.10,5.00,16.00,1.00,3.41,0.60,10.10,6,Red Wine
513,6.00,0.32,0.30,1.30,0.03,18.00,112.00,0.99,3.07,0.64,13.30,7,White Wine
3574,7.50,0.65,0.18,7.00,0.09,27.00,94.00,1.00,3.38,0.77,9.40,5,Red Wine
2413,10.60,0.44,0.68,4.10,0.11,6.00,24.00,1.00,3.06,0.66,13.40,6,Red Wine
2522,8.10,0.55,0.18,1.90,0.08,13.00,35.00,1.00,3.30,0.59,9.00,6,Red Wine
1039,6.30,0.29,0.23,14.20,0.04,24.00,99.00,1.00,3.08,0.38,10.60,6,White Wine
1226,6.00,0.34,0.66,15.90,0.05,26.00,164.00,1.00,3.14,0.50,8.80,6,White Wine
6229,6.60,0.25,0.31,1.50,0.04,32.00,127.00,0.99,3.41,0.47,11.30,6,White Wine
106,7.70,0.70,0.10,2.60,0.08,9.00,26.00,1.00,3.39,0.49,9.70,5,Red Wine
4352,7.10,0.26,0.32,16.20,0.04,31.00,170.00,1.00,3.17,0.37,11.20,5,White Wine
1617,10.80,0.89,0.30,2.60,0.13,7.00,60.00,1.00,2.99,1.18,10.20,5,Red Wine
3258,7.20,0.38,0.31,2.00,0.06,15.00,29.00,0.99,3.23,0.76,11.30,8,Red Wine
3084,6.90,0.46,0.20,0.90,0.05,5.00,126.00,0.99,3.10,0.42,10.40,6,White Wine
5339,6.60,0.22,0.37,15.40,0.04,62.00,153.00,1.00,3.02,0.40,9.30,5,White Wine
431,6.00,0.29,0.27,2.30,0.04,20.00,117.00,0.99,3.31,0.41,12.70,7,White Wine
4468,8.00,0.23,0.37,9.60,0.05,23.00,159.00,1.00,3.32,0.47,9.80,4,White Wine
2018,5.80,0.32,0.23,1.50,0.03,39.00,121.00,0.99,2.96,0.35,12.00,5,White Wine
3882,9.50,0.89,0.27,2.30,0.08,31.00,145.00,1.00,3.24,0.53,9.40,5,Red Wine
3876,8.20,0.39,0.38,1.50,0.06,10.00,29.00,1.00,3.26,0.74,9.80,5,Red Wine
3923,6.60,0.27,0.31,5.30,0.14,35.00,163.00,1.00,3.20,0.38,9.30,5,White Wine
2220,6.70,0.24,0.39,2.90,0.17,63.00,157.00,0.99,3.10,0.34,9.40,6,White Wine
721,10.50,0.42,0.66,2.95,0.12,12.00,29.00,1.00,3.24,0.75,11.70,7,Red Wine
2288,8.80,0.95,0.05,1.80,0.07,5.00,19.00,1.00,3.30,0.44,9.60,4,Red Wine
198,7.80,0.50,0.17,1.60,0.08,21.00,102.00,1.00,3.39,0.48,9.50,5,Red Wine
262,6.00,0.17,0.30,7.30,0.04,39.00,104.00,0.99,2.91,0.57,11.00,6,White Wine
3504,7.10,0.28,0.31,1.50,0.05,20.00,98.00,0.99,3.15,0.50,11.40,5,White Wine
5513,7.50,0.23,0.49,7.70,0.05,61.00,209.00,0.99,3.14,0.30,11.10,7,White Wine
4173,6.40,0.67,0.08,2.10,0.04,19.00,48.00,0.99,3.49,0.49,11.40,6,Red Wine
2441,6.80,0.22,0.31,6.30,0.04,33.00,170.00,0.99,3.24,0.66,12.60,6,White Wine
5230,6.10,0.15,0.40,1.20,0.03,19.00,84.00,0.99,3.19,0.96,13.00,6,White Wine
1188,6.60,0.32,0.33,2.50,0.05,40.00,219.50,0.99,3.15,0.60,10.00,5,White Wine
970,7.90,0.69,0.21,2.10,0.08,33.00,141.00,1.00,3.25,0.51,9.90,5,Red Wine
4988,6.40,0.29,0.28,11.10,0.06,66.00,169.00,1.00,2.89,0.57,9.00,5,White Wine
5261,6.90,0.33,0.31,4.20,0.04,21.00,93.00,0.99,3.18,0.48,13.40,7,White Wine
1538,6.30,0.37,0.51,6.30,0.05,35.00,146.00,0.99,3.10,1.01,10.50,6,White Wine
1758,7.90,0.18,0.49,5.20,0.05,36.00,157.00,1.00,3.18,0.48,10.60,6,White Wine
1539,7.50,0.30,0.21,6.55,0.03,33.00,143.00,0.99,2.92,0.35,11.10,5,White Wine
111,5.80,0.56,0.26,4.50,0.05,17.00,126.00,0.99,3.24,0.46,9.10,5,White Wine
1779,8.00,0.25,0.13,17.20,0.04,49.00,219.00,1.00,2.96,0.46,9.70,5,White Wine
4914,6.80,0.78,0.00,3.00,0.10,8.00,23.00,1.00,3.45,0.56,10.70,5,Red Wine
1981,5.00,0.23,0.27,11.75,0.03,34.00,118.00,1.00,3.07,0.50,9.40,6,White Wine
1827,8.60,0.48,0.29,4.10,0.03,19.00,101.00,0.99,3.01,0.38,12.40,5,White Wine
309,6.70,0.29,0.49,4.70,0.03,35.00,156.00,0.99,3.13,0.45,9.90,6,White Wine
3866,6.30,0.24,0.29,1.60,0.05,48.00,185.00,0.99,3.21,0.50,9.40,5,White Wine
4293,6.80,0.37,0.28,4.00,0.03,29.00,79.00,0.99,3.23,0.46,12.40,7,White Wine
171,8.60,0.65,0.25,2.00,0.08,8.00,28.00,1.00,3.28,0.60,10.00,6,Red Wine
4158,7.20,0.29,0.40,7.60,0.02,56.00,177.00,0.99,3.04,0.32,11.50,6,White Wine
3274,6.70,0.21,0.42,9.10,0.05,31.00,150.00,1.00,3.12,0.74,9.90,7,White Wine
4835,7.20,0.27,0.37,5.40,0.03,27.00,114.00,0.99,3.13,0.84,12.70,5,White Wine
2912,5.40,0.17,0.27,2.70,0.05,28.00,104.00,0.99,3.46,0.55,10.30,6,White Wine
6175,7.60,0.33,0.35,6.30,0.04,12.00,126.00,0.99,3.16,0.39,12.00,7,White Wine
3827,6.50,0.36,0.38,10.20,0.03,20.00,82.00,0.99,3.10,0.43,12.10,7,White Wine
3809,7.10,0.28,0.26,1.90,0.05,12.00,86.00,0.99,3.15,0.38,9.40,5,White Wine
3901,6.80,0.18,0.28,8.70,0.05,52.00,242.00,1.00,3.22,0.53,10.50,6,White Wine
2403,6.00,0.39,0.17,12.00,0.05,65.00,246.00,1.00,3.15,0.38,9.00,6,White Wine
2298,7.50,0.21,0.68,10.90,0.04,38.00,133.00,1.00,3.00,0.36,8.70,5,White Wine
279,6.10,0.32,0.37,1.80,0.05,13.00,200.00,0.99,3.49,0.44,10.50,4,White Wine
3625,5.80,0.29,0.27,1.60,0.06,17.00,140.00,0.99,3.23,0.35,11.10,6,White Wine
3309,7.90,0.29,0.39,6.70,0.04,6.00,117.00,0.99,3.12,0.42,10.70,5,White Wine
4924,5.20,0.48,0.04,1.60,0.05,19.00,106.00,0.99,3.54,0.62,12.20,7,Red Wine
815,6.40,0.31,0.27,7.40,0.05,48.00,169.00,0.99,3.27,0.45,11.10,6,White Wine
1679,6.90,0.29,0.40,19.45,0.04,36.00,156.00,1.00,2.93,0.47,8.90,5,White Wine
810,6.30,0.51,0.13,2.30,0.08,29.00,40.00,1.00,3.42,0.75,11.00,6,Red Wine
512,7.90,0.77,0.00,2.00,0.08,9.00,22.00,1.00,3.33,0.68,10.90,6,Red Wine
2950,6.80,0.21,0.55,14.60,0.05,34.00,159.00,1.00,2.93,0.44,9.20,5,White Wine
4829,6.50,0.25,0.32,9.90,0.04,41.00,128.00,1.00,3.18,0.52,9.60,6,White Wine
3139,7.10,0.76,0.15,1.80,0.11,20.00,84.00,1.00,3.19,0.50,9.50,5,Red Wine
4383,10.20,0.34,0.48,2.10,0.05,5.00,9.00,0.99,3.20,0.69,12.10,7,Red Wine
6160,6.80,0.26,0.34,15.10,0.06,42.00,162.00,1.00,3.24,0.52,10.50,3,White Wine
6426,6.30,0.29,0.28,4.70,0.06,28.00,81.00,0.99,3.24,0.56,12.70,8,White Wine
4093,5.90,0.12,0.27,4.80,0.03,40.00,110.00,0.99,3.55,0.68,12.10,6,White Wine
1286,7.30,0.26,0.32,1.20,0.04,29.00,94.00,0.99,3.07,0.45,12.00,6,White Wine
4329,6.30,0.25,0.23,14.90,0.04,47.00,142.00,1.00,3.14,0.35,9.70,6,White Wine
4363,6.60,0.28,0.28,8.50,0.05,55.00,211.00,1.00,3.09,0.55,8.90,6,White Wine
2871,8.40,0.67,0.19,2.20,0.09,11.00,75.00,1.00,3.20,0.59,9.20,4,Red Wine
4989,6.60,0.12,0.25,1.40,0.04,21.00,131.00,0.99,3.20,0.45,11.20,7,White Wine
1323,7.20,0.22,0.49,1.00,0.04,34.00,140.00,0.99,3.05,0.34,12.70,6,White Wine
6467,6.70,0.24,0.29,6.80,0.04,54.00,127.00,0.99,3.33,0.46,11.60,7,White Wine
4628,6.40,0.32,0.26,7.90,0.05,53.00,180.00,1.00,3.14,0.50,9.60,5,White Wine
4571,6.90,0.26,0.27,4.20,0.03,20.00,80.00,0.99,3.12,0.39,11.50,6,White Wine
511,6.30,0.33,0.20,17.90,0.07,36.00,161.00,1.00,3.14,0.51,8.80,5,White Wine
4366,7.90,0.34,0.44,6.50,0.03,47.00,126.00,0.99,2.96,0.37,12.50,6,White Wine
270,6.60,0.32,0.33,2.50,0.05,40.00,210.00,0.99,3.15,0.60,10.00,5,White Wine
2128,8.20,0.51,0.24,2.00,0.08,16.00,86.00,1.00,3.34,0.64,9.50,6,Red Wine
43,7.10,0.18,0.74,15.60,0.04,44.00,176.00,1.00,3.38,0.67,9.00,6,White Wine
5012,6.00,0.16,0.36,1.60,0.04,13.00,61.00,0.99,3.22,0.54,10.80,6,White Wine
2583,15.00,0.21,0.44,2.20,0.07,10.00,24.00,1.00,3.07,0.84,9.20,7,Red Wine
3360,5.70,0.22,0.22,16.65,0.04,39.00,110.00,1.00,3.24,0.48,9.00,6,White Wine
5398,5.90,0.24,0.30,2.00,0.03,28.00,92.00,0.99,3.39,0.69,10.90,7,White Wine
2837,5.00,0.27,0.32,4.50,0.03,58.00,178.00,0.99,3.45,0.31,12.60,7,White Wine
4537,7.60,0.27,0.32,1.20,0.04,23.00,72.00,0.99,3.06,0.68,10.50,5,White Wine
2628,7.00,0.21,0.28,8.70,0.04,37.00,222.00,1.00,3.25,0.54,10.40,6,White Wine
1000,6.10,0.31,0.58,5.00,0.04,36.00,114.00,0.99,3.30,0.60,12.30,8,White Wine
4007,6.10,0.17,0.42,15.10,0.03,28.00,124.00,1.00,2.87,0.47,9.50,5,White Wine
4888,6.30,0.23,0.22,17.45,0.05,42.00,151.00,1.00,3.12,0.60,9.30,6,White Wine
2390,5.70,0.18,0.22,4.20,0.04,25.00,111.00,0.99,3.35,0.39,9.40,5,White Wine
6417,7.50,0.25,0.32,8.20,0.02,53.00,209.00,1.00,3.12,0.46,10.80,6,White Wine
4020,5.80,0.29,0.38,10.70,0.04,49.00,136.00,0.99,3.11,0.59,11.20,6,White Wine
3546,8.30,0.20,0.49,1.70,0.04,38.00,167.00,0.99,3.05,0.37,10.10,6,White Wine
3720,6.90,0.25,0.29,2.40,0.04,28.00,76.00,0.99,3.01,0.36,11.70,7,White Wine
2821,7.70,0.46,0.18,3.30,0.05,18.00,143.00,0.99,3.12,0.51,10.80,6,White Wine
4438,6.80,0.19,0.36,1.90,0.04,30.00,96.00,0.99,3.15,0.54,10.80,7,White Wine
250,6.60,0.26,0.21,2.90,0.03,48.00,126.00,0.99,3.22,0.38,11.30,7,White Wine
3666,7.20,0.37,0.32,2.00,0.06,15.00,28.00,0.99,3.23,0.73,11.30,7,Red Wine
5898,8.20,0.38,0.49,13.60,0.04,58.00,166.00,1.00,3.10,0.54,9.40,5,White Wine
2622,9.90,0.74,0.19,5.80,0.11,33.00,76.00,1.00,3.14,0.55,9.40,5,Red Wine
139,5.60,0.24,0.34,2.00,0.04,14.00,73.00,0.99,3.04,0.45,11.60,7,White Wine
327,8.60,0.18,0.28,0.80,0.03,25.00,78.00,0.99,2.99,0.38,11.10,5,White Wine
6471,6.60,0.29,0.29,1.80,0.04,38.00,102.00,0.99,3.08,0.42,13.70,7,White Wine
665,8.60,0.37,0.65,6.40,0.08,3.00,8.00,1.00,3.27,0.58,11.00,5,Red Wine
492,5.80,0.20,0.24,1.40,0.03,65.00,169.00,0.99,3.59,0.56,12.30,7,White Wine
822,7.20,0.39,0.54,1.40,0.16,34.00,132.00,0.99,3.11,0.53,9.00,6,White Wine
5238,6.40,0.64,0.21,1.80,0.08,14.00,31.00,1.00,3.59,0.66,9.80,5,Red Wine
339,7.00,0.20,0.34,5.70,0.04,32.00,83.00,0.99,3.19,0.46,11.50,6,White Wine
6169,6.30,0.29,0.29,3.30,0.04,32.00,140.00,0.99,3.17,0.36,12.80,7,White Wine
490,6.90,0.21,0.49,1.40,0.04,15.00,164.00,0.99,3.25,0.63,11.00,5,White Wine
884,8.00,0.29,0.49,11.70,0.04,40.00,131.00,1.00,3.14,0.34,10.80,5,White Wine
4081,6.30,0.25,0.44,11.60,0.04,48.00,195.00,1.00,3.18,0.52,9.50,5,White Wine
2297,6.90,0.49,0.10,2.30,0.07,12.00,30.00,1.00,3.42,0.58,10.20,6,Red Wine
2597,7.70,0.30,0.26,18.95,0.05,36.00,174.00,1.00,3.20,0.50,10.40,5,White Wine
6305,6.90,0.30,0.49,7.60,0.06,25.00,156.00,1.00,3.43,0.63,11.00,7,White Wine
876,10.00,0.56,0.24,2.20,0.08,19.00,58.00,1.00,3.18,0.56,10.10,6,Red Wine
3801,8.20,0.28,0.40,2.40,0.05,4.00,10.00,0.99,3.33,0.70,12.80,7,Red Wine
1543,6.70,0.33,0.34,7.50,0.04,39.00,124.00,0.99,2.99,0.32,12.40,8,White Wine
6309,5.90,0.24,0.28,1.30,0.03,36.00,95.00,0.99,3.08,0.64,12.90,7,White Wine
4450,6.80,0.24,0.33,3.20,0.05,68.00,161.00,0.99,3.10,0.69,10.20,6,White Wine
5805,7.20,0.21,0.34,11.90,0.04,37.00,213.00,1.00,3.09,0.50,9.60,6,White Wine
1512,6.40,0.37,0.12,5.90,0.06,6.00,91.00,1.00,3.06,0.46,8.40,4,White Wine
1857,10.00,0.35,0.45,2.50,0.09,20.00,88.00,1.00,3.15,0.43,9.40,5,Red Wine
6345,12.10,0.40,0.52,2.00,0.09,15.00,54.00,1.00,3.03,0.66,10.20,5,Red Wine
6231,6.20,0.15,0.46,1.60,0.04,38.00,123.00,0.99,3.38,0.51,9.70,6,White Wine
1030,6.00,0.21,0.30,8.70,0.04,47.00,127.00,0.99,3.18,0.39,10.60,5,White Wine
1394,7.90,0.46,0.32,4.10,0.03,40.00,138.00,0.99,3.18,0.44,12.80,7,White Wine
3575,7.30,0.26,0.33,17.85,0.05,41.50,195.00,1.00,3.06,0.44,9.10,7,White Wine
2506,6.60,0.22,0.53,15.10,0.05,22.00,136.00,1.00,2.94,0.35,9.40,5,White Wine
4893,6.90,0.28,0.24,2.10,0.03,49.00,121.00,0.99,2.98,0.43,13.20,7,White Wine
1263,6.80,0.64,0.08,9.70,0.06,26.00,142.00,1.00,3.37,0.46,8.90,4,White Wine
1016,6.10,0.30,0.47,1.40,0.05,50.00,187.00,0.99,3.19,0.45,9.50,5,White Wine
3459,6.80,0.30,0.23,4.60,0.06,50.50,238.50,1.00,3.32,0.60,9.50,5,White Wine
1685,6.80,0.31,0.19,3.50,0.09,30.00,130.00,0.99,2.83,0.44,9.60,5,White Wine
3334,7.70,0.20,0.44,13.90,0.05,44.00,130.00,1.00,3.11,0.48,10.00,6,White Wine
6228,9.30,0.32,0.57,2.00,0.07,27.00,65.00,1.00,3.28,0.79,10.70,5,Red Wine
1301,7.00,0.32,0.27,7.10,0.03,37.00,122.00,0.99,3.15,0.60,12.60,7,White Wine
3703,7.20,0.39,0.32,1.80,0.07,34.00,60.00,1.00,3.46,0.78,9.90,5,Red Wine
2970,5.10,0.30,0.13,1.75,0.04,17.00,73.00,0.99,3.40,0.51,12.33,5,White Wine
4544,7.10,0.26,0.30,2.00,0.03,13.00,128.00,0.99,3.19,0.49,11.40,5,White Wine
5941,10.00,0.38,0.38,1.60,0.17,27.00,90.00,1.00,3.15,0.65,8.50,5,Red Wine
6151,6.80,0.45,0.36,5.00,0.03,28.00,156.00,0.99,3.11,0.40,12.40,7,White Wine
2699,7.50,0.14,0.34,1.30,0.06,50.00,153.00,0.99,3.29,0.80,9.60,6,White Wine
1541,6.20,0.27,0.43,7.80,0.06,48.00,244.00,1.00,3.10,0.51,9.00,6,White Wine
2833,8.10,0.22,0.43,1.50,0.04,28.00,129.00,0.99,3.22,0.45,11.00,6,White Wine
5201,7.60,0.31,0.29,10.50,0.04,21.00,145.00,1.00,3.04,0.35,9.40,5,White Wine
1257,6.30,0.36,0.28,2.50,0.04,18.00,73.00,0.99,3.10,0.47,12.80,7,White Wine
110,6.60,0.56,0.22,8.90,0.03,27.00,133.00,1.00,3.20,0.51,9.10,5,White Wine
1054,6.00,0.25,0.28,2.20,0.03,54.00,126.00,0.99,3.43,0.65,12.90,8,White Wine
3938,7.40,0.21,0.30,7.90,0.04,14.00,118.00,0.99,2.96,0.34,10.40,5,White Wine
128,5.70,0.16,0.32,1.20,0.04,7.00,89.00,0.99,3.26,0.48,11.00,5,White Wine
1885,6.90,0.22,0.28,7.80,0.05,43.00,116.00,0.99,3.22,0.60,11.50,8,White Wine
2348,8.60,0.64,0.68,1.80,0.40,19.00,56.00,1.00,3.02,1.15,9.30,5,Red Wine
1260,12.80,0.30,0.74,2.60,0.10,9.00,28.00,1.00,3.20,0.77,10.80,7,Red Wine
3967,7.10,0.31,0.17,1.00,0.04,21.00,144.00,0.99,3.13,0.40,9.60,5,White Wine
2675,10.20,0.40,0.40,2.50,0.07,41.00,54.00,1.00,3.38,0.86,10.50,6,Red Wine
3005,6.50,0.43,0.18,13.15,0.03,25.00,131.00,1.00,3.23,0.51,10.70,5,White Wine
2302,6.70,0.25,0.13,1.20,0.04,81.00,174.00,0.99,3.14,0.42,9.80,5,White Wine
3072,6.20,0.16,0.47,1.40,0.03,23.00,81.00,0.99,3.26,0.42,12.20,6,White Wine
3857,5.70,0.26,0.30,1.80,0.04,30.00,105.00,0.99,3.48,0.52,12.50,7,White Wine
2461,7.40,0.24,0.22,10.70,0.04,26.00,81.00,1.00,2.86,0.36,9.70,6,White Wine
1627,7.50,0.57,0.02,2.60,0.08,11.00,35.00,1.00,3.36,0.62,10.80,6,Red Wine
1010,7.50,0.19,0.49,1.60,0.05,42.00,140.00,0.99,3.40,0.47,10.70,6,White Wine
1252,9.20,0.22,0.40,2.40,0.05,18.00,151.00,1.00,3.04,0.46,9.30,4,White Wine
1211,6.40,0.34,0.20,14.90,0.06,37.00,162.00,1.00,3.13,0.45,9.00,4,White Wine
5141,6.40,0.27,0.19,1.90,0.09,21.00,196.00,1.00,3.49,0.64,9.50,4,White Wine
5854,8.20,0.26,0.49,5.20,0.04,19.00,100.00,0.99,3.12,0.34,10.10,6,White Wine
1637,5.70,0.25,0.32,12.20,0.04,43.00,127.00,1.00,3.23,0.53,10.40,7,White Wine
1743,11.10,0.44,0.42,2.20,0.06,14.00,19.00,1.00,3.25,0.57,10.40,6,Red Wine
2945,7.50,0.41,0.23,14.80,0.05,28.00,174.00,1.00,3.18,0.49,9.70,5,White Wine
1773,10.00,0.46,0.44,2.90,0.07,4.00,8.00,1.00,3.33,0.62,12.20,6,Red Wine
5581,8.20,0.50,0.35,2.90,0.08,21.00,127.00,1.00,3.23,0.62,9.40,5,Red Wine
2674,6.40,0.26,0.24,6.40,0.04,27.00,124.00,0.99,3.22,0.49,12.60,7,White Wine
3247,7.10,0.71,0.00,1.90,0.08,14.00,35.00,1.00,3.47,0.55,9.40,5,Red Wine
267,7.40,0.47,0.46,2.20,0.11,7.00,20.00,1.00,3.32,0.63,10.50,5,Red Wine
1929,8.30,0.70,0.12,2.60,0.09,12.00,28.00,1.00,3.51,0.72,10.00,5,Red Wine
2856,6.80,0.22,0.24,4.90,0.09,30.00,123.00,1.00,3.03,0.46,8.60,6,White Wine
4022,7.20,0.16,0.32,0.80,0.04,50.00,121.00,0.99,3.27,0.33,10.00,6,White Wine
4143,7.40,0.22,0.33,2.00,0.04,31.00,101.00,0.99,3.42,0.55,11.40,5,White Wine
772,7.30,0.26,0.36,5.20,0.04,31.00,141.00,0.99,3.16,0.59,11.00,6,White Wine
3569,6.80,0.20,0.25,6.20,0.05,22.00,106.00,0.99,3.09,0.54,10.80,5,White Wine
6398,6.70,0.22,0.22,1.20,0.04,5.00,124.00,0.99,3.10,0.37,11.20,4,White Wine
4742,8.30,0.66,0.15,1.90,0.08,17.00,42.00,1.00,3.31,0.54,9.60,6,Red Wine
3446,8.10,0.53,0.22,2.20,0.08,33.00,89.00,1.00,3.26,0.46,9.60,6,Red Wine
3500,7.50,0.55,0.24,2.00,0.08,10.00,28.00,1.00,3.45,0.78,9.50,6,Red Wine
6344,6.70,0.23,0.42,11.20,0.05,52.00,171.00,1.00,3.54,0.74,10.40,5,White Wine
3813,7.60,0.49,0.33,1.90,0.07,27.00,85.00,1.00,3.41,0.58,9.00,5,Red Wine
4114,7.70,0.43,0.25,2.60,0.07,29.00,63.00,1.00,3.37,0.58,10.50,6,Red Wine
5122,7.70,0.31,0.23,2.00,0.07,29.00,134.00,0.99,3.11,0.62,9.80,5,White Wine
2245,9.00,0.29,0.34,12.10,0.03,34.00,177.00,1.00,3.13,0.47,10.60,5,White Wine
505,11.20,0.28,0.56,1.90,0.07,17.00,60.00,1.00,3.16,0.58,9.80,6,Red Wine
5732,7.90,0.34,0.51,15.30,0.05,54.00,171.00,1.00,3.09,0.51,9.10,5,White Wine
2205,6.20,0.25,0.21,15.55,0.04,28.00,159.00,1.00,3.48,0.64,9.60,6,White Wine
4538,6.20,0.29,0.32,3.60,0.03,39.00,138.00,0.99,3.31,0.37,13.10,7,White Wine
3377,6.90,0.26,0.29,4.20,0.04,33.00,114.00,0.99,3.16,0.31,12.50,6,White Wine
4440,5.80,0.30,0.33,3.50,0.03,25.00,116.00,0.99,3.20,0.44,11.70,6,White Wine
1648,7.40,0.39,0.23,7.00,0.03,29.00,126.00,0.99,3.14,0.42,10.50,5,White Wine
6155,6.60,0.19,0.28,1.10,0.04,38.00,100.00,0.99,3.22,0.69,11.20,6,White Wine
3897,12.60,0.41,0.54,2.80,0.10,19.00,41.00,1.00,3.21,0.76,11.30,6,Red Wine
3506,7.80,0.20,0.24,1.60,0.03,26.00,189.00,0.99,3.08,0.74,12.10,7,White Wine
4025,7.20,0.61,0.08,4.00,0.08,26.00,108.00,1.00,3.25,0.51,9.40,5,Red Wine
6076,7.50,0.16,0.38,12.70,0.04,70.50,163.00,1.00,3.15,0.82,10.40,7,White Wine
1959,6.80,0.18,0.28,8.50,0.05,52.00,242.00,1.00,3.22,0.53,10.50,6,White Wine
2005,7.10,0.32,0.24,13.10,0.05,52.00,204.00,1.00,3.10,0.49,8.80,5,White Wine
4253,7.20,0.35,0.25,5.60,0.03,23.00,120.00,0.99,2.93,0.66,10.30,7,White Wine
1592,9.00,0.43,0.30,1.50,0.05,7.00,175.00,1.00,3.11,0.45,9.70,4,White Wine
5199,6.50,0.30,0.29,2.25,0.04,8.00,210.00,0.99,3.19,0.62,9.90,5,White Wine
4698,7.50,0.18,0.31,6.50,0.03,53.00,160.00,0.99,3.03,0.38,10.90,6,White Wine
2181,9.50,0.37,0.52,2.00,0.08,6.00,26.00,1.00,3.18,0.51,9.50,5,Red Wine
926,6.40,0.23,0.35,10.30,0.04,54.00,140.00,1.00,3.23,0.47,9.20,5,White Wine
1604,7.10,0.32,0.34,14.50,0.04,46.00,150.00,0.99,3.38,0.50,12.50,8,White Wine
315,7.80,0.96,0.60,65.80,0.07,8.00,160.00,1.04,3.39,0.69,11.70,6,White Wine
4653,7.20,0.23,0.39,1.50,0.05,26.00,106.00,0.99,3.18,0.47,11.10,6,White Wine
6429,6.40,0.32,0.31,1.90,0.04,34.00,126.00,0.99,3.06,0.45,11.80,6,White Wine
3815,6.00,0.19,0.29,1.10,0.05,67.00,152.00,0.99,3.54,0.59,11.10,7,White Wine
795,6.20,0.64,0.09,2.50,0.08,15.00,26.00,1.00,3.57,0.63,12.00,5,Red Wine
5195,6.20,0.36,0.32,4.00,0.04,44.00,92.00,0.99,3.20,0.50,13.30,7,White Wine
2145,7.70,0.39,0.28,4.90,0.04,36.00,109.00,0.99,3.19,0.58,12.20,7,White Wine
3278,7.00,0.23,0.33,5.80,0.04,25.00,136.00,0.99,3.19,0.58,9.50,6,White Wine
3530,6.10,0.24,0.25,1.60,0.04,24.00,115.00,0.99,3.39,0.59,10.90,6,White Wine
1714,6.90,0.20,0.37,6.20,0.03,24.00,97.00,0.99,3.38,0.49,12.20,7,White Wine
1222,7.50,0.41,0.23,14.80,0.05,28.00,174.00,1.00,3.18,0.49,9.70,5,White Wine
1686,7.90,0.55,0.06,4.00,0.09,27.00,61.00,1.00,3.36,0.67,10.70,6,Red Wine
1147,7.90,0.25,0.29,5.30,0.03,33.00,117.00,0.99,3.06,0.32,11.80,7,White Wine
3659,8.10,0.66,0.22,2.20,0.07,9.00,23.00,1.00,3.30,1.20,10.30,5,Red Wine
5411,7.00,0.13,0.37,12.85,0.04,36.00,105.00,1.00,3.05,0.55,10.70,6,White Wine
4564,8.20,0.20,0.38,3.50,0.05,41.00,174.00,0.99,3.22,0.41,11.60,5,White Wine
3012,7.60,0.26,0.36,1.60,0.03,6.00,106.00,0.99,3.15,0.40,10.40,4,White Wine
1599,7.40,0.16,0.30,13.70,0.06,33.00,168.00,1.00,2.90,0.44,8.70,7,White Wine
4868,7.40,0.33,0.26,2.60,0.04,29.00,115.00,0.99,3.07,0.52,11.80,7,White Wine
4785,7.40,0.34,0.30,14.90,0.04,70.00,169.00,1.00,3.25,0.37,10.40,6,White Wine
4980,10.20,0.67,0.39,1.90,0.05,6.00,17.00,1.00,3.17,0.47,10.00,5,Red Wine
603,6.90,0.54,0.26,12.70,0.05,59.00,195.00,1.00,3.26,0.54,10.50,6,White Wine
360,5.30,0.60,0.34,1.40,0.03,3.00,60.00,0.99,3.27,0.38,13.00,6,White Wine
6234,6.00,0.29,0.25,1.40,0.03,30.00,114.00,0.99,3.08,0.43,13.20,6,White Wine
3610,7.30,0.45,0.36,5.90,0.07,12.00,87.00,1.00,3.33,0.83,10.50,5,Red Wine
585,5.60,0.32,0.33,7.40,0.04,25.00,95.00,0.99,3.25,0.49,11.10,6,White Wine
2271,7.30,0.18,0.31,17.30,0.06,32.00,197.00,1.00,3.13,0.46,9.00,6,White Wine
3934,6.40,0.40,0.19,3.20,0.03,28.00,124.00,0.99,3.22,0.54,12.70,7,White Wine
1809,7.60,0.18,0.36,2.40,0.05,38.00,123.00,1.00,3.60,0.46,10.30,5,White Wine
1735,8.60,0.17,0.28,2.70,0.05,38.00,150.00,0.99,3.10,0.56,10.80,6,White Wine
1756,5.20,0.31,0.36,5.10,0.03,46.00,145.00,0.99,3.14,0.31,12.40,7,White Wine
3887,6.40,0.13,0.47,1.60,0.09,40.00,158.00,0.99,3.21,0.36,9.80,6,White Wine
2096,6.90,0.24,0.36,20.80,0.03,40.00,139.00,1.00,3.20,0.33,11.00,6,White Wine
3015,6.30,0.23,0.33,6.90,0.05,23.00,118.00,0.99,3.23,0.46,10.40,6,White Wine
2627,6.90,0.48,0.36,3.50,0.03,31.00,135.00,0.99,3.14,0.38,12.20,7,White Wine
3707,4.80,0.65,0.12,1.10,0.01,4.00,10.00,0.99,3.32,0.36,13.50,4,White Wine
2366,6.80,0.11,0.27,8.60,0.04,45.00,104.00,0.99,3.20,0.37,9.90,6,White Wine
2341,7.40,0.33,0.26,15.60,0.05,67.00,210.00,1.00,3.06,0.68,9.50,5,White Wine
3077,5.70,0.32,0.38,4.75,0.03,23.00,94.00,0.99,3.42,0.42,11.80,7,White Wine
55,6.90,0.28,0.37,9.10,0.04,16.00,76.00,0.99,3.05,0.54,11.10,5,White Wine
5550,7.70,0.69,0.05,2.70,0.07,15.00,27.00,1.00,3.26,0.61,9.10,5,Red Wine
2312,6.70,0.16,0.28,2.50,0.05,40.00,153.00,0.99,3.38,0.51,11.40,7,White Wine
1217,5.70,0.28,0.30,3.90,0.03,36.00,105.00,0.99,3.26,0.58,12.75,6,White Wine
5182,6.90,0.16,0.30,9.60,0.06,50.00,185.00,1.00,3.39,0.38,9.60,6,White Wine
2064,6.50,0.38,0.34,3.40,0.04,34.00,200.00,0.99,3.14,0.76,10.00,5,White Wine
5309,7.80,0.25,0.37,1.00,0.04,10.00,80.00,0.99,3.08,0.38,11.40,5,White Wine
4290,6.40,0.26,0.25,10.70,0.05,66.00,179.00,1.00,3.17,0.55,9.90,6,White Wine
4116,6.20,0.25,0.54,7.00,0.05,58.00,176.00,0.99,3.19,0.70,10.40,5,White Wine
5902,5.90,0.26,0.21,12.50,0.03,36.00,152.00,1.00,3.28,0.43,9.50,6,White Wine
52,7.40,0.14,0.30,1.30,0.03,25.00,91.00,0.99,3.53,0.39,10.60,6,White Wine
455,6.80,0.30,0.24,6.60,0.12,35.00,116.00,1.00,3.07,0.48,9.40,5,White Wine
1925,5.30,0.40,0.25,3.90,0.03,45.00,130.00,0.99,3.31,0.58,11.75,7,White Wine
3342,6.60,0.27,0.25,1.20,0.03,36.00,111.00,0.99,3.16,0.37,12.40,6,White Wine
1650,6.70,0.26,0.29,7.10,0.04,28.00,100.00,1.00,3.08,0.36,9.30,6,White Wine
3023,8.90,0.62,0.19,3.90,0.17,51.00,148.00,1.00,3.17,0.93,9.20,5,Red Wine
819,9.10,0.28,0.48,1.80,0.07,26.00,46.00,1.00,3.32,1.04,10.60,6,Red Wine
5881,6.00,0.26,0.29,3.10,0.04,37.00,144.00,0.99,3.22,0.39,12.80,7,White Wine
859,6.60,0.16,0.40,1.50,0.04,48.00,143.00,0.99,3.54,0.52,12.40,7,White Wine
5833,7.50,0.17,0.34,1.40,0.04,13.00,102.00,0.99,3.05,0.74,11.00,5,White Wine
2168,7.70,0.15,0.29,1.30,0.03,10.00,64.00,0.99,3.35,0.39,10.10,5,White Wine
1099,7.00,0.14,0.28,1.30,0.03,10.00,56.00,0.99,3.46,0.45,9.90,5,White Wine
855,7.30,0.17,0.36,8.20,0.03,44.00,111.00,0.99,3.14,0.41,12.40,6,White Wine
2556,7.00,0.12,0.29,10.30,0.04,41.00,98.00,1.00,3.19,0.38,9.80,8,White Wine
5830,7.30,0.40,0.24,6.70,0.06,41.00,166.00,0.99,3.20,0.41,9.90,6,White Wine
3772,6.20,0.23,0.36,17.20,0.04,37.00,130.00,1.00,3.23,0.43,8.80,6,White Wine
5004,6.60,0.34,0.40,8.10,0.05,68.00,170.00,0.99,3.15,0.50,9.53,6,White Wine
5027,7.70,0.32,0.62,10.60,0.04,56.00,153.00,1.00,3.13,0.44,8.90,6,White Wine
1477,9.40,0.16,0.23,1.60,0.04,14.00,67.00,0.99,3.07,0.32,9.50,5,White Wine
5950,5.30,0.36,0.27,6.30,0.03,40.00,132.00,0.99,3.37,0.40,11.60,6,White Wine
442,7.30,0.81,0.09,11.40,0.04,45.00,204.00,1.00,3.15,0.46,9.00,5,White Wine
4684,4.60,0.45,0.00,1.40,0.05,11.00,178.00,0.99,3.79,0.55,10.20,5,White Wine
3602,6.80,0.28,0.44,11.50,0.04,58.00,223.00,1.00,3.22,0.56,9.50,5,White Wine
2432,7.80,0.28,0.31,2.10,0.05,28.00,208.00,0.99,3.23,0.64,9.80,5,White Wine
1025,7.30,0.33,0.22,1.40,0.04,40.00,177.00,0.99,3.14,0.48,9.90,5,White Wine
5844,7.30,0.30,0.34,2.70,0.04,34.00,108.00,0.99,3.36,0.53,12.80,8,White Wine
717,8.60,0.33,0.40,2.60,0.08,16.00,68.00,1.00,3.30,0.48,9.40,5,Red Wine
1626,7.90,0.22,0.24,4.60,0.04,39.00,159.00,0.99,2.99,0.28,11.50,6,White Wine
5232,7.80,0.27,0.58,11.20,0.04,44.00,161.00,1.00,3.06,0.41,8.90,6,White Wine
5269,6.30,0.24,0.35,2.30,0.04,43.00,109.00,0.99,3.34,0.44,11.80,6,White Wine
5389,7.80,0.43,0.49,13.00,0.03,37.00,158.00,1.00,3.14,0.35,11.30,6,White Wine
5096,6.80,0.51,0.30,4.20,0.07,38.00,165.00,0.99,3.20,0.42,9.10,5,White Wine
1897,7.70,0.28,0.39,8.90,0.04,8.00,117.00,0.99,3.06,0.38,12.00,7,White Wine
6405,5.60,0.29,0.20,2.20,0.05,18.00,134.00,0.99,3.21,0.68,10.00,5,White Wine
26,6.60,0.69,0.00,2.10,0.07,12.00,56.00,1.00,3.49,0.67,9.20,5,Red Wine
4621,8.90,0.21,0.37,1.20,0.03,20.00,93.00,0.99,3.20,0.37,11.50,5,White Wine
568,7.10,0.75,0.01,2.20,0.06,11.00,18.00,0.99,3.39,0.40,12.80,6,Red Wine
58,6.50,0.36,0.32,1.10,0.03,13.00,66.00,0.99,3.10,0.46,10.60,5,White Wine
3089,11.30,0.36,0.66,2.40,0.12,3.00,8.00,1.00,3.20,0.53,11.90,6,Red Wine
5334,7.70,0.27,0.35,5.30,0.03,30.00,117.00,0.99,3.11,0.42,12.20,6,White Wine
6364,5.60,0.85,0.05,1.40,0.04,12.00,88.00,0.99,3.56,0.82,12.90,8,Red Wine
391,7.60,0.40,0.29,1.90,0.08,29.00,66.00,1.00,3.45,0.59,9.50,6,Red Wine
2330,5.90,0.26,0.27,18.20,0.05,52.00,168.00,1.00,3.35,0.44,9.40,5,White Wine
2479,6.70,0.11,0.34,8.80,0.04,41.00,113.00,1.00,3.42,0.40,9.30,7,White Wine
6269,8.80,0.34,0.33,9.70,0.04,46.00,172.00,1.00,3.08,0.40,10.20,5,White Wine
1372,8.20,0.61,0.45,5.40,0.03,15.00,118.00,1.00,3.14,0.34,9.60,5,White Wine
3770,7.60,0.49,0.26,1.60,0.24,10.00,88.00,1.00,3.11,0.80,9.30,5,Red Wine
2054,8.70,0.63,0.28,2.70,0.10,17.00,69.00,1.00,3.26,0.63,10.20,6,Red Wine
2741,6.20,0.34,0.29,7.60,0.05,45.00,232.00,1.00,3.35,0.62,10.00,6,White Wine
3959,8.40,0.20,0.38,11.80,0.06,51.00,170.00,1.00,3.34,0.82,8.90,6,White Wine
2074,5.70,0.45,0.42,1.10,0.05,61.00,197.00,0.99,3.02,0.40,9.00,5,White Wine
4811,6.60,0.33,0.41,2.00,0.03,14.00,79.00,0.99,3.27,0.63,12.40,6,White Wine
1117,5.80,0.32,0.31,2.70,0.05,25.00,153.00,0.99,3.44,0.73,12.20,7,White Wine
4529,8.40,0.39,0.10,1.70,0.07,6.00,25.00,1.00,3.09,0.43,9.70,6,Red Wine
4573,7.20,0.47,0.16,5.90,0.05,14.00,125.00,0.99,3.09,0.49,9.80,5,White Wine
2935,5.10,0.52,0.06,2.70,0.05,30.00,79.00,0.99,3.32,0.43,9.30,5,White Wine
4828,6.00,0.51,0.00,2.10,0.06,40.00,54.00,0.99,3.54,0.93,10.70,6,Red Wine
5769,8.90,0.56,0.34,3.00,0.09,16.00,112.00,1.00,3.38,0.61,9.50,5,Red Wine
2688,7.10,0.22,0.49,1.80,0.04,8.00,18.00,0.99,3.39,0.56,12.40,6,Red Wine
3122,6.60,0.28,0.49,11.40,0.04,57.00,137.00,1.00,3.08,0.54,8.90,6,White Wine
3621,6.60,0.21,0.29,1.80,0.03,35.00,128.00,0.99,3.37,0.48,11.20,6,White Wine
6072,13.50,0.53,0.79,4.80,0.12,23.00,77.00,1.00,3.18,0.77,13.00,5,Red Wine
1918,6.50,0.13,0.37,1.00,0.04,48.00,114.00,0.99,3.41,0.51,11.50,8,White Wine
4073,8.10,0.78,0.23,2.60,0.06,5.00,15.00,1.00,3.37,0.56,11.30,5,Red Wine
4741,6.80,0.29,0.50,13.30,0.05,48.00,194.00,1.00,3.09,0.45,9.40,5,White Wine
4155,9.20,0.28,0.46,3.20,0.06,39.00,133.00,1.00,3.14,0.58,9.50,5,White Wine
5594,7.50,0.18,0.31,11.70,0.05,24.00,94.00,1.00,3.19,0.44,9.50,7,White Wine
4541,6.30,0.69,0.55,12.90,0.06,58.00,252.00,1.00,3.29,0.49,8.70,5,White Wine
5919,10.30,0.43,0.44,2.40,0.21,5.00,12.00,1.00,3.19,0.63,9.50,6,Red Wine
966,7.60,0.21,0.49,2.50,0.05,20.00,130.00,0.99,3.15,0.48,11.10,5,White Wine
3275,8.10,0.25,0.38,3.80,0.05,18.00,129.00,0.99,3.21,0.38,11.50,6,White Wine
3103,6.00,0.34,0.29,6.10,0.05,29.00,134.00,0.99,3.48,0.57,10.70,6,White Wine
4767,7.60,0.30,0.37,1.60,0.09,27.00,177.00,0.99,3.09,0.50,9.80,5,White Wine
5159,7.20,0.20,0.30,2.00,0.04,43.00,188.00,0.99,3.30,0.41,12.00,6,White Wine
757,5.90,0.66,0.00,5.60,0.03,8.00,31.00,0.99,3.32,0.51,10.50,4,White Wine
2226,7.90,0.37,0.23,1.80,0.08,23.00,49.00,1.00,3.28,0.67,9.30,5,Red Wine
1610,6.30,0.29,0.30,8.10,0.21,60.00,150.00,1.00,3.10,0.40,9.30,5,White Wine
2427,7.00,0.35,0.31,1.80,0.07,15.00,162.00,0.99,3.18,0.47,9.40,5,White Wine
4647,6.10,0.24,0.27,9.80,0.06,33.00,152.00,1.00,3.31,0.47,9.50,6,White Wine
4223,6.10,0.68,0.52,1.40,0.04,32.00,123.00,0.99,3.24,0.45,12.00,6,White Wine
13,6.50,0.32,0.34,5.70,0.04,27.00,91.00,0.99,3.28,0.60,12.00,7,White Wine
1187,6.70,0.27,0.25,8.00,0.05,54.00,202.00,1.00,3.22,0.43,9.30,5,White Wine
486,7.50,0.14,0.74,1.60,0.04,21.00,126.00,0.99,3.26,0.45,10.20,6,White Wine
1915,7.30,0.30,0.42,7.35,0.03,51.00,175.00,0.99,3.04,0.32,11.40,6,White Wine
359,10.40,0.44,0.42,1.50,0.14,34.00,48.00,1.00,3.38,0.86,9.90,3,Red Wine
5942,6.70,0.47,0.34,8.90,0.04,31.00,172.00,1.00,3.22,0.60,9.20,5,White Wine
5540,8.10,0.28,0.40,6.90,0.05,30.00,97.00,1.00,3.26,0.44,10.10,6,White Wine
5202,8.10,0.28,0.40,6.90,0.05,30.00,97.00,1.00,3.26,0.44,10.10,6,White Wine
6306,6.90,0.12,0.36,2.20,0.04,18.00,111.00,0.99,3.41,0.82,11.90,8,White Wine
80,7.10,0.28,0.26,2.80,0.04,50.00,118.00,0.99,3.06,0.59,11.20,6,White Wine
540,6.00,0.17,0.49,1.00,0.03,26.00,106.00,0.99,3.21,0.42,9.80,6,White Wine
4104,8.00,0.24,0.26,1.70,0.03,36.00,136.00,0.99,3.44,0.51,10.40,7,White Wine
4241,6.70,0.38,0.26,9.55,0.04,35.00,91.00,0.99,2.98,0.37,12.40,6,White Wine
5872,7.50,0.24,0.31,13.10,0.05,26.00,180.00,1.00,3.05,0.53,9.10,6,White Wine
1244,5.40,0.38,0.40,3.30,0.05,29.00,147.00,0.99,3.42,0.52,9.10,5,White Wine
1689,6.50,0.26,0.28,12.50,0.05,80.00,225.00,1.00,3.18,0.41,10.00,6,White Wine
3422,5.10,0.42,0.00,1.80,0.04,18.00,88.00,0.99,3.68,0.73,13.60,7,Red Wine
3195,6.50,0.36,0.28,3.20,0.04,29.00,119.00,0.99,3.25,0.65,12.40,8,White Wine
1403,6.80,0.19,0.33,4.90,0.05,42.00,130.00,0.99,3.12,0.56,11.00,6,White Wine
5113,7.80,0.39,0.26,9.90,0.06,33.00,181.00,1.00,3.04,0.42,10.90,6,White Wine
5179,6.10,0.34,0.27,2.60,0.02,20.00,105.00,0.99,3.40,0.67,12.20,7,White Wine
1210,6.30,0.22,0.57,1.40,0.21,14.00,96.00,0.99,3.16,0.43,10.00,6,White Wine
3346,5.80,0.26,0.24,9.20,0.04,55.00,152.00,1.00,3.31,0.38,9.40,5,White Wine
4618,7.20,0.27,0.28,15.20,0.05,6.00,41.00,1.00,3.17,0.39,10.90,6,White Wine
784,6.70,0.30,0.50,12.10,0.04,38.00,127.00,1.00,3.04,0.53,8.90,6,White Wine
3846,5.70,0.26,0.65,1.20,0.08,17.00,137.00,0.99,3.20,0.42,9.40,5,White Wine
6211,9.80,0.25,0.74,10.00,0.06,36.00,225.00,1.00,3.06,0.43,10.00,4,White Wine
1851,6.50,0.32,0.23,8.50,0.05,20.00,138.00,0.99,3.03,0.42,10.70,5,White Wine
3832,6.50,0.36,0.31,4.10,0.06,20.00,134.00,0.99,3.18,0.45,9.00,6,White Wine
4607,6.30,0.41,0.22,7.30,0.04,23.00,117.00,0.99,3.20,0.39,11.94,7,White Wine
3238,7.00,0.40,0.25,1.80,0.05,51.00,189.00,0.99,3.00,0.55,11.40,6,White Wine
1962,6.90,0.23,0.41,8.00,0.03,30.00,114.00,0.99,3.22,0.54,11.00,6,White Wine
3041,8.40,0.23,0.32,1.30,0.05,59.00,113.00,0.99,3.10,0.55,11.00,6,White Wine
6212,6.30,0.60,0.10,1.60,0.05,12.00,26.00,0.99,3.55,0.51,12.10,5,Red Wine
781,6.50,0.21,0.51,17.60,0.04,34.00,125.00,1.00,3.20,0.47,8.80,6,White Wine
2985,5.00,0.44,0.04,18.60,0.04,38.00,128.00,1.00,3.37,0.57,10.20,6,White Wine
328,8.10,0.72,0.22,2.20,0.07,11.00,41.00,1.00,3.36,0.55,9.10,5,Red Wine
1374,6.90,0.35,0.55,11.95,0.04,22.00,111.00,1.00,3.11,0.29,9.70,5,White Wine
610,7.30,0.43,0.24,2.50,0.08,27.00,67.00,1.00,3.60,0.59,11.10,6,Red Wine
1923,6.30,0.20,0.40,1.50,0.04,35.00,107.00,0.99,3.46,0.50,11.40,6,White Wine
2280,7.30,0.19,0.27,1.60,0.03,35.00,136.00,0.99,3.38,0.54,11.00,7,White Wine
3624,8.50,0.46,0.31,2.25,0.08,32.00,58.00,1.00,3.33,0.54,9.80,5,Red Wine
1463,9.30,0.78,0.27,2.80,0.08,24.00,56.00,1.00,3.31,0.67,10.60,6,Red Wine
1717,7.80,0.21,0.49,1.20,0.04,20.00,99.00,0.99,3.05,0.28,12.10,7,White Wine
278,6.20,0.39,0.24,4.80,0.04,45.00,138.00,0.99,3.23,0.43,11.20,7,White Wine
4453,6.00,0.29,0.20,12.60,0.04,45.00,187.00,1.00,3.33,0.42,9.50,5,White Wine
251,7.30,0.31,0.25,6.65,0.03,30.00,138.00,0.99,2.90,0.37,11.10,5,White Wine
932,6.60,0.22,0.30,14.70,0.04,50.00,136.00,1.00,3.14,0.37,10.60,6,White Wine
4283,10.00,0.91,0.42,1.60,0.06,34.00,181.00,1.00,3.11,0.46,10.00,4,White Wine
3106,7.20,0.60,0.04,2.50,0.08,18.00,88.00,1.00,3.53,0.55,9.50,5,Red Wine
344,6.60,0.21,0.39,2.30,0.04,31.00,102.00,0.99,3.22,0.58,10.90,7,White Wine
1612,6.30,0.10,0.24,6.00,0.04,25.00,107.00,1.00,3.59,0.49,10.50,7,White Wine
5137,5.60,0.66,0.00,2.20,0.09,3.00,11.00,0.99,3.71,0.63,12.80,7,Red Wine
2924,6.20,0.20,0.33,5.40,0.03,21.00,75.00,0.99,3.36,0.41,13.50,7,White Wine
1663,6.40,0.24,0.49,5.80,0.05,25.00,120.00,0.99,3.01,0.98,10.50,6,White Wine
5993,9.00,0.36,0.52,2.10,0.11,5.00,10.00,1.00,3.31,0.62,11.30,6,Red Wine
1264,4.90,0.34,0.14,1.30,0.04,69.00,168.00,0.99,3.47,0.46,10.47,5,White Wine
1549,8.00,0.18,0.49,1.80,0.06,10.00,145.00,0.99,3.23,0.48,10.00,5,White Wine
4371,6.60,0.22,0.23,17.30,0.05,37.00,118.00,1.00,3.08,0.46,8.80,6,White Wine
41,9.30,0.33,0.45,1.50,0.06,19.00,37.00,0.99,3.18,0.89,11.10,7,Red Wine
5324,7.10,0.26,0.37,5.50,0.03,31.00,105.00,0.99,3.06,0.33,12.60,8,White Wine
2192,9.20,0.16,0.49,2.00,0.04,18.00,107.00,1.00,3.10,0.53,10.20,4,White Wine
3576,7.60,0.19,0.41,1.10,0.04,38.00,143.00,0.99,2.92,0.42,11.40,5,White Wine
4094,7.80,0.34,0.35,1.80,0.04,8.00,167.00,0.99,3.11,0.41,12.10,6,White Wine
2802,6.50,0.22,0.50,16.40,0.05,36.00,182.00,1.00,3.02,0.49,8.80,6,White Wine
4005,6.50,0.88,0.03,5.60,0.08,23.00,47.00,1.00,3.58,0.50,11.20,4,Red Wine
1550,8.40,0.31,0.29,3.10,0.19,14.00,26.00,1.00,3.22,0.78,12.00,6,Red Wine
676,7.70,0.18,0.53,1.20,0.04,42.00,167.00,0.99,3.11,0.44,11.90,5,White Wine
303,8.00,0.34,0.49,9.00,0.03,39.00,180.00,0.99,3.13,0.38,12.30,8,White Wine
1920,4.40,0.46,0.10,2.80,0.02,31.00,111.00,0.99,3.48,0.34,13.10,6,White Wine
3889,6.10,0.25,0.49,7.60,0.05,67.00,226.00,1.00,3.16,0.47,8.90,5,White Wine
2981,5.80,0.17,0.34,1.80,0.04,96.00,170.00,0.99,3.38,0.90,11.80,8,White Wine
4350,6.30,0.41,0.16,0.90,0.03,25.00,98.00,0.99,3.16,0.42,9.50,5,White Wine
4555,9.20,0.28,0.41,1.00,0.04,14.00,59.00,0.99,2.96,0.25,10.50,6,White Wine
1808,8.00,0.57,0.39,3.90,0.03,22.00,122.00,0.99,3.29,0.67,12.80,7,White Wine
5392,9.10,0.79,0.00,2.60,0.09,11.00,28.00,1.00,3.36,0.86,9.40,6,Red Wine
3589,6.50,0.23,0.36,16.30,0.04,43.00,133.00,1.00,3.26,0.41,8.80,5,White Wine
1603,5.80,0.34,0.21,7.20,0.04,48.00,146.00,0.99,3.16,0.49,9.80,5,White Wine
6238,7.20,0.58,0.54,2.10,0.11,3.00,9.00,1.00,3.33,0.57,10.30,4,Red Wine
6191,5.30,0.26,0.23,5.15,0.03,48.00,160.00,1.00,3.82,0.51,10.50,7,White Wine
5089,7.20,0.25,0.19,8.00,0.04,51.00,172.00,1.00,3.16,0.44,9.20,5,White Wine
3127,7.30,0.17,0.36,8.20,0.03,44.00,111.00,0.99,3.14,0.41,12.40,6,White Wine
1354,11.90,0.40,0.65,2.15,0.07,7.00,27.00,1.00,3.06,0.68,11.30,6,Red Wine
1055,7.80,0.53,0.01,1.60,0.08,3.00,19.00,0.99,3.16,0.46,9.80,5,Red Wine
3231,8.10,0.24,0.33,10.20,0.05,46.00,141.00,1.00,3.16,0.48,10.30,6,White Wine
2835,10.30,0.44,0.50,4.50,0.11,5.00,13.00,1.00,3.28,0.83,11.50,5,Red Wine
2855,5.60,0.92,0.00,2.10,0.04,17.00,78.00,0.99,3.68,0.73,11.40,5,Red Wine
6055,9.20,0.76,0.18,2.20,0.15,10.00,103.00,1.00,2.87,1.36,10.20,6,Red Wine
609,6.20,0.26,0.29,2.00,0.04,16.00,87.00,0.99,3.33,0.61,11.80,6,White Wine
4012,7.40,0.30,0.22,5.25,0.05,33.00,180.00,0.99,3.13,0.45,11.60,6,White Wine
3820,6.90,0.38,0.29,13.65,0.05,52.00,189.00,1.00,3.00,0.60,9.50,6,White Wine
438,4.60,0.52,0.15,2.10,0.05,8.00,65.00,0.99,3.90,0.56,13.10,4,Red Wine
6334,12.00,0.45,0.55,2.00,0.07,25.00,49.00,1.00,3.10,0.76,10.30,6,Red Wine
6348,7.10,0.52,0.03,2.60,0.08,21.00,92.00,1.00,3.50,0.60,9.80,5,Red Wine
5008,6.40,0.29,0.30,2.90,0.04,25.00,79.00,0.99,3.29,0.60,12.40,7,White Wine
2558,6.30,0.34,0.36,4.90,0.04,31.00,185.00,0.99,3.15,0.49,9.70,5,White Wine
1158,7.70,0.29,0.48,2.30,0.05,36.00,178.00,0.99,3.17,0.64,10.60,6,White Wine
5572,7.30,0.34,0.39,5.20,0.04,45.00,163.00,0.99,3.30,0.47,12.40,6,White Wine
4909,8.30,0.16,0.37,7.90,0.03,38.00,107.00,0.99,2.93,0.37,11.90,6,White Wine
1694,7.10,0.34,0.32,2.00,0.05,29.00,130.00,0.99,3.30,0.50,10.40,6,White Wine
3489,7.00,0.29,0.33,0.90,0.04,20.00,117.00,0.99,3.21,0.50,11.40,5,White Wine
602,6.00,0.28,0.27,15.50,0.04,31.00,134.00,0.99,3.19,0.44,13.00,7,White Wine
5522,7.50,0.32,0.49,1.70,0.03,44.00,109.00,0.99,3.07,0.46,12.50,6,White Wine
3206,6.60,0.09,0.33,1.40,0.04,17.00,109.00,0.99,3.27,0.61,9.50,6,White Wine
632,6.50,0.28,0.29,2.70,0.04,26.00,107.00,0.99,3.32,0.41,11.60,7,White Wine
3226,6.90,0.33,0.21,1.00,0.05,39.00,148.00,0.99,3.12,0.45,9.40,6,White Wine
6382,6.50,0.24,0.38,1.00,0.03,31.00,90.00,0.99,3.24,0.36,12.30,6,White Wine
4377,6.60,0.23,0.27,5.60,0.04,43.00,164.00,1.00,3.27,0.76,9.50,5,White Wine
2573,8.60,0.83,0.00,2.80,0.10,17.00,43.00,1.00,3.33,0.60,10.40,6,Red Wine
6079,6.30,0.30,0.29,2.10,0.05,33.00,142.00,0.99,3.22,0.46,12.90,7,White Wine
2779,6.90,0.41,0.33,2.20,0.08,22.00,36.00,0.99,3.41,0.75,11.10,6,Red Wine
3129,6.30,0.35,0.26,17.60,0.06,59.00,198.00,1.00,3.11,0.49,8.80,5,White Wine
3477,7.00,0.25,0.45,2.30,0.04,40.00,118.00,0.99,3.16,0.48,11.90,7,White Wine
107,7.50,0.50,0.36,6.10,0.07,17.00,102.00,1.00,3.35,0.80,10.50,5,Red Wine
4933,7.10,0.28,0.35,3.50,0.03,35.00,91.00,0.99,2.96,0.33,12.10,5,White Wine
5145,6.60,0.22,0.35,1.40,0.05,23.00,83.00,0.99,3.17,0.48,12.00,7,White Wine
268,8.10,0.12,0.49,1.20,0.04,43.00,160.00,0.99,3.13,0.48,9.70,6,White Wine
2886,6.40,0.29,0.21,9.65,0.04,36.00,119.00,0.99,2.99,0.34,10.93,6,White Wine
2954,7.10,0.21,0.32,2.20,0.04,28.00,141.00,0.99,3.20,0.57,10.00,7,White Wine
4570,6.50,0.51,0.25,1.70,0.05,39.00,177.00,0.99,3.28,0.57,10.57,5,White Wine
5264,7.80,0.20,0.28,10.20,0.05,78.00,186.00,1.00,3.14,0.46,10.00,6,White Wine
1375,6.50,0.20,0.35,3.90,0.04,27.00,140.00,0.99,2.98,0.53,11.80,6,White Wine
4862,6.20,0.22,0.28,2.20,0.04,24.00,125.00,0.99,3.19,0.48,10.50,6,White Wine
3301,6.80,0.32,0.18,7.50,0.04,71.00,223.00,1.00,3.14,0.41,8.90,5,White Wine
2342,6.60,0.22,0.37,1.60,0.04,31.00,101.00,0.99,3.15,0.66,12.00,5,White Wine
1724,6.90,0.41,0.31,2.00,0.08,21.00,51.00,1.00,3.47,0.55,9.50,6,Red Wine
518,6.40,0.16,0.25,1.30,0.05,20.00,77.00,0.99,3.61,0.54,10.20,6,White Wine
3056,6.70,0.19,0.39,1.00,0.03,14.00,71.00,0.99,3.31,0.38,13.00,7,White Wine
5062,7.70,0.96,0.10,2.10,0.11,11.00,22.00,1.00,3.26,0.50,9.50,5,Red Wine
1215,10.70,0.35,0.53,2.60,0.07,5.00,16.00,1.00,3.15,0.65,11.00,8,Red Wine
3265,7.20,0.63,0.00,1.90,0.10,14.00,38.00,1.00,3.37,0.58,9.00,6,Red Wine
3798,5.40,0.27,0.22,4.60,0.02,29.00,107.00,0.99,3.33,0.54,13.80,6,White Wine
3236,6.30,0.27,0.37,7.90,0.05,58.00,215.00,1.00,3.19,0.48,9.50,6,White Wine
3738,7.40,0.56,0.09,1.50,0.07,19.00,117.00,0.99,3.22,0.53,9.80,5,White Wine
4436,8.10,0.46,0.31,1.70,0.05,50.00,183.00,0.99,3.03,0.42,11.20,5,White Wine
2926,8.10,0.20,0.30,1.30,0.04,7.00,49.00,0.99,2.99,0.73,10.30,5,White Wine
3133,6.10,0.32,0.24,1.50,0.04,38.00,124.00,0.99,3.29,0.42,12.40,7,White Wine
1950,6.40,0.24,0.32,14.90,0.05,54.00,162.00,1.00,3.28,0.50,10.20,6,White Wine
2715,9.00,0.62,0.04,1.90,0.15,27.00,90.00,1.00,3.16,0.70,9.40,5,Red Wine
2788,7.90,0.22,0.49,3.80,0.04,26.00,105.00,0.99,3.10,0.39,10.50,5,White Wine
1609,6.50,0.22,0.25,17.10,0.05,44.00,138.00,1.00,3.30,0.37,8.80,5,White Wine
3400,8.20,0.89,0.20,1.40,0.09,7.00,31.00,0.99,3.11,0.46,10.00,5,Red Wine
5684,6.00,0.21,0.29,13.10,0.04,28.00,125.00,1.00,3.39,0.45,8.60,5,White Wine
919,6.70,0.30,0.29,2.80,0.03,37.00,107.00,0.99,3.31,0.63,11.30,7,White Wine
4414,11.60,0.23,0.57,1.80,0.07,3.00,8.00,1.00,3.14,0.70,9.90,6,Red Wine
4144,7.00,0.30,0.49,4.70,0.04,17.00,105.00,0.99,3.26,0.68,12.40,7,White Wine
5563,7.30,0.13,0.31,2.30,0.05,22.00,104.00,0.99,3.24,0.92,11.50,7,White Wine
653,5.60,0.15,0.26,5.55,0.05,51.00,139.00,0.99,3.47,0.50,11.00,6,White Wine
1017,12.00,0.28,0.49,1.90,0.07,10.00,21.00,1.00,2.98,0.66,9.90,7,Red Wine
3227,6.90,0.22,0.32,5.80,0.04,20.00,119.00,0.99,3.17,0.55,11.20,6,White Wine
997,6.80,0.21,0.55,14.60,0.05,34.00,159.00,1.00,2.93,0.44,9.20,5,White Wine
5958,7.90,0.89,0.03,1.80,0.06,4.00,8.00,1.00,3.36,0.33,9.10,4,Red Wine
5545,5.90,0.37,0.30,1.50,0.03,35.00,95.00,0.99,3.36,0.56,12.00,7,White Wine
5157,6.30,0.23,0.31,1.50,0.02,11.00,82.00,0.99,3.30,0.40,12.90,7,White Wine
4102,7.50,0.38,0.50,12.80,0.04,57.00,184.00,1.00,3.09,0.46,9.00,6,White Wine
3386,7.10,0.16,0.25,1.30,0.03,28.00,123.00,0.99,3.27,0.55,11.40,6,White Wine
4693,6.90,0.20,0.50,10.00,0.04,78.00,167.00,1.00,3.15,0.55,10.20,6,White Wine
5123,6.10,0.28,0.32,2.50,0.04,23.00,218.50,0.99,3.27,0.60,9.80,5,White Wine
6219,6.40,0.20,0.22,7.40,0.03,53.00,172.00,0.99,3.24,0.58,11.00,6,White Wine
6222,6.00,0.41,0.23,1.10,0.07,22.00,148.00,0.99,3.30,0.47,9.63,5,White Wine
4819,10.40,0.52,0.45,2.00,0.08,6.00,13.00,1.00,3.22,0.76,11.40,6,Red Wine
4176,6.70,0.24,0.30,10.20,0.07,44.00,179.00,1.00,2.86,0.46,8.90,6,White Wine
5009,5.90,0.40,0.13,2.40,0.06,14.00,28.00,0.99,3.62,0.67,12.40,6,Red Wine
5308,7.40,0.18,0.24,1.40,0.05,21.00,106.00,0.99,3.52,0.64,10.50,7,White Wine
969,6.60,0.63,0.00,4.30,0.09,51.00,77.50,1.00,3.20,0.45,9.50,5,Red Wine
4195,5.70,0.21,0.24,2.30,0.05,60.00,189.00,0.99,3.65,0.72,10.10,6,White Wine
5017,7.60,0.20,0.30,14.20,0.06,53.00,212.50,1.00,3.14,0.46,8.90,8,White Wine
563,9.60,0.54,0.42,2.40,0.08,25.00,52.00,1.00,3.20,0.71,11.40,6,Red Wine
2331,5.40,0.58,0.08,1.90,0.06,20.00,31.00,0.99,3.50,0.64,10.20,6,Red Wine
2180,8.80,0.45,0.43,1.40,0.08,12.00,21.00,1.00,3.21,0.75,10.20,6,Red Wine
2151,6.60,0.52,0.44,12.20,0.05,54.00,245.00,1.00,3.26,0.54,9.30,6,White Wine
2485,7.60,0.19,0.41,1.10,0.04,38.00,143.00,0.99,2.92,0.42,11.40,5,White Wine
1558,7.10,0.27,0.27,10.40,0.04,26.00,114.00,0.99,3.04,0.52,11.50,7,White Wine
5126,7.60,0.23,0.29,8.60,0.05,65.00,146.00,1.00,3.11,0.32,9.80,6,White Wine
909,7.20,0.20,0.30,2.00,0.04,43.00,188.00,0.99,3.30,0.41,12.00,6,White Wine
478,6.80,0.17,0.34,2.00,0.04,38.00,111.00,0.99,3.24,0.45,12.90,6,White Wine
1810,7.80,0.30,0.40,1.80,0.03,23.00,122.00,0.99,3.14,0.39,10.90,7,White Wine
752,10.20,0.24,0.49,2.40,0.07,10.00,28.00,1.00,3.14,0.61,10.40,5,Red Wine
27,8.60,0.16,0.49,7.30,0.04,9.00,63.00,1.00,3.13,0.59,10.50,6,White Wine
392,9.20,0.31,0.36,2.20,0.08,11.00,31.00,1.00,3.33,0.86,12.00,7,Red Wine
3819,8.70,0.23,0.32,13.40,0.04,35.00,169.00,1.00,3.12,0.47,8.80,7,White Wine
5327,8.00,0.22,0.42,14.60,0.04,45.00,163.00,1.00,3.21,0.69,8.60,7,White Wine
5683,8.80,0.59,0.18,2.90,0.09,12.00,74.00,1.00,3.14,0.54,9.40,5,Red Wine
215,7.50,0.61,0.26,1.90,0.07,24.00,88.00,1.00,3.30,0.53,9.80,5,Red Wine
6063,6.50,0.39,0.23,5.40,0.05,25.00,149.00,0.99,3.24,0.35,10.00,5,White Wine
2879,6.20,0.23,0.36,17.20,0.04,37.00,130.00,1.00,3.23,0.43,8.80,6,White Wine
3230,7.00,0.27,0.74,1.30,0.17,34.00,121.00,0.99,3.04,0.46,9.20,6,White Wine
3245,6.60,0.81,0.02,2.70,0.07,17.00,34.00,1.00,3.58,0.89,12.30,7,Red Wine
5729,5.70,0.27,0.16,9.00,0.05,32.00,111.00,0.99,3.36,0.37,10.40,6,White Wine
4746,6.70,0.18,0.28,10.20,0.04,29.00,115.00,0.99,3.11,0.45,10.90,7,White Wine
5492,6.40,0.24,0.50,11.60,0.05,60.00,211.00,1.00,3.18,0.57,9.30,5,White Wine
3556,7.10,0.20,0.36,11.60,0.04,45.00,124.00,1.00,2.92,0.59,9.50,7,White Wine
2248,6.20,0.44,0.18,7.70,0.10,28.00,210.00,1.00,3.56,0.72,9.20,5,White Wine
4215,6.20,0.24,0.25,12.50,0.06,47.00,134.00,1.00,3.30,0.51,9.00,5,White Wine
2362,6.80,0.30,0.35,2.80,0.04,10.00,164.00,0.99,3.09,0.53,12.00,6,White Wine
3785,7.60,0.29,0.29,4.40,0.05,26.00,146.00,0.99,3.16,0.39,10.20,5,White Wine
3469,8.30,0.40,0.38,1.10,0.04,15.00,75.00,0.99,3.03,0.43,9.20,5,White Wine
2638,6.60,0.30,0.25,8.00,0.04,21.00,124.00,0.99,3.06,0.38,10.80,6,White Wine
77,7.60,0.31,0.23,12.70,0.05,20.00,139.00,1.00,3.16,0.50,9.70,4,White Wine
4014,6.60,0.26,0.28,9.40,0.03,13.00,121.00,0.99,3.17,0.34,12.10,6,White Wine
4796,7.40,0.16,0.27,15.50,0.05,25.00,135.00,1.00,2.90,0.43,8.70,7,White Wine
588,7.50,0.42,0.34,4.30,0.04,34.00,108.00,0.99,3.14,0.45,12.80,8,White Wine
5349,7.50,0.30,0.38,1.40,0.05,30.00,95.00,0.99,3.22,0.52,11.50,7,White Wine
3741,6.30,0.26,0.42,7.10,0.04,62.00,209.00,1.00,3.20,0.53,9.50,6,White Wine
2025,7.40,0.20,1.66,2.10,0.02,34.00,113.00,0.99,3.26,0.55,12.20,6,White Wine
1905,8.90,0.61,0.49,2.00,0.27,23.00,110.00,1.00,3.12,1.02,9.30,5,Red Wine
1944,5.80,0.61,0.11,1.80,0.07,18.00,28.00,0.99,3.55,0.66,10.90,6,Red Wine
4768,10.50,0.59,0.49,2.10,0.07,14.00,47.00,1.00,3.30,0.56,9.60,4,Red Wine
5106,10.60,0.31,0.49,2.50,0.07,6.00,21.00,1.00,3.26,0.86,10.70,6,Red Wine
3692,6.00,0.19,0.26,12.40,0.05,50.00,147.00,1.00,3.30,0.36,8.90,6,White Wine
1138,9.20,0.58,0.20,3.00,0.08,15.00,115.00,1.00,3.23,0.59,9.50,5,Red Wine
4107,7.30,0.32,0.35,1.40,0.05,8.00,163.00,0.99,3.24,0.42,10.70,5,White Wine
2319,6.60,0.22,0.28,4.90,0.04,51.00,180.00,1.00,3.30,0.75,9.50,6,White Wine
5401,6.40,0.28,0.44,7.10,0.05,49.00,179.00,1.00,3.15,0.48,9.20,5,White Wine
4885,6.60,0.27,0.29,5.30,0.04,57.00,189.00,1.00,3.31,0.79,9.80,5,White Wine
2198,6.00,0.36,0.39,3.20,0.03,20.00,125.00,0.99,3.38,0.39,11.30,7,White Wine
762,7.50,0.26,0.26,18.35,0.08,33.00,139.00,1.00,3.17,0.39,8.80,5,White Wine
1883,6.50,0.27,0.40,10.00,0.04,74.00,227.00,1.00,3.18,0.50,9.40,5,White Wine
4204,7.40,0.24,0.42,14.00,0.07,48.00,198.00,1.00,2.89,0.42,8.90,6,White Wine
4552,6.30,0.26,0.24,7.20,0.04,38.00,172.00,1.00,3.49,0.64,9.70,6,White Wine
4572,7.40,0.28,0.40,11.90,0.03,13.00,92.00,1.00,3.01,0.46,10.80,4,White Wine
2791,6.10,0.28,0.30,7.75,0.03,33.00,139.00,0.99,3.22,0.46,11.00,6,White Wine
5876,7.00,0.43,0.30,2.00,0.09,6.00,39.00,0.99,3.33,0.46,11.90,6,Red Wine
5878,8.20,0.59,0.00,2.50,0.09,19.00,58.00,1.00,3.50,0.65,9.30,6,Red Wine
4489,8.10,0.27,0.41,1.45,0.03,11.00,63.00,0.99,2.99,0.56,12.00,5,White Wine
886,7.20,0.63,0.03,2.20,0.08,17.00,88.00,1.00,3.53,0.58,9.80,6,Red Wine
820,6.50,0.67,0.00,4.30,0.06,11.00,20.00,0.99,3.45,0.56,11.80,4,Red Wine
3371,8.00,0.71,0.00,2.60,0.08,11.00,34.00,1.00,3.44,0.53,9.50,5,Red Wine
5520,7.30,0.26,0.33,11.80,0.06,48.00,127.00,1.00,3.10,0.55,10.00,6,White Wine
1818,8.20,0.27,0.39,7.80,0.04,49.00,208.00,1.00,3.31,0.51,9.50,6,White Wine
6279,6.30,0.33,0.20,5.80,0.04,24.00,144.00,0.99,3.15,0.63,9.90,5,White Wine
1462,5.50,0.38,0.38,1.70,0.04,17.00,98.00,0.99,3.29,0.39,10.50,6,White Wine
1355,6.80,0.29,0.34,3.50,0.05,26.00,189.00,0.99,3.42,0.58,10.40,5,White Wine
6457,6.30,0.29,0.14,7.05,0.04,50.00,177.00,1.00,3.23,0.42,9.00,5,White Wine
3020,8.60,0.20,0.42,1.50,0.04,35.00,125.00,0.99,3.11,0.49,11.40,7,White Wine
232,6.80,0.64,0.03,2.30,0.07,14.00,31.00,1.00,3.36,0.58,10.40,6,Red Wine
3217,7.80,0.26,0.49,3.10,0.04,21.00,116.00,0.99,3.16,0.35,10.30,5,White Wine
1739,7.30,0.23,0.37,1.90,0.04,51.00,165.00,0.99,3.26,0.40,12.20,8,White Wine
4934,7.00,0.16,0.32,1.10,0.03,29.00,80.00,0.99,3.23,0.36,12.10,6,White Wine
6350,6.50,0.43,0.28,11.25,0.03,31.00,87.00,0.99,3.02,0.38,12.40,6,White Wine
3630,8.20,0.78,0.00,2.20,0.09,13.00,26.00,1.00,3.37,0.46,9.60,4,Red Wine
3022,6.10,0.36,0.58,15.00,0.04,42.00,115.00,1.00,3.15,0.51,9.00,5,White Wine
6406,9.60,0.56,0.31,2.80,0.09,15.00,46.00,1.00,3.11,0.92,10.00,6,Red Wine
2169,7.00,0.25,0.45,2.30,0.04,40.00,118.00,0.99,3.16,0.48,11.90,7,White Wine
5295,12.80,0.61,0.66,5.80,0.08,7.00,42.00,1.00,3.07,0.73,10.00,7,Red Wine
3244,7.30,0.30,0.74,13.50,0.04,46.00,165.00,1.00,3.02,0.40,8.70,5,White Wine
2825,7.20,0.32,0.40,8.70,0.04,45.00,154.00,1.00,3.20,0.47,10.40,6,White Wine
515,7.70,0.42,0.38,8.10,0.06,49.00,144.00,1.00,3.40,0.58,11.00,6,White Wine
1417,7.40,0.24,0.29,10.10,0.05,21.00,105.00,1.00,3.13,0.35,9.50,5,White Wine
4219,5.90,0.42,0.36,2.40,0.03,19.00,77.00,0.99,3.25,0.48,10.90,5,White Wine
5154,6.80,0.68,0.21,2.10,0.07,9.00,23.00,1.00,3.38,0.60,10.30,5,Red Wine
3550,7.40,0.27,0.26,11.80,0.05,55.00,173.00,1.00,3.11,0.60,9.80,5,White Wine
5414,7.50,0.52,0.40,2.20,0.06,12.00,20.00,0.99,3.26,0.64,11.80,6,Red Wine
2254,7.00,0.25,0.33,2.10,0.02,17.00,76.00,0.99,3.26,0.45,12.30,6,White Wine
6096,7.70,0.34,0.58,11.10,0.04,41.00,151.00,1.00,3.06,0.49,8.60,5,White Wine
141,5.80,0.15,0.28,0.80,0.04,43.00,127.00,0.99,3.24,0.51,9.30,5,White Wine
5974,8.30,0.25,0.49,16.80,0.05,50.00,228.00,1.00,3.03,0.52,9.20,6,White Wine
6190,6.00,0.61,0.04,0.80,0.03,8.00,50.00,0.99,3.14,0.40,11.00,4,White Wine
805,7.60,0.39,0.32,3.60,0.04,22.00,93.00,0.99,3.08,0.60,12.50,7,White Wine
3933,6.50,0.24,0.39,17.30,0.05,22.00,126.00,1.00,3.11,0.47,9.20,6,White Wine
82,6.40,0.17,0.34,13.40,0.04,45.00,139.00,1.00,3.06,0.43,9.10,6,White Wine
4054,6.80,0.27,0.12,1.30,0.04,87.00,168.00,0.99,3.18,0.41,10.00,5,White Wine
4614,6.60,0.34,0.18,6.40,0.08,47.00,240.00,1.00,3.42,0.48,9.20,5,White Wine
3529,7.40,0.32,0.27,1.40,0.05,38.00,173.00,0.99,3.03,0.52,9.30,5,White Wine
254,6.90,0.44,0.18,11.80,0.05,26.00,126.00,1.00,3.23,0.48,9.10,5,White Wine
5267,6.20,0.26,0.24,1.70,0.04,138.50,272.00,0.99,3.53,0.53,9.60,4,White Wine
1764,7.50,0.31,0.51,14.80,0.04,62.00,204.00,1.00,3.06,0.60,9.50,5,White Wine
4841,6.90,0.33,0.28,1.30,0.05,37.00,187.00,0.99,3.27,0.60,10.30,5,White Wine
4533,6.40,0.12,0.29,5.85,0.04,24.00,99.00,0.99,3.23,0.32,12.00,7,White Wine
5080,6.40,0.33,0.44,8.90,0.06,52.00,164.00,0.99,3.10,0.48,9.60,5,White Wine
778,6.90,0.25,0.35,9.20,0.03,42.00,150.00,0.99,3.21,0.36,11.50,6,White Wine
4217,6.40,0.37,0.49,13.30,0.04,53.00,243.00,1.00,3.14,0.48,8.50,6,White Wine
3685,5.90,0.23,0.28,8.60,0.05,37.00,142.00,0.99,3.23,0.53,10.60,6,White Wine
4264,6.70,0.16,0.32,12.50,0.04,18.00,156.00,1.00,2.88,0.36,9.00,6,White Wine
1268,7.40,0.28,0.36,1.10,0.03,42.00,105.00,0.99,2.99,0.39,12.40,7,White Wine
4879,7.10,0.20,0.27,9.60,0.04,19.00,105.00,0.99,3.04,0.37,10.50,7,White Wine
1038,7.50,0.42,0.19,6.90,0.04,62.00,150.00,1.00,3.23,0.37,10.00,6,White Wine
2517,5.00,0.17,0.56,1.50,0.03,24.00,115.00,0.99,3.48,0.39,10.80,7,White Wine
1798,6.70,0.25,0.34,12.85,0.05,30.00,161.00,1.00,3.44,0.47,9.50,6,White Wine
600,6.90,0.27,0.40,14.00,0.05,64.00,227.00,1.00,3.18,0.58,9.60,6,White Wine
1348,6.70,0.26,0.39,6.40,0.17,64.00,200.00,1.00,3.19,0.38,9.40,6,White Wine
1947,6.00,0.25,0.28,7.70,0.05,37.00,132.00,0.99,3.06,0.50,9.40,6,White Wine
4722,6.10,0.23,0.27,9.80,0.06,74.00,134.00,1.00,3.16,0.40,10.20,6,White Wine
425,12.20,0.34,0.50,2.40,0.07,10.00,21.00,1.00,3.12,1.18,9.20,6,Red Wine
4877,5.20,0.20,0.27,3.20,0.05,16.00,93.00,0.99,3.44,0.53,10.10,7,White Wine
1137,8.20,0.17,0.32,1.50,0.05,17.00,101.00,0.99,3.14,0.58,9.50,5,White Wine
2449,7.50,0.27,0.34,2.30,0.05,4.00,8.00,1.00,3.40,0.64,11.00,7,Red Wine
4028,10.40,0.57,0.61,2.60,0.08,11.00,24.00,1.00,3.16,0.69,9.00,5,Red Wine
4751,10.20,0.41,0.43,2.20,0.11,11.00,37.00,1.00,3.16,0.67,10.80,5,Red Wine
6050,7.30,0.83,0.03,2.10,0.09,10.00,19.00,1.00,3.39,0.47,9.60,5,Red Wine
746,7.10,0.18,0.39,14.50,0.05,48.00,156.00,1.00,3.35,0.78,9.10,5,White Wine
340,7.20,0.23,0.25,18.80,0.09,19.00,111.00,1.00,3.10,0.51,8.70,5,White Wine
564,8.40,0.18,0.42,5.10,0.04,7.00,77.00,0.99,3.16,0.52,11.70,5,White Wine
1945,7.40,0.15,0.42,1.70,0.04,49.00,154.00,0.99,3.00,0.60,10.40,6,White Wine
711,7.40,0.19,0.30,12.80,0.05,48.50,229.00,1.00,3.14,0.49,9.10,7,White Wine
4351,5.20,0.34,0.00,1.80,0.05,27.00,63.00,0.99,3.68,0.79,14.00,6,Red Wine
754,6.80,0.18,0.37,1.60,0.06,47.00,154.00,0.99,3.08,0.45,9.10,5,White Wine
5280,7.00,0.55,0.05,8.00,0.04,19.00,164.00,0.99,3.26,0.46,12.20,6,White Wine
937,6.30,0.21,0.29,11.70,0.05,49.00,147.00,0.99,3.22,0.38,10.80,5,White Wine
3282,8.50,0.25,0.27,4.70,0.03,31.00,92.00,0.99,3.01,0.33,12.00,6,White Wine
4509,6.20,0.20,0.26,9.70,0.03,39.00,102.00,0.99,3.08,0.56,12.90,7,White Wine
4082,5.80,0.15,0.31,5.90,0.04,7.00,73.00,0.99,3.20,0.43,11.90,6,White Wine
5484,8.30,0.33,0.42,1.15,0.03,18.00,96.00,0.99,3.20,0.32,12.40,3,White Wine
2697,7.00,0.60,0.30,4.50,0.07,20.00,110.00,1.00,3.30,1.17,10.20,5,Red Wine
4150,7.40,0.32,0.22,11.70,0.04,44.00,150.00,1.00,3.10,0.45,10.40,5,White Wine
2952,7.20,0.31,0.50,13.30,0.06,68.00,195.00,1.00,3.01,0.47,9.20,5,White Wine
2209,7.30,0.29,0.37,8.30,0.04,45.00,227.00,1.00,3.12,0.47,9.00,5,White Wine
529,6.20,0.23,0.36,17.20,0.04,37.00,130.00,1.00,3.23,0.43,8.80,6,White Wine
3600,6.50,0.26,0.32,6.65,0.06,34.00,104.00,0.99,3.18,0.42,11.10,5,White Wine
1110,7.30,0.20,0.31,1.70,0.06,34.00,110.00,1.00,3.72,0.69,10.50,6,White Wine
4748,7.50,0.70,0.10,13.00,0.04,44.00,214.00,1.00,3.10,0.50,9.10,5,White Wine
1397,7.10,0.36,0.37,4.80,0.02,39.00,114.00,0.99,3.08,0.49,12.70,7,White Wine
2605,5.60,0.49,0.13,4.50,0.04,17.00,116.00,0.99,3.42,0.90,13.70,7,White Wine
1825,6.40,0.22,0.32,4.90,0.05,50.00,156.00,0.99,3.38,0.55,11.20,6,White Wine
702,6.80,0.52,0.32,13.20,0.04,54.00,221.00,1.00,3.27,0.50,9.60,6,White Wine
2885,7.30,0.14,0.49,1.10,0.04,28.00,99.00,0.99,3.20,0.72,10.60,6,White Wine
4733,5.60,0.60,0.05,2.40,0.07,19.00,25.00,0.99,3.56,0.55,12.90,5,Red Wine
5196,8.00,0.45,0.28,10.80,0.05,25.00,157.00,1.00,3.06,0.47,11.40,7,White Wine
681,11.60,0.44,0.64,2.10,0.06,5.00,15.00,1.00,3.21,0.67,10.20,6,Red Wine
6294,6.10,0.23,0.45,10.60,0.09,49.00,169.00,1.00,3.05,0.54,8.80,5,White Wine
3905,7.60,0.51,0.24,1.20,0.04,10.00,104.00,0.99,3.05,0.29,10.80,6,White Wine
4294,6.70,0.62,0.21,1.90,0.08,8.00,62.00,1.00,3.52,0.58,9.30,6,Red Wine
6266,7.10,0.30,0.36,6.80,0.06,44.50,234.00,1.00,3.49,0.64,10.20,6,White Wine
2155,7.30,0.16,0.35,1.50,0.04,29.00,108.00,0.99,3.27,0.51,10.20,6,White Wine
4818,11.30,0.34,0.45,2.00,0.08,6.00,15.00,1.00,2.94,0.66,9.20,6,Red Wine
4550,6.50,0.18,0.41,14.20,0.04,47.00,129.00,1.00,3.28,0.72,10.30,7,White Wine
2982,7.10,0.17,0.38,7.40,0.05,49.00,182.00,1.00,3.35,0.52,9.60,6,White Wine
6257,6.30,0.21,0.28,1.50,0.05,46.00,142.00,0.99,3.23,0.42,10.10,6,White Wine
3839,6.50,0.41,0.24,14.00,0.05,24.00,113.00,1.00,3.44,0.53,9.80,6,White Wine
4455,7.50,0.33,0.32,11.10,0.04,25.00,119.00,1.00,3.15,0.34,10.50,6,White Wine
1832,5.20,0.44,0.04,1.40,0.04,43.00,119.00,0.99,3.36,0.33,12.10,8,White Wine
40,8.20,0.18,0.31,11.80,0.04,96.00,249.00,1.00,3.07,0.52,9.50,6,White Wine
4190,8.70,0.31,0.73,14.35,0.04,27.00,191.00,1.00,2.96,0.88,8.70,5,White Wine
4091,6.60,0.30,0.45,8.00,0.04,54.00,200.00,1.00,3.18,0.48,9.50,5,White Wine
2146,6.80,0.50,0.11,1.50,0.07,16.00,49.00,1.00,3.36,0.79,9.50,5,Red Wine
4667,5.90,0.27,0.27,9.00,0.05,43.00,136.00,0.99,3.25,0.53,10.70,6,White Wine
2649,7.60,0.42,0.08,2.70,0.08,15.00,48.00,1.00,3.21,0.59,10.00,5,Red Wine
1311,7.10,0.68,0.00,2.20,0.07,12.00,22.00,1.00,3.48,0.50,9.30,5,Red Wine
2864,5.80,0.34,0.15,10.80,0.03,26.00,120.00,0.99,3.25,0.49,10.00,6,White Wine
2174,6.30,0.19,0.32,2.80,0.05,18.00,80.00,0.99,2.92,0.47,11.05,6,White Wine
4483,6.80,0.67,0.00,1.90,0.08,22.00,39.00,1.00,3.40,0.74,9.70,5,Red Wine
4416,5.60,0.24,0.32,1.10,0.05,24.00,152.00,0.99,3.12,0.42,9.30,6,White Wine
4599,7.40,0.62,0.05,1.90,0.07,24.00,42.00,1.00,3.42,0.57,11.50,6,Red Wine
1703,10.50,0.24,0.42,1.80,0.08,6.00,22.00,1.00,3.21,1.05,10.80,7,Red Wine
5132,7.40,0.31,0.26,8.60,0.05,47.00,206.00,1.00,3.26,0.36,9.10,5,White Wine
2900,7.50,0.77,0.20,8.10,0.10,30.00,92.00,1.00,3.20,0.58,9.20,5,Red Wine
6476,6.90,0.29,0.41,7.80,0.05,52.00,171.00,1.00,3.12,0.51,9.60,5,White Wine
5752,5.80,0.31,0.33,1.20,0.04,23.00,99.00,0.99,3.18,0.60,10.50,6,White Wine
4466,6.30,0.25,0.53,1.80,0.02,41.00,101.00,0.99,3.19,0.31,13.00,6,White Wine
5039,6.30,0.33,0.20,17.90,0.07,36.00,161.00,1.00,3.14,0.51,8.80,5,White Wine
3948,7.20,0.35,0.34,12.40,0.05,6.00,37.00,0.99,3.13,0.39,11.50,6,White Wine
524,6.70,0.32,0.44,2.40,0.06,24.00,34.00,0.99,3.29,0.80,11.60,7,Red Wine
6127,6.80,0.27,0.30,13.00,0.05,69.00,160.00,1.00,3.16,0.50,9.60,6,White Wine
657,6.10,0.22,0.38,2.80,0.14,12.00,65.00,0.99,2.95,0.64,11.40,6,White Wine
1647,7.70,0.22,0.42,1.90,0.05,10.00,87.00,0.99,3.30,0.49,11.80,6,White Wine
5789,10.40,0.28,0.54,2.70,0.10,5.00,19.00,1.00,3.25,0.63,9.50,5,Red Wine
2497,6.70,0.18,0.30,6.40,0.05,40.00,251.00,1.00,3.29,0.52,10.00,5,White Wine
1317,9.20,0.53,0.24,2.60,0.08,28.00,139.00,1.00,3.21,0.57,9.50,5,Red Wine
791,5.80,0.36,0.26,3.30,0.04,40.00,153.00,0.99,3.34,0.55,11.30,6,White Wine
5005,6.80,0.23,0.39,16.10,0.05,71.00,194.00,1.00,3.18,0.64,10.20,6,White Wine
6197,8.40,0.20,0.38,11.80,0.06,51.00,170.00,1.00,3.34,0.82,8.90,6,White Wine
2258,5.80,0.23,0.31,3.50,0.04,35.00,158.00,0.99,3.19,0.37,12.10,7,White Wine
3853,7.20,0.26,0.74,13.60,0.05,56.00,162.00,1.00,3.03,0.44,8.80,5,White Wine
3462,7.80,0.13,0.30,1.80,0.04,43.00,179.00,1.00,3.43,0.41,9.00,5,White Wine
411,7.50,0.19,0.40,7.10,0.06,50.00,110.00,1.00,3.06,0.52,9.90,6,White Wine
3237,5.10,0.26,0.33,1.10,0.03,46.00,113.00,0.99,3.35,0.43,11.40,7,White Wine
419,5.70,0.32,0.50,2.60,0.05,17.00,155.00,0.99,3.22,0.64,10.00,6,White Wine
6494,7.00,0.28,0.33,14.60,0.04,47.00,168.00,1.00,3.34,0.67,8.80,6,White Wine
972,9.40,0.69,0.11,2.70,0.08,6.00,31.00,1.00,3.19,0.70,10.10,6,Red Wine
3920,6.60,0.84,0.03,2.30,0.06,32.00,48.00,1.00,3.52,0.56,12.30,7,Red Wine
2814,7.60,0.31,0.49,3.95,0.04,27.00,131.00,0.99,3.08,0.67,12.80,7,White Wine
3317,9.10,0.45,0.35,2.40,0.08,23.00,78.00,1.00,3.38,0.62,9.50,5,Red Wine
5650,7.20,0.40,0.49,1.10,0.05,11.00,138.00,0.99,3.01,0.42,9.30,5,White Wine
5066,6.30,0.57,0.28,2.10,0.05,13.00,49.00,0.99,3.41,0.60,12.80,5,Red Wine
1935,9.00,0.39,0.40,1.30,0.04,25.00,50.00,0.99,3.20,0.83,10.90,6,Red Wine
6013,7.90,0.35,0.36,1.60,0.04,11.00,124.00,0.99,3.25,0.48,11.00,5,White Wine
4952,6.60,0.19,0.43,10.90,0.04,53.00,154.00,1.00,3.52,0.77,10.40,6,White Wine
6116,7.70,0.44,0.24,11.20,0.03,41.00,167.00,0.99,3.12,0.43,11.30,7,White Wine
5871,7.80,0.87,0.26,3.80,0.11,31.00,67.00,1.00,3.26,0.46,9.20,5,Red Wine
2880,6.60,0.52,0.08,2.40,0.07,13.00,26.00,0.99,3.40,0.72,12.50,7,Red Wine
4058,8.00,0.60,0.08,2.60,0.06,3.00,7.00,0.99,3.22,0.37,13.00,5,Red Wine
2964,7.00,0.27,0.36,20.70,0.04,45.00,170.00,1.00,3.00,0.45,8.80,6,White Wine
2494,6.20,0.18,0.30,1.00,0.03,23.00,73.00,0.99,3.23,0.52,11.30,6,White Wine
4449,7.50,0.52,0.42,2.30,0.09,8.00,38.00,1.00,3.58,0.61,10.50,6,Red Wine
2770,6.00,0.22,0.33,12.20,0.03,25.00,97.00,0.99,3.17,0.42,11.30,7,White Wine
5928,6.10,0.30,0.30,2.10,0.03,50.00,163.00,0.99,3.39,0.43,12.70,7,White Wine
297,7.40,0.19,0.30,12.80,0.05,48.50,229.00,1.00,3.14,0.49,9.10,7,White Wine
5907,8.00,0.62,0.33,2.70,0.09,16.00,37.00,1.00,3.31,0.58,10.70,6,Red Wine
1347,5.80,0.28,0.30,3.90,0.03,36.00,105.00,0.99,3.26,0.58,12.75,6,White Wine
6135,9.20,0.25,0.34,1.20,0.03,31.00,93.00,0.99,2.93,0.37,11.30,7,White Wine
3199,6.20,0.36,0.22,5.25,0.04,44.00,145.00,0.99,3.22,0.40,11.20,6,White Wine
5847,8.30,0.14,0.26,1.50,0.05,56.00,189.00,0.99,3.21,0.62,9.50,6,White Wine
4331,6.50,0.46,0.41,16.80,0.08,59.00,222.00,1.00,3.18,0.58,9.00,5,White Wine
3668,8.00,0.25,0.27,9.70,0.04,15.00,85.00,0.99,2.99,0.36,11.20,6,White Wine
6010,7.20,1.00,0.00,3.00,0.10,7.00,16.00,1.00,3.43,0.46,10.00,5,Red Wine
3502,6.80,0.26,0.56,11.90,0.04,64.00,226.00,1.00,3.02,0.63,9.30,5,White Wine
4640,11.90,0.57,0.50,2.60,0.08,6.00,32.00,1.00,3.12,0.78,10.70,6,Red Wine
4898,13.30,0.43,0.58,1.90,0.07,15.00,40.00,1.00,3.06,0.49,9.00,5,Red Wine
6181,7.60,0.78,0.00,1.70,0.08,33.00,45.00,1.00,3.31,0.62,10.70,6,Red Wine
228,6.10,0.36,0.33,1.10,0.05,24.00,169.00,0.99,3.15,0.78,9.50,6,White Wine
4946,5.60,0.69,0.06,6.80,0.04,9.00,84.00,0.99,3.44,0.44,10.20,5,White Wine
1079,8.30,0.17,0.31,1.50,0.05,48.00,153.00,0.99,3.12,0.58,9.40,6,White Wine
5994,5.80,0.32,0.31,2.70,0.05,25.00,153.00,0.99,3.44,0.73,12.20,7,White Wine
355,9.50,0.57,0.27,2.30,0.08,23.00,144.00,1.00,3.27,0.55,9.40,5,Red Wine
5780,7.50,0.28,0.34,4.20,0.03,36.00,116.00,0.99,2.99,0.41,12.30,8,White Wine
4910,8.20,0.39,0.49,2.30,0.10,47.00,133.00,1.00,3.38,0.99,9.80,5,Red Wine
6206,5.80,0.15,0.32,1.20,0.04,14.00,119.00,0.99,3.19,0.50,10.20,6,White Wine
2110,8.90,0.21,0.34,7.10,0.04,33.00,150.00,1.00,3.10,0.45,9.70,6,White Wine
2299,6.60,0.26,0.29,1.40,0.04,13.00,67.00,0.99,3.05,0.49,10.90,6,White Wine
4970,7.20,0.57,0.05,2.30,0.08,16.00,36.00,1.00,3.38,0.60,10.30,6,Red Wine
6302,5.80,0.36,0.50,1.00,0.13,63.00,178.00,0.99,3.10,0.45,9.70,5,White Wine
5828,6.60,0.28,0.34,0.80,0.04,42.00,119.00,0.99,3.03,0.37,12.50,6,White Wine
2727,6.60,0.24,0.30,13.00,0.05,18.00,143.00,1.00,3.37,0.49,9.40,6,White Wine
2540,5.30,0.47,0.11,2.20,0.05,16.00,89.00,0.99,3.54,0.88,13.57,7,Red Wine
300,7.30,0.25,0.36,2.10,0.03,30.00,177.00,0.99,3.25,0.40,11.90,8,White Wine
6400,7.60,0.65,0.03,1.90,0.09,14.00,57.00,1.00,3.37,0.46,10.30,5,Red Wine
2781,7.90,0.57,0.31,2.00,0.08,10.00,79.00,1.00,3.29,0.69,9.50,6,Red Wine
846,7.30,0.33,0.47,2.10,0.08,5.00,11.00,1.00,3.33,0.53,10.30,6,Red Wine
3328,6.80,0.39,0.34,7.40,0.02,38.00,133.00,0.99,3.18,0.44,12.00,7,White Wine
6240,6.50,0.46,0.14,2.40,0.11,9.00,37.00,1.00,3.66,0.65,9.80,5,Red Wine
2117,8.20,0.56,0.23,3.40,0.08,14.00,104.00,1.00,3.28,0.62,9.40,5,Red Wine
4793,7.10,0.31,0.47,13.60,0.06,54.00,197.00,1.00,3.10,0.49,9.30,5,White Wine
1310,6.40,0.38,0.24,7.20,0.05,41.00,151.00,1.00,3.11,0.60,9.20,5,White Wine
2834,6.20,0.24,0.28,12.20,0.05,54.00,133.00,1.00,3.19,0.37,10.70,6,White Wine
4714,7.00,0.27,0.29,3.90,0.06,28.00,199.00,1.00,3.54,0.59,10.30,5,White Wine
16,7.00,0.60,0.30,4.50,0.07,20.00,110.00,1.00,3.30,1.17,10.20,5,Red Wine
1911,7.10,0.21,0.31,3.80,0.02,40.00,142.00,0.99,3.17,0.39,10.80,7,White Wine
2057,6.80,0.31,0.25,10.50,0.04,30.00,165.00,1.00,3.36,0.55,10.55,6,White Wine
1100,6.90,0.30,0.25,3.30,0.04,26.00,124.00,0.99,3.18,0.50,9.30,6,White Wine
1728,8.60,0.20,0.42,1.50,0.04,35.00,125.00,0.99,3.11,0.49,11.40,7,White Wine
5351,5.60,0.19,0.31,2.70,0.03,11.00,100.00,0.99,3.46,0.40,13.20,7,White Wine
1948,6.90,0.34,0.74,11.20,0.07,44.00,150.00,1.00,3.00,0.81,9.20,5,White Wine
4951,7.40,0.31,0.28,1.60,0.05,33.00,137.00,0.99,3.31,0.56,10.50,6,White Wine
3002,6.50,0.37,0.30,2.20,0.03,39.00,107.00,0.99,3.22,0.53,13.50,7,White Wine
1899,6.00,0.49,0.00,2.30,0.07,15.00,33.00,0.99,3.58,0.59,12.50,6,Red Wine
4249,8.50,0.37,0.32,1.80,0.07,26.00,51.00,0.99,3.38,0.72,11.80,6,Red Wine
6100,6.70,0.28,0.34,8.90,0.05,32.00,111.00,0.99,3.25,0.54,11.00,7,White Wine
5708,8.50,0.47,0.27,1.90,0.06,18.00,38.00,1.00,3.16,0.85,11.10,6,Red Wine
1560,7.80,0.49,0.49,7.00,0.04,29.00,149.00,1.00,3.21,0.33,10.00,5,White Wine
3845,7.30,0.24,0.34,7.50,0.05,29.00,152.00,1.00,3.10,0.54,9.00,5,White Wine
76,8.20,0.68,0.30,2.10,0.05,17.00,138.00,0.99,3.22,0.71,10.80,4,White Wine
3259,7.30,0.13,0.27,4.60,0.08,34.00,172.00,0.99,3.23,0.39,11.10,7,White Wine
975,6.90,0.18,0.36,1.30,0.04,40.00,117.00,0.99,3.27,0.95,9.50,7,White Wine
3349,7.90,0.19,0.42,1.60,0.06,18.00,30.00,0.99,3.29,0.69,11.20,6,Red Wine
1548,6.70,0.48,0.02,2.20,0.08,36.00,111.00,1.00,3.10,0.53,9.70,5,Red Wine
2928,6.70,0.18,0.19,4.70,0.05,57.00,161.00,0.99,3.32,0.66,10.50,6,White Wine
1660,7.80,0.21,0.34,11.90,0.04,55.00,140.00,1.00,3.02,0.31,10.30,6,White Wine
5986,8.50,0.66,0.20,2.10,0.10,23.00,113.00,1.00,3.13,0.48,9.20,5,Red Wine
2327,7.10,0.62,0.06,1.30,0.07,5.00,12.00,0.99,3.17,0.48,9.80,5,Red Wine
5651,12.50,0.56,0.49,2.40,0.06,5.00,27.00,1.00,3.08,0.87,10.90,5,Red Wine
2863,6.90,0.22,0.37,15.00,0.05,59.00,178.00,1.00,3.37,0.82,9.50,7,White Wine
2042,6.50,0.28,0.34,9.90,0.04,30.00,133.00,1.00,3.11,0.44,9.80,5,White Wine
68,5.90,0.36,0.41,1.30,0.05,45.00,104.00,0.99,3.33,0.51,10.60,6,White Wine
5321,7.20,0.33,0.34,2.00,0.04,61.00,171.00,0.99,3.25,0.53,13.30,7,White Wine
6090,7.60,0.48,0.37,0.80,0.04,4.00,100.00,0.99,3.03,0.39,11.40,4,White Wine
2778,7.10,0.16,0.36,1.20,0.04,21.00,90.00,0.99,3.16,0.42,11.00,7,White Wine
1296,9.60,0.56,0.23,3.40,0.10,37.00,92.00,1.00,3.30,0.65,10.10,5,Red Wine
1762,6.00,0.31,0.24,3.30,0.04,25.00,143.00,0.99,3.31,0.44,11.30,6,White Wine
1052,7.00,0.20,0.74,0.80,0.04,19.00,163.00,0.99,3.46,0.53,10.20,5,White Wine
4380,5.60,0.32,0.32,8.30,0.04,32.00,105.00,0.99,3.24,0.47,11.20,6,White Wine
2673,6.30,0.20,0.37,11.80,0.04,58.00,130.00,1.00,3.20,0.35,10.80,5,White Wine
1157,6.40,0.26,0.21,8.20,0.05,51.00,182.00,1.00,3.23,0.48,9.50,5,White Wine
1602,7.40,0.16,0.30,13.70,0.06,33.00,168.00,1.00,2.90,0.44,8.70,7,White Wine
715,5.80,0.18,0.37,1.10,0.04,31.00,96.00,0.99,3.16,0.48,12.00,6,White Wine
6115,7.90,0.72,0.01,1.90,0.08,7.00,32.00,1.00,3.39,0.54,9.60,5,Red Wine
2744,6.00,0.45,0.65,9.70,0.08,11.00,159.00,1.00,3.04,0.48,9.40,5,White Wine
5598,5.80,0.34,0.21,6.60,0.04,50.00,167.00,0.99,3.29,0.62,10.00,5,White Wine
2077,6.70,0.27,0.22,8.60,0.05,54.00,198.00,1.00,3.25,0.41,10.20,5,White Wine
6137,7.20,0.33,0.22,4.50,0.03,10.00,73.00,0.99,2.97,0.52,12.20,7,White Wine
5437,7.40,0.49,0.24,15.10,0.03,34.00,153.00,1.00,3.13,0.51,12.00,7,White Wine
4584,8.20,0.37,0.36,1.00,0.03,17.00,93.00,0.99,3.04,0.32,11.70,8,White Wine
999,7.60,0.68,0.02,1.30,0.07,9.00,20.00,1.00,3.17,1.08,9.20,4,Red Wine
2471,7.50,0.35,0.28,9.60,0.05,26.00,157.00,1.00,3.12,0.53,9.20,6,White Wine
105,6.90,0.19,0.31,19.25,0.04,38.00,167.00,1.00,2.93,0.52,9.10,7,White Wine
6048,6.90,0.26,0.38,10.50,0.04,33.00,139.00,1.00,3.06,0.50,10.30,6,White Wine
4473,6.00,0.20,0.26,6.80,0.05,22.00,93.00,0.99,3.15,0.42,11.00,6,White Wine
5558,6.60,0.28,0.49,11.40,0.04,57.00,137.00,1.00,3.08,0.54,8.90,6,White Wine
179,7.60,0.48,0.28,10.40,0.05,57.00,205.00,1.00,3.24,0.45,9.30,5,White Wine
964,7.30,0.24,0.39,3.60,0.02,35.00,116.00,0.99,3.17,0.51,10.90,5,White Wine
1094,7.50,0.33,0.39,12.40,0.07,29.00,119.00,1.00,3.16,0.39,9.40,5,White Wine
2808,6.70,0.19,0.39,1.00,0.03,14.00,71.00,0.99,3.31,0.38,13.00,7,White Wine
2143,7.00,0.23,0.26,7.20,0.04,21.00,90.00,1.00,3.22,0.55,9.50,6,White Wine
4604,5.40,0.18,0.24,4.80,0.04,30.00,113.00,0.99,3.42,0.40,9.40,6,White Wine
3314,7.10,0.34,0.20,6.10,0.06,47.00,164.00,0.99,3.17,0.42,10.00,5,White Wine
6304,11.60,0.47,0.44,1.60,0.15,36.00,51.00,1.00,3.38,0.86,9.90,4,Red Wine
1446,10.60,1.02,0.43,2.90,0.08,26.00,88.00,1.00,3.08,0.57,10.10,6,Red Wine
1886,7.20,0.63,0.00,1.90,0.10,14.00,38.00,1.00,3.37,0.58,9.00,6,Red Wine
2383,6.80,0.21,0.27,2.10,0.03,26.00,139.00,0.99,3.16,0.61,12.60,7,White Wine
5247,7.00,0.12,0.29,10.30,0.04,41.00,98.00,1.00,3.19,0.38,9.80,8,White Wine
3961,8.20,0.28,0.60,3.00,0.10,10.00,22.00,1.00,3.39,0.68,10.60,5,Red Wine
1126,6.30,0.20,0.24,1.70,0.05,36.00,135.00,0.99,3.80,0.66,10.80,6,White Wine
4368,8.60,0.52,0.38,1.50,0.10,5.00,18.00,1.00,3.20,0.52,9.40,5,Red Wine
5934,7.40,0.36,0.29,2.60,0.09,26.00,72.00,1.00,3.39,0.68,11.00,5,Red Wine
701,6.40,0.33,0.28,4.00,0.04,24.00,81.00,0.99,3.26,0.64,12.60,7,White Wine
6318,7.20,0.18,0.31,1.10,0.04,20.00,73.00,0.99,3.32,0.40,10.80,7,White Wine
2336,7.20,0.28,0.30,10.70,0.04,61.00,222.00,1.00,3.14,0.50,9.10,6,White Wine
231,7.30,0.24,0.34,15.40,0.05,38.00,174.00,1.00,3.03,0.42,9.00,6,White Wine
6039,6.60,0.21,0.38,2.20,0.03,40.00,104.00,0.99,3.25,0.40,11.10,8,White Wine
3773,8.40,0.22,0.30,1.30,0.04,45.00,122.00,0.99,3.13,0.54,10.80,7,White Wine
385,7.20,0.22,0.24,1.40,0.04,17.00,159.00,0.99,3.25,0.53,11.20,6,White Wine
3364,6.90,0.21,0.81,1.10,0.14,52.00,123.00,0.99,3.03,0.39,9.20,6,White Wine
264,7.60,0.17,0.27,4.60,0.05,23.00,98.00,0.99,3.08,0.47,9.50,6,White Wine
5679,5.30,0.16,0.39,1.00,0.03,40.00,101.00,0.99,3.57,0.59,10.60,6,White Wine
2907,8.80,0.55,0.04,2.20,0.12,14.00,56.00,1.00,3.21,0.60,10.90,6,Red Wine
163,6.40,0.21,0.28,5.90,0.05,29.00,101.00,0.99,3.15,0.40,11.00,6,White Wine
2996,8.70,0.84,0.00,1.40,0.07,24.00,33.00,1.00,3.27,0.55,9.70,5,Red Wine
3713,7.90,0.14,0.45,1.80,0.05,17.00,114.00,0.99,3.33,0.49,10.70,7,White Wine
2307,6.80,0.15,0.32,8.80,0.06,24.00,110.00,1.00,3.40,0.40,8.80,6,White Wine
259,7.40,0.19,0.31,14.50,0.04,39.00,193.00,1.00,3.10,0.50,9.20,6,White Wine
1378,5.60,0.13,0.27,4.80,0.03,22.00,104.00,0.99,3.34,0.45,9.20,6,White Wine
5236,9.30,0.31,0.49,1.30,0.04,34.00,147.00,0.99,3.11,0.46,9.80,5,White Wine
4462,6.60,0.25,0.51,8.00,0.05,61.00,189.00,1.00,3.22,0.49,9.20,5,White Wine
5140,6.70,0.46,0.24,1.70,0.08,18.00,34.00,0.99,3.39,0.60,10.60,6,Red Wine
5353,6.80,0.23,0.29,12.20,0.04,38.00,236.00,1.00,3.35,0.52,9.80,6,White Wine
1023,7.40,0.31,0.26,8.60,0.05,47.00,206.00,1.00,3.26,0.36,9.10,5,White Wine
3155,6.90,0.19,0.39,8.00,0.03,22.00,84.00,0.99,3.11,0.66,10.80,6,White Wine
694,14.30,0.31,0.74,1.80,0.07,6.00,15.00,1.00,2.86,0.79,8.40,6,Red Wine
4837,6.30,0.20,0.30,5.90,0.03,35.00,152.00,1.00,3.47,0.40,8.50,6,White Wine
5271,7.30,0.19,0.27,13.90,0.06,45.00,155.00,1.00,2.94,0.41,8.80,8,White Wine
3120,9.40,0.43,0.24,2.80,0.09,14.00,45.00,1.00,3.19,0.73,10.00,6,Red Wine
670,7.20,0.23,0.19,13.70,0.05,47.00,197.00,1.00,3.12,0.53,9.00,5,White Wine
6023,6.30,0.22,0.22,5.60,0.04,31.00,128.00,0.99,3.12,0.46,10.40,6,White Wine
652,7.70,0.28,0.33,6.70,0.04,32.00,155.00,1.00,3.39,0.62,10.70,7,White Wine
4336,6.40,0.20,0.28,2.50,0.03,24.00,84.00,0.99,3.31,0.55,11.50,5,White Wine
5019,7.00,0.24,0.32,1.30,0.04,39.00,123.00,0.99,3.17,0.42,11.20,8,White Wine
4300,7.00,0.31,0.26,7.40,0.07,28.00,160.00,1.00,3.13,0.46,9.80,6,White Wine
427,6.50,0.28,0.35,9.80,0.07,61.00,180.00,1.00,3.15,0.57,9.00,4,White Wine
4334,7.10,0.39,0.35,12.50,0.04,26.00,72.00,0.99,3.17,0.29,11.60,5,White Wine
3722,7.40,0.21,0.27,1.20,0.04,27.00,99.00,0.99,3.19,0.33,9.80,6,White Wine
2803,6.50,0.33,0.30,3.80,0.04,34.00,88.00,0.99,3.25,0.63,12.50,7,White Wine
674,6.40,0.40,0.23,1.60,0.07,5.00,12.00,1.00,3.34,0.56,9.20,5,Red Wine
5568,7.90,0.11,0.49,4.50,0.05,27.00,133.00,0.99,3.24,0.42,10.60,6,White Wine
5831,7.80,0.29,0.33,8.75,0.04,33.00,181.00,1.00,3.11,0.46,10.70,5,White Wine
786,7.50,0.23,0.36,7.00,0.04,43.00,161.00,0.99,3.04,0.32,11.00,5,White Wine
2,7.30,0.29,0.30,13.00,0.04,46.00,238.00,1.00,3.06,0.41,8.70,6,White Wine
3340,6.30,0.34,0.28,14.70,0.05,49.00,198.00,1.00,3.23,0.46,9.50,5,White Wine
1600,6.00,0.50,0.00,1.40,0.06,15.00,26.00,0.99,3.36,0.45,9.50,5,Red Wine
4990,6.80,0.27,0.24,4.60,0.10,36.00,127.00,0.99,3.15,0.49,9.60,6,White Wine
764,7.10,0.23,0.35,16.50,0.04,60.00,171.00,1.00,3.16,0.59,9.10,6,White Wine
3144,6.60,0.17,0.38,1.50,0.03,28.00,112.00,0.99,3.25,0.55,11.40,7,White Wine
2010,6.50,0.13,0.27,2.60,0.04,32.00,76.00,0.99,3.21,0.76,11.33,6,White Wine
4227,8.60,0.55,0.35,15.55,0.06,35.50,366.50,1.00,3.04,0.63,11.00,3,White Wine
1254,6.70,0.27,0.25,8.00,0.05,54.00,202.00,1.00,3.22,0.43,9.30,5,White Wine
3718,7.10,0.28,0.49,6.50,0.04,28.00,111.00,0.99,3.41,0.58,12.20,8,White Wine
4922,6.00,0.14,0.37,1.20,0.03,63.00,148.00,0.99,3.32,0.44,11.20,5,White Wine
981,7.40,0.19,0.30,1.40,0.06,33.00,135.00,0.99,3.12,0.50,9.60,6,White Wine
175,7.70,0.30,0.34,1.20,0.05,4.00,119.00,0.99,3.18,0.34,12.10,6,White Wine
1535,5.90,0.21,0.28,4.60,0.05,40.00,199.00,1.00,3.72,0.70,10.00,4,White Wine
3764,7.00,0.24,0.47,1.30,0.04,18.00,131.00,0.99,3.19,0.45,11.00,6,White Wine
5714,7.00,0.20,0.35,8.80,0.04,31.00,103.00,0.99,3.13,0.49,11.00,6,White Wine
5712,6.50,0.34,0.46,1.00,0.02,6.00,80.00,0.99,3.15,0.54,12.90,6,White Wine
2361,8.60,0.34,0.36,1.40,0.04,11.00,119.00,1.00,3.17,0.47,9.40,4,White Wine
5409,7.10,0.43,0.61,11.80,0.04,54.00,155.00,1.00,3.11,0.45,8.70,5,White Wine
4165,8.20,0.37,0.36,1.00,0.03,17.00,93.00,0.99,3.04,0.32,11.70,8,White Wine
493,7.00,0.20,0.38,8.10,0.05,42.00,173.00,1.00,3.30,0.54,9.80,6,White Wine
3061,8.30,0.18,0.37,1.20,0.05,6.00,94.00,0.99,3.18,0.52,10.10,5,White Wine
2748,6.10,0.24,0.27,11.50,0.05,51.00,133.00,0.99,3.22,0.37,10.80,6,White Wine
889,7.50,0.23,0.29,2.60,0.03,24.00,98.00,0.99,3.00,0.54,10.90,6,White Wine
5565,6.10,0.16,0.34,6.10,0.03,31.00,114.00,0.99,3.32,0.58,10.15,7,White Wine
5197,7.00,0.17,0.31,4.80,0.03,34.00,132.00,0.99,3.36,0.48,9.60,7,White Wine
4806,6.60,0.33,0.24,16.05,0.04,31.00,147.00,1.00,3.08,0.52,9.20,5,White Wine
5024,6.80,0.22,0.32,5.90,0.05,40.00,152.00,0.99,3.20,0.57,10.80,6,White Wine
1713,7.60,0.23,0.49,10.00,0.04,45.00,182.00,1.00,3.08,0.58,9.60,6,White Wine
2445,7.70,0.24,0.30,1.40,0.04,15.00,102.00,0.99,3.26,0.53,10.40,6,White Wine
6447,7.30,0.25,0.29,7.50,0.05,38.00,158.00,1.00,3.43,0.38,9.60,5,White Wine
330,8.30,0.22,0.34,1.10,0.04,20.00,116.00,0.99,3.00,0.47,10.20,6,White Wine
870,6.90,0.33,0.21,1.00,0.05,39.00,148.00,0.99,3.12,0.45,9.40,6,White Wine
1572,6.80,0.23,0.32,8.60,0.05,47.00,159.00,0.99,3.08,0.52,10.50,6,White Wine
5597,8.00,0.44,0.49,9.10,0.03,46.00,151.00,0.99,3.16,0.27,12.70,8,White Wine
4889,6.60,0.28,0.41,7.00,0.05,59.00,194.00,1.00,3.14,0.48,9.40,5,White Wine
547,6.10,0.21,0.30,6.30,0.04,47.00,136.00,0.99,3.27,0.31,12.70,6,White Wine
5952,5.90,0.23,0.24,1.60,0.04,32.00,115.00,0.99,3.21,0.51,11.40,6,White Wine
1032,7.90,0.43,0.21,1.60,0.11,10.00,37.00,1.00,3.17,0.91,9.50,5,Red Wine
3011,7.40,0.26,0.30,7.90,0.05,38.00,157.00,1.00,3.13,0.48,8.90,6,White Wine
3173,6.50,0.29,0.30,9.15,0.05,25.00,166.00,0.99,3.24,0.56,11.35,6,White Wine
3068,6.80,0.24,0.34,4.60,0.03,37.00,135.00,0.99,3.20,0.39,10.60,5,White Wine
1553,7.60,0.16,0.44,1.40,0.04,25.00,109.00,0.99,3.11,0.75,10.30,6,White Wine
3843,6.30,0.36,0.20,2.00,0.05,48.00,191.00,0.99,3.17,0.51,9.60,5,White Wine
47,7.80,0.57,0.09,2.30,0.07,34.00,45.00,0.99,3.46,0.74,12.70,8,Red Wine
4396,5.70,0.46,0.46,1.40,0.04,31.00,169.00,0.99,3.13,0.47,8.80,5,White Wine
2123,8.40,0.59,0.29,2.60,0.11,31.00,119.00,1.00,3.15,0.50,9.10,5,Red Wine
6449,7.80,0.29,0.29,3.15,0.04,41.00,117.00,0.99,3.24,0.35,11.50,5,White Wine
1074,6.30,0.68,0.01,3.70,0.10,32.00,54.00,1.00,3.51,0.66,11.30,6,Red Wine
1195,6.00,0.29,0.41,10.80,0.05,55.00,149.00,0.99,3.09,0.59,11.00,7,White Wine
4815,7.20,0.65,0.02,2.30,0.09,5.00,31.00,1.00,3.67,0.80,9.70,5,Red Wine
3174,8.30,0.28,0.27,17.50,0.04,48.00,253.00,1.00,3.02,0.56,9.10,6,White Wine
4670,6.40,0.43,0.32,1.40,0.05,10.00,67.00,0.99,3.08,0.41,11.40,5,White Wine
6482,7.20,0.18,0.41,1.20,0.05,41.00,97.00,0.99,3.14,0.45,10.40,5,White Wine
3837,6.30,0.27,0.29,12.20,0.04,59.00,196.00,1.00,3.14,0.40,8.80,6,White Wine
3390,6.50,0.30,0.32,2.00,0.04,34.00,90.00,0.99,3.37,0.68,11.00,7,White Wine
924,7.40,0.36,0.32,1.90,0.04,27.00,119.00,0.99,3.15,0.49,11.20,6,White Wine
5051,7.20,0.40,0.24,8.50,0.06,45.00,151.00,1.00,3.20,0.52,9.20,5,White Wine
458,6.00,0.24,0.41,1.30,0.04,42.00,118.00,0.99,3.04,0.64,11.73,6,White Wine
1449,7.30,0.38,0.23,6.50,0.05,18.00,102.00,0.99,3.10,0.55,11.20,4,White Wine
5133,7.10,0.33,0.18,6.30,0.09,27.00,166.00,0.99,2.90,0.49,9.50,5,White Wine
3763,6.70,0.37,0.41,6.30,0.06,22.00,149.00,1.00,3.16,0.47,9.60,6,White Wine
3394,5.80,0.36,0.50,1.00,0.13,63.00,178.00,0.99,3.10,0.45,9.70,5,White Wine
5332,7.30,0.67,0.26,1.80,0.40,16.00,51.00,1.00,3.16,1.14,9.40,5,Red Wine
341,5.80,0.26,0.29,1.00,0.04,35.00,101.00,0.99,3.36,0.48,11.40,7,White Wine
5331,5.90,0.20,0.28,1.00,0.04,45.00,100.00,0.99,3.40,0.41,11.40,6,White Wine
1719,7.70,0.30,0.34,1.20,0.05,4.00,119.00,0.99,3.18,0.34,12.10,6,White Wine
677,9.00,0.40,0.41,2.00,0.06,15.00,40.00,0.99,3.22,0.60,12.20,6,Red Wine
5059,6.20,0.25,0.31,3.20,0.03,32.00,150.00,0.99,3.18,0.31,12.00,6,White Wine
686,7.60,0.29,0.49,2.70,0.09,25.00,60.00,1.00,3.31,0.61,10.10,6,Red Wine
744,7.60,0.33,0.41,13.70,0.04,44.00,197.00,1.00,3.18,0.64,9.10,5,White Wine
3135,8.30,0.14,0.45,1.50,0.04,18.00,98.00,0.99,3.02,0.56,11.00,6,White Wine
5177,7.20,0.26,0.38,1.50,0.06,12.00,120.00,0.99,3.18,0.46,10.40,5,White Wine
1015,6.20,0.22,0.28,2.20,0.04,24.00,125.00,0.99,3.19,0.48,10.50,6,White Wine
4801,6.60,0.26,0.27,1.50,0.04,19.00,114.00,0.99,3.36,0.62,10.50,6,White Wine
5829,7.20,0.19,0.39,1.20,0.04,32.00,85.00,0.99,3.16,0.50,10.50,5,White Wine
954,6.80,0.48,0.25,2.00,0.08,29.00,61.00,1.00,3.34,0.60,10.40,5,Red Wine
351,7.10,0.28,0.26,1.90,0.05,12.00,86.00,0.99,3.15,0.38,9.40,5,White Wine
936,9.00,0.30,0.49,7.20,0.04,32.00,84.00,0.99,2.94,0.32,11.50,6,White Wine
6217,6.60,0.19,0.41,8.90,0.05,51.00,169.00,1.00,3.14,0.57,9.80,6,White Wine
2567,7.30,0.26,0.49,5.00,0.03,32.00,107.00,0.99,3.24,0.54,10.80,6,White Wine
2991,6.00,0.29,0.41,10.80,0.05,55.00,149.00,0.99,3.09,0.59,10.97,7,White Wine
796,8.20,0.24,0.34,5.10,0.06,8.00,22.00,1.00,3.22,0.94,10.90,6,Red Wine
2901,7.20,0.36,0.46,2.10,0.07,24.00,44.00,1.00,3.40,0.85,11.00,7,Red Wine
4875,7.80,0.55,0.35,2.20,0.07,21.00,66.00,1.00,3.25,0.56,9.20,5,Red Wine
6051,7.10,0.12,0.32,9.60,0.05,64.00,162.00,1.00,3.40,0.41,9.40,5,White Wine
46,7.20,0.21,0.36,15.70,0.04,68.00,183.00,1.00,3.25,0.76,9.40,5,White Wine
1135,7.20,0.47,0.65,8.30,0.08,27.00,182.00,1.00,3.00,0.35,9.20,5,White Wine
6299,6.80,0.18,0.24,9.80,0.06,64.00,188.00,1.00,3.13,0.51,10.60,6,White Wine
1078,6.30,0.18,0.24,3.40,0.05,20.00,119.00,0.99,3.11,0.52,9.20,6,White Wine
4809,7.60,0.54,0.23,2.00,0.03,13.00,151.00,0.99,3.04,0.33,10.40,5,White Wine
2451,8.20,0.73,0.21,1.70,0.07,5.00,13.00,1.00,3.20,0.52,9.50,5,Red Wine
3941,9.40,0.50,0.34,3.60,0.08,5.00,14.00,1.00,3.29,0.52,10.70,6,Red Wine
3499,7.20,0.39,0.63,11.00,0.04,55.00,156.00,1.00,3.09,0.44,8.70,6,White Wine
6142,6.90,0.28,0.28,12.20,0.04,52.00,139.00,1.00,3.03,0.56,10.40,6,White Wine
940,10.40,0.61,0.49,2.10,0.20,5.00,16.00,1.00,3.16,0.63,8.40,3,Red Wine
1646,6.10,0.38,0.14,3.90,0.06,27.00,113.00,0.99,3.07,0.34,9.20,4,White Wine
3758,11.20,0.67,0.55,2.30,0.08,6.00,13.00,1.00,3.17,0.71,9.50,6,Red Wine
2722,6.80,0.11,0.42,1.10,0.04,51.00,132.00,0.99,3.18,0.74,11.30,7,White Wine
4769,9.20,0.52,1.00,3.40,0.61,32.00,69.00,1.00,2.74,2.00,9.40,4,Red Wine
4307,8.00,0.22,0.28,14.00,0.05,83.00,197.00,1.00,3.14,0.45,9.80,6,White Wine
4510,6.30,0.30,0.20,3.70,0.04,34.00,132.00,0.99,3.00,0.38,10.70,5,White Wine
3295,6.70,0.42,0.46,9.70,0.05,67.00,234.00,1.00,3.23,0.50,9.00,5,White Wine
4000,6.30,0.36,0.19,3.20,0.07,15.00,39.00,1.00,3.56,0.52,12.70,6,Red Wine
1128,7.20,0.62,0.01,2.30,0.07,8.00,46.00,0.99,3.32,0.51,11.80,6,Red Wine
703,6.50,0.35,0.36,0.80,0.03,32.00,111.00,0.99,3.11,0.50,12.10,8,White Wine
2231,9.50,0.46,0.49,6.30,0.06,5.00,17.00,1.00,3.21,0.73,11.00,6,Red Wine
3392,6.60,0.50,0.04,2.10,0.07,6.00,14.00,1.00,3.39,0.64,9.40,6,Red Wine
3541,11.30,0.37,0.50,1.80,0.09,20.00,47.00,1.00,3.15,0.57,10.50,5,Red Wine
2053,7.50,0.38,0.48,2.60,0.07,22.00,84.00,1.00,3.32,0.70,9.60,4,Red Wine
1059,5.60,0.39,0.24,4.70,0.03,27.00,77.00,0.99,3.28,0.36,12.70,5,White Wine
4973,6.80,0.15,0.33,4.70,0.06,31.00,118.00,1.00,3.43,0.39,9.00,7,White Wine
4712,6.30,0.32,0.17,17.75,0.06,51.00,190.00,1.00,3.13,0.48,8.80,6,White Wine
3228,8.40,0.37,0.53,1.80,0.41,9.00,26.00,1.00,3.06,1.06,9.10,6,Red Wine
3675,7.10,0.61,0.02,2.50,0.08,17.00,87.00,1.00,3.48,0.60,9.70,6,Red Wine
2185,5.20,0.15,0.33,1.60,0.03,13.00,59.00,0.99,3.30,0.84,11.90,8,White Wine
299,6.10,0.17,0.28,2.50,0.03,22.00,98.00,0.99,3.16,0.37,11.10,7,White Wine
1667,6.60,0.25,0.36,8.10,0.04,54.00,180.00,1.00,3.08,0.42,9.20,5,White Wine
4203,8.80,0.40,0.40,2.20,0.08,19.00,52.00,1.00,3.44,0.64,9.20,5,Red Wine
3979,5.20,0.50,0.18,2.00,0.04,23.00,129.00,0.99,3.36,0.77,13.40,7,White Wine
1494,6.90,0.26,0.31,7.00,0.04,37.00,175.00,0.99,3.32,0.49,11.40,6,White Wine
2666,6.10,0.22,0.28,16.55,0.06,54.00,135.00,1.00,3.20,0.38,10.50,5,White Wine
1770,6.30,0.27,0.18,7.70,0.05,45.00,186.00,1.00,3.23,0.47,9.00,5,White Wine
132,5.50,0.32,0.38,2.60,0.03,10.00,69.00,0.99,3.12,0.59,10.80,6,White Wine
1693,6.10,0.32,0.28,6.60,0.02,29.00,132.00,0.99,3.15,0.36,11.45,7,White Wine
316,6.90,0.40,0.42,6.20,0.07,41.00,176.00,1.00,3.12,0.54,9.40,5,White Wine
3038,6.20,0.20,0.26,1.70,0.09,40.00,161.00,0.99,3.44,0.66,11.00,5,White Wine
1093,8.10,0.22,0.28,7.70,0.04,57.00,176.00,1.00,3.12,0.55,10.00,5,White Wine
1583,8.60,0.47,0.30,3.00,0.08,30.00,135.00,1.00,3.30,0.53,9.40,5,Red Wine
5673,6.60,0.25,0.30,14.40,0.05,40.00,183.00,1.00,3.02,0.50,9.10,6,White Wine
5016,7.30,0.25,0.26,7.20,0.05,52.00,207.00,1.00,3.12,0.37,9.20,5,White Wine
1183,5.60,0.26,0.57,10.70,0.06,66.00,171.00,0.99,3.25,0.61,10.40,7,White Wine
2047,8.80,0.60,0.29,2.20,0.10,5.00,15.00,1.00,3.36,0.49,9.10,5,Red Wine
97,7.60,0.74,0.00,1.90,0.10,6.00,12.00,1.00,3.36,0.59,11.00,5,Red Wine
1895,7.80,0.21,0.27,1.20,0.05,20.00,89.00,0.99,3.06,0.46,9.10,5,White Wine
1342,8.20,0.22,0.30,1.80,0.05,47.00,185.00,0.99,3.13,0.50,10.20,6,White Wine
5047,6.20,0.30,0.31,1.20,0.05,19.00,125.00,0.99,3.32,0.54,12.60,6,White Wine
6251,5.80,0.54,0.00,1.40,0.03,40.00,107.00,0.99,3.26,0.35,12.40,5,White Wine
169,5.90,0.34,0.31,2.00,0.03,38.00,142.00,0.99,3.40,0.41,12.90,7,White Wine
5430,6.00,0.28,0.34,1.60,0.12,33.00,104.00,0.99,3.19,0.38,10.20,6,White Wine
3949,8.30,0.42,0.62,19.25,0.04,41.00,172.00,1.00,2.98,0.67,9.70,5,White Wine
2438,7.30,0.22,0.37,15.50,0.05,70.00,203.00,1.00,3.25,0.77,9.40,5,White Wine
71,6.50,0.27,0.19,4.20,0.05,6.00,114.00,1.00,3.25,0.35,8.60,4,White Wine
3816,6.40,0.36,0.21,2.20,0.05,26.00,48.00,1.00,3.47,0.77,9.70,6,Red Wine
959,7.30,0.22,0.37,14.30,0.06,48.00,191.00,1.00,2.89,0.38,9.00,6,White Wine
5469,6.50,0.22,0.31,3.90,0.05,17.00,106.00,0.99,3.15,0.31,11.50,5,White Wine
766,8.90,0.27,0.28,0.80,0.02,29.00,128.00,0.99,3.01,0.35,12.40,6,White Wine
4037,6.60,0.23,0.32,1.70,0.02,26.00,102.00,0.99,3.29,0.60,11.80,6,White Wine
1574,6.30,0.20,0.26,1.60,0.03,36.00,141.00,0.99,3.53,0.56,10.80,6,White Wine
1287,7.30,0.20,0.26,1.60,0.04,36.00,123.00,0.99,3.34,0.44,10.80,6,White Wine
3288,6.80,0.36,0.32,1.60,0.04,10.00,124.00,0.99,3.30,0.67,9.60,5,White Wine
5427,7.80,0.26,0.49,3.20,0.03,28.00,87.00,0.99,3.03,0.32,11.30,7,White Wine
2922,7.10,0.20,0.27,9.60,0.04,19.00,105.00,0.99,3.04,0.37,10.50,7,White Wine
4522,7.20,0.39,0.62,11.00,0.05,66.00,178.00,1.00,3.16,0.50,8.70,5,White Wine
6133,7.70,0.26,0.40,1.10,0.04,9.00,60.00,0.99,2.89,0.50,10.60,5,White Wine
3201,6.20,0.36,0.24,2.20,0.10,19.00,42.00,0.99,3.57,0.57,11.70,6,Red Wine
5263,5.70,0.40,0.35,5.10,0.03,17.00,113.00,0.99,3.18,0.67,12.40,6,White Wine
336,5.80,0.28,0.30,3.90,0.03,36.00,105.00,0.99,3.26,0.58,12.75,6,White Wine
4296,6.60,0.23,0.32,0.90,0.04,25.00,79.00,0.99,3.39,0.54,10.20,7,White Wine
4457,6.50,0.37,0.33,3.50,0.04,23.00,92.00,0.99,3.18,0.38,11.20,6,White Wine
5821,6.40,0.28,0.36,1.30,0.05,28.00,186.00,0.99,3.31,0.45,10.80,5,White Wine
4287,6.10,0.22,0.40,1.85,0.03,25.00,111.00,0.99,3.03,0.30,11.80,7,White Wine
1451,7.00,0.24,0.24,9.00,0.03,42.00,219.00,1.00,3.47,0.46,10.20,6,White Wine
386,11.90,0.43,0.66,3.10,0.11,10.00,23.00,1.00,3.15,0.85,10.40,7,Red Wine
2947,6.50,0.23,0.38,1.30,0.03,29.00,112.00,0.99,3.29,0.54,9.70,5,White Wine
3870,5.70,0.22,0.20,16.00,0.04,41.00,113.00,1.00,3.22,0.46,8.90,6,White Wine
1214,7.60,0.30,0.42,2.00,0.05,6.00,24.00,1.00,3.44,0.82,11.90,6,Red Wine
3830,6.20,0.65,0.06,1.60,0.05,6.00,18.00,0.99,3.57,0.54,11.95,5,Red Wine
2692,6.00,0.33,0.32,12.90,0.05,6.00,113.00,1.00,3.30,0.56,11.50,4,Red Wine
3817,6.10,0.46,0.32,6.20,0.05,10.00,94.00,1.00,3.35,0.47,10.10,5,White Wine
399,7.20,0.27,0.46,18.75,0.05,45.00,255.00,1.00,3.04,0.52,8.90,5,White Wine
1980,5.10,0.11,0.32,1.60,0.03,12.00,90.00,0.99,3.57,0.52,12.20,6,White Wine
4701,6.60,0.26,0.24,7.20,0.04,28.00,137.00,1.00,3.35,0.60,10.40,6,White Wine
6208,7.60,0.17,0.36,4.50,0.04,26.00,102.00,0.99,3.09,0.47,9.50,5,White Wine
5054,6.30,0.19,0.29,2.00,0.02,33.00,96.00,0.99,3.04,0.54,12.80,7,White Wine
4146,6.60,0.38,0.18,1.20,0.04,20.00,84.00,0.99,3.22,0.45,10.10,4,White Wine
177,7.00,0.23,0.40,1.60,0.06,21.00,67.00,1.00,3.50,0.63,11.10,5,Red Wine
1436,6.80,0.35,0.53,10.10,0.05,37.00,151.00,1.00,3.07,0.40,9.40,5,White Wine
1018,6.20,0.26,0.37,7.10,0.05,54.00,201.00,1.00,3.19,0.48,9.50,6,White Wine
3824,9.80,0.25,0.49,2.70,0.09,15.00,33.00,1.00,3.42,0.90,10.00,6,Red Wine
2439,6.10,0.38,0.47,1.40,0.05,59.00,210.00,0.99,3.24,0.50,9.60,5,White Wine
2024,6.10,0.17,0.28,4.50,0.03,46.00,150.00,0.99,3.43,0.49,10.90,6,White Wine
2365,6.40,0.46,0.22,14.70,0.05,51.00,183.00,1.00,3.39,0.60,10.50,5,White Wine
2736,6.00,0.27,0.27,1.60,0.05,32.00,113.00,0.99,3.41,0.51,10.50,7,White Wine
4590,11.80,0.23,0.38,11.10,0.03,15.00,123.00,1.00,2.93,0.55,9.70,3,White Wine
1174,7.80,0.25,0.28,7.20,0.04,46.00,179.00,1.00,3.14,0.60,10.10,6,White Wine
782,7.20,0.27,0.31,1.20,0.03,27.00,80.00,0.99,3.03,0.33,12.70,6,White Wine
5599,12.00,0.37,0.76,4.20,0.07,7.00,38.00,1.00,3.22,0.60,13.00,7,Red Wine
1877,6.70,0.26,0.26,4.10,0.07,36.00,202.00,1.00,3.30,0.67,9.50,5,White Wine
4660,5.70,0.14,0.30,4.60,0.04,19.00,101.00,0.99,3.31,0.42,9.30,6,White Wine
3108,7.00,0.32,0.35,1.50,0.04,24.00,125.00,0.99,3.17,0.64,12.20,6,White Wine
3536,5.80,0.31,0.32,4.50,0.02,28.00,94.00,0.99,3.25,0.52,13.70,7,White Wine
2452,6.80,0.33,0.31,7.40,0.04,34.00,143.00,0.99,3.06,0.55,12.20,6,White Wine
6288,6.60,0.25,0.35,2.90,0.03,38.00,121.00,0.99,3.19,0.40,12.80,6,White Wine
3256,6.30,0.30,0.91,8.20,0.03,50.00,199.00,0.99,3.39,0.49,11.70,6,White Wine
4975,7.40,0.36,0.23,1.90,0.02,31.00,69.00,0.99,2.93,0.36,12.50,6,White Wine
4839,7.10,0.55,0.13,1.70,0.07,21.00,165.00,0.99,2.97,0.58,9.20,6,White Wine
6159,6.00,0.20,0.24,5.30,0.07,49.00,201.00,0.99,3.21,0.43,9.50,5,White Wine
654,6.70,0.13,0.28,1.20,0.05,35.00,140.00,0.99,3.33,0.33,10.10,7,White Wine
4854,6.60,0.66,0.00,3.00,0.12,21.00,31.00,1.00,3.45,0.63,10.30,5,Red Wine
4692,5.90,0.29,0.16,7.90,0.04,48.00,197.00,1.00,3.21,0.36,9.40,5,White Wine
5225,7.30,0.20,0.39,2.30,0.05,24.00,87.00,0.99,2.94,0.35,12.00,6,White Wine
3787,6.60,0.64,0.28,4.40,0.03,19.00,78.00,0.99,3.11,0.62,12.90,6,White Wine
3324,6.40,0.19,0.42,2.90,0.03,32.00,83.00,0.99,3.30,0.41,11.70,6,White Wine
1501,7.20,0.22,0.35,5.50,0.05,37.00,183.00,0.99,3.08,0.50,10.30,5,White Wine
835,6.30,0.26,0.49,1.50,0.05,34.00,134.00,0.99,2.99,0.61,9.80,6,White Wine
1836,6.40,0.15,0.36,1.80,0.03,43.00,150.00,0.99,3.42,0.69,11.00,8,White Wine
1242,5.90,0.44,0.33,1.20,0.05,12.00,117.00,0.99,3.46,0.44,11.50,5,White Wine
3452,7.20,0.34,0.20,5.80,0.06,52.00,203.00,0.99,3.17,0.44,9.80,6,White Wine
4315,6.80,0.21,0.62,6.40,0.04,7.00,113.00,0.99,2.96,0.59,10.20,5,White Wine
1794,7.10,0.36,0.30,1.60,0.08,35.00,70.00,1.00,3.44,0.50,9.40,5,Red Wine
2114,9.10,0.47,0.49,2.60,0.09,38.00,106.00,1.00,3.08,0.59,9.10,5,Red Wine
2557,6.90,0.28,0.41,1.70,0.05,10.00,136.00,0.99,3.16,0.71,11.40,6,White Wine
6393,7.20,0.31,0.46,5.00,0.04,3.00,29.00,0.99,3.04,0.53,12.50,4,White Wine
4027,6.20,0.35,0.35,2.00,0.05,31.00,95.00,0.99,3.06,0.46,13.60,6,White Wine
3649,6.30,0.28,0.47,11.20,0.04,61.00,183.00,1.00,3.12,0.51,9.50,6,White Wine
5969,5.80,0.29,0.05,0.80,0.04,11.00,30.00,0.99,3.36,0.35,9.20,5,White Wine
1048,6.90,0.25,0.34,1.30,0.04,27.00,82.00,0.99,3.18,0.44,12.20,6,White Wine
3947,6.30,0.23,0.21,5.10,0.04,29.00,142.00,0.99,3.36,0.33,10.10,7,White Wine
4386,6.30,0.24,0.29,13.70,0.04,53.00,134.00,1.00,3.17,0.38,10.60,6,White Wine
6130,7.10,0.43,0.42,5.50,0.07,28.00,128.00,1.00,3.42,0.71,10.50,5,Red Wine
1993,7.20,0.51,0.24,10.00,0.09,35.00,197.00,1.00,3.41,0.47,9.00,5,White Wine
4358,5.30,0.21,0.29,0.70,0.03,11.00,66.00,0.99,3.30,0.40,9.80,5,White Wine
2961,7.20,0.23,0.25,18.80,0.09,19.00,111.00,1.00,3.10,0.51,8.70,5,White Wine
6431,8.00,0.33,0.53,2.50,0.09,18.00,80.00,1.00,3.37,0.80,9.60,6,Red Wine
506,6.40,0.32,0.23,16.20,0.06,36.00,176.00,1.00,3.26,0.54,9.10,5,White Wine
6383,6.00,0.31,0.38,4.80,0.04,41.00,101.00,0.99,3.24,0.56,13.10,6,White Wine
459,7.90,0.30,0.68,8.30,0.05,37.50,289.00,0.99,3.01,0.51,12.30,7,Red Wine
1894,12.50,0.46,0.63,2.00,0.07,6.00,15.00,1.00,2.99,0.87,10.20,5,Red Wine
4569,6.60,0.24,0.28,6.70,0.03,26.00,91.00,0.99,3.13,0.32,12.30,6,White Wine
4646,6.20,0.16,0.32,1.10,0.04,74.00,184.00,0.99,3.22,0.41,11.00,6,White Wine
332,6.30,0.17,0.42,2.80,0.03,45.00,107.00,0.99,3.27,0.43,11.80,6,White Wine
1088,7.50,0.63,0.27,2.00,0.08,17.00,91.00,1.00,3.26,0.58,9.80,6,Red Wine
2473,8.50,0.37,0.20,2.80,0.09,18.00,58.00,1.00,3.34,0.70,9.60,6,Red Wine
4778,6.10,0.14,0.25,1.30,0.05,37.00,173.00,0.99,3.35,0.46,10.00,6,White Wine
2052,8.20,0.25,0.46,3.75,0.05,14.00,102.00,1.00,3.28,0.58,9.70,5,White Wine
6276,6.30,0.20,0.19,12.30,0.05,54.00,145.00,1.00,3.16,0.42,9.30,6,White Wine
1426,6.80,0.19,0.32,7.05,0.02,54.00,188.00,0.99,3.25,0.37,11.10,8,White Wine
2062,6.10,0.25,0.18,10.50,0.05,41.00,124.00,1.00,3.14,0.35,10.50,5,White Wine
10,7.30,0.98,0.05,2.10,0.06,20.00,49.00,1.00,3.31,0.55,9.70,3,Red Wine
306,7.40,0.24,0.40,4.30,0.03,9.00,95.00,0.99,3.09,0.39,11.10,6,White Wine
5085,7.40,0.18,0.42,2.10,0.04,33.00,187.00,0.99,3.40,0.41,10.60,7,White Wine
2771,6.90,0.38,0.29,13.65,0.05,52.00,189.00,1.00,3.00,0.60,9.50,6,White Wine
3,6.00,0.33,0.18,3.00,0.04,5.00,85.00,0.99,3.28,0.40,11.50,4,White Wine
1618,6.90,0.43,0.28,9.40,0.06,29.00,183.00,1.00,3.17,0.43,9.40,5,White Wine
5166,7.60,0.62,0.32,2.20,0.08,7.00,54.00,1.00,3.36,0.52,9.40,5,Red Wine
4666,6.20,0.30,0.42,2.20,0.04,28.00,128.00,0.99,3.13,0.38,11.60,6,White Wine
4739,5.10,0.14,0.25,0.70,0.04,15.00,89.00,0.99,3.22,0.43,9.20,6,White Wine
3045,9.00,0.58,0.25,2.80,0.07,9.00,104.00,1.00,3.23,0.57,9.70,5,Red Wine
4760,6.00,0.22,0.28,1.10,0.03,47.00,90.00,0.99,3.22,0.38,12.60,6,White Wine
5379,5.80,0.22,0.29,1.30,0.04,25.00,68.00,0.99,3.24,0.35,12.60,6,White Wine
3058,5.90,0.30,0.47,7.85,0.03,19.00,133.00,0.99,3.52,0.43,11.50,7,White Wine
2882,7.00,0.56,0.17,1.70,0.07,15.00,24.00,1.00,3.44,0.68,10.55,7,Red Wine
583,12.70,0.60,0.49,2.80,0.07,5.00,19.00,1.00,3.14,0.57,11.40,5,Red Wine
3082,6.00,0.22,0.28,1.10,0.03,47.00,90.00,0.99,3.22,0.38,12.60,6,White Wine
2157,7.80,0.25,0.37,1.00,0.04,10.00,80.00,0.99,3.08,0.38,11.40,5,White Wine
2160,6.80,0.30,0.22,6.20,0.06,41.00,190.00,1.00,3.18,0.51,9.20,5,White Wine
5,8.40,0.58,0.27,12.15,0.03,37.00,116.00,1.00,2.99,0.39,10.80,6,White Wine
436,7.60,0.55,0.21,2.20,0.07,7.00,28.00,1.00,3.28,0.55,9.70,5,Red Wine
6059,7.30,0.26,0.24,1.70,0.05,10.00,112.00,0.99,3.11,0.43,9.90,5,White Wine
3521,6.80,0.18,0.28,9.80,0.04,29.00,113.00,0.99,3.11,0.45,10.90,7,White Wine
389,6.10,0.15,0.29,6.20,0.05,39.00,151.00,0.99,3.60,0.44,10.60,6,White Wine
4743,6.00,0.54,0.06,1.80,0.05,38.00,89.00,0.99,3.30,0.50,10.55,6,Red Wine
338,8.30,0.71,0.15,1.80,0.09,10.00,52.00,1.00,3.23,0.77,9.50,5,Red Wine
6463,7.10,0.31,0.30,2.20,0.05,36.00,127.00,1.00,2.94,1.62,9.50,5,Red Wine
5216,8.60,0.31,0.30,0.90,0.04,16.00,109.00,0.99,2.95,0.39,10.10,5,White Wine
3633,8.40,0.17,0.31,5.40,0.05,47.00,150.00,1.00,3.24,0.38,9.80,5,White Wine
4916,7.70,0.60,0.06,2.00,0.08,19.00,41.00,1.00,3.39,0.62,10.10,6,Red Wine
4633,7.00,0.20,0.31,8.00,0.05,29.00,213.00,1.00,3.28,0.57,10.40,6,White Wine
1269,7.70,0.43,0.25,2.60,0.07,29.00,63.00,1.00,3.37,0.58,10.50,6,Red Wine
3031,8.00,0.32,0.26,1.20,0.05,11.50,88.00,0.99,3.24,0.37,9.50,4,White Wine
466,6.90,0.30,0.30,1.30,0.05,24.00,186.00,0.99,3.29,0.54,9.90,4,White Wine
961,6.70,0.33,0.49,1.60,0.17,20.00,94.00,0.99,3.11,0.50,11.40,6,White Wine
3362,7.60,0.31,0.49,13.40,0.06,50.00,191.00,1.00,3.22,0.53,9.00,4,White Wine
4993,6.80,0.26,0.44,8.20,0.05,52.00,183.00,1.00,3.20,0.51,9.40,5,White Wine
5869,10.30,0.59,0.42,2.80,0.09,35.00,73.00,1.00,3.28,0.70,9.50,6,Red Wine
6414,6.60,0.36,0.52,11.30,0.05,8.00,110.00,1.00,3.07,0.46,9.40,5,White Wine
4330,7.60,0.40,0.27,5.20,0.03,32.00,101.00,0.99,3.22,0.62,12.30,7,White Wine
1566,6.60,0.35,0.35,6.00,0.06,31.00,150.00,1.00,3.10,0.47,9.40,6,White Wine
2486,5.80,0.33,0.20,16.05,0.05,26.00,166.00,1.00,3.09,0.46,8.90,5,White Wine
92,5.40,0.24,0.18,2.30,0.05,22.00,145.00,0.99,3.24,0.46,10.30,5,White Wine
5717,6.20,0.27,0.32,8.80,0.05,65.00,224.00,1.00,3.17,0.47,8.90,5,White Wine
6359,11.90,0.58,0.58,1.90,0.07,5.00,18.00,1.00,3.09,0.63,10.00,6,Red Wine
1445,7.40,0.19,0.49,6.70,0.04,15.00,110.00,0.99,3.20,0.38,11.00,7,White Wine
4205,7.00,0.29,0.49,3.80,0.05,37.00,136.00,0.99,2.95,0.40,9.40,6,White Wine
1704,6.70,0.31,0.32,14.50,0.04,6.00,79.00,0.99,3.14,0.34,12.50,5,White Wine
3561,7.20,0.21,0.35,14.50,0.05,35.00,178.00,1.00,3.05,0.47,8.90,6,White Wine
6454,8.00,0.33,0.35,10.00,0.04,22.00,108.00,0.99,3.12,0.36,11.60,6,White Wine
5569,5.70,0.22,0.20,16.00,0.04,41.00,113.00,1.00,3.22,0.46,8.90,6,White Wine
4154,6.20,0.23,0.38,1.60,0.04,12.00,113.00,0.99,3.30,0.73,11.40,5,White Wine
4972,8.40,0.74,0.11,1.90,0.09,16.00,63.00,1.00,3.19,0.82,9.60,5,Red Wine
305,5.60,0.18,0.49,1.10,0.03,28.00,117.00,0.99,3.55,0.45,10.30,6,White Wine
1113,6.60,0.32,0.26,7.70,0.05,56.00,209.00,1.00,3.17,0.45,8.80,5,White Wine
3001,7.60,0.18,0.36,2.40,0.05,38.00,123.00,1.00,3.60,0.46,10.30,5,White Wine
3048,6.20,0.25,0.54,7.00,0.05,58.00,176.00,0.99,3.19,0.70,10.40,5,White Wine
4345,7.30,0.26,0.30,9.30,0.05,35.00,154.00,1.00,3.21,0.50,10.40,6,White Wine
2906,5.50,0.28,0.21,1.60,0.03,23.00,85.00,0.99,3.42,0.42,12.50,5,White Wine
3196,6.00,0.64,0.05,1.90,0.07,9.00,17.00,0.99,3.52,0.78,10.60,5,Red Wine
6401,6.50,0.32,0.12,11.50,0.03,35.00,165.00,1.00,3.22,0.32,9.00,5,White Wine
5600,9.00,0.27,0.35,4.90,0.03,27.00,95.00,0.99,3.04,0.40,11.30,6,White Wine
6315,6.40,0.22,0.34,1.40,0.02,56.00,115.00,0.99,3.18,0.70,11.70,6,White Wine
2743,6.80,0.77,0.00,1.80,0.07,34.00,52.00,1.00,3.62,0.68,9.90,5,Red Wine
838,8.30,0.27,0.34,10.20,0.05,50.00,118.00,1.00,3.18,0.51,10.30,5,White Wine
5388,5.00,1.02,0.04,1.40,0.04,41.00,85.00,0.99,3.75,0.48,10.50,4,Red Wine
1396,7.90,0.34,0.36,1.90,0.07,5.00,10.00,0.99,3.27,0.54,11.20,7,Red Wine
935,6.80,0.21,0.36,18.10,0.05,32.00,133.00,1.00,3.27,0.48,8.80,5,White Wine
998,6.60,0.29,0.24,1.60,0.04,29.00,140.00,0.99,3.35,0.61,10.40,7,White Wine
5278,6.80,0.26,0.24,7.80,0.05,54.00,214.00,1.00,3.13,0.47,8.90,5,White Wine
2281,6.90,0.15,0.28,4.40,0.03,14.00,107.00,0.99,3.24,0.46,10.40,8,White Wine
4518,15.50,0.65,0.49,4.20,0.10,10.00,23.00,1.00,2.92,0.74,11.10,5,Red Wine
5383,6.60,0.28,0.30,12.90,0.03,31.00,177.00,0.99,3.12,0.39,11.20,6,White Wine
6221,6.90,0.52,0.25,2.60,0.08,10.00,37.00,1.00,3.46,0.50,11.00,5,Red Wine
1300,7.50,0.27,0.36,7.00,0.04,45.00,164.00,0.99,3.03,0.33,11.00,5,White Wine
477,6.90,0.57,0.00,2.80,0.08,21.00,41.00,1.00,3.41,0.52,10.80,5,Red Wine
288,8.20,0.18,0.38,1.10,0.04,41.00,92.00,0.99,2.88,0.60,12.00,6,White Wine
2487,7.50,0.25,0.47,4.10,0.04,95.00,163.00,0.99,2.92,0.59,11.30,6,White Wine
3475,6.50,0.34,0.28,1.80,0.04,43.00,188.00,0.99,3.13,0.37,9.60,6,White Wine
6124,6.10,0.19,0.37,2.60,0.04,24.00,99.00,0.99,3.18,0.50,10.90,6,White Wine
3052,6.60,0.30,0.74,4.60,0.04,36.00,159.00,0.99,3.21,0.45,9.90,5,White Wine
3606,6.30,0.25,0.23,14.90,0.04,47.00,142.00,1.00,3.14,0.35,9.70,6,White Wine
86,7.00,0.26,0.59,1.40,0.04,40.00,120.00,0.99,3.34,0.41,11.10,7,White Wine
6373,6.50,0.32,0.48,8.00,0.03,18.00,88.00,0.99,3.22,0.79,12.70,4,White Wine
950,7.40,0.64,0.17,5.40,0.17,52.00,98.00,1.00,3.28,0.50,9.50,5,Red Wine
1062,6.10,0.28,0.24,19.95,0.07,32.00,174.00,1.00,3.19,0.44,9.30,6,White Wine
5084,6.20,0.29,0.23,12.40,0.05,33.00,201.00,1.00,3.11,0.56,9.90,6,White Wine
688,7.80,0.60,0.26,2.00,0.08,31.00,131.00,1.00,3.21,0.52,9.90,5,Red Wine
4514,5.70,0.33,0.32,1.40,0.04,28.00,93.00,0.99,3.31,0.50,12.30,6,White Wine
1729,7.50,0.27,0.79,11.95,0.04,51.00,159.00,1.00,2.98,0.44,8.70,5,White Wine
3254,6.10,0.25,0.24,12.10,0.05,51.00,172.00,1.00,3.35,0.45,9.50,5,White Wine
2925,7.30,0.28,0.54,12.90,0.05,62.00,162.50,1.00,3.06,0.45,9.10,6,White Wine
145,6.50,0.53,0.06,2.00,0.06,29.00,44.00,0.99,3.38,0.83,10.30,6,Red Wine
2338,6.00,0.24,0.27,1.90,0.05,40.00,170.00,0.99,3.64,0.54,10.00,7,White Wine
4113,7.30,0.28,0.54,12.90,0.05,62.00,162.50,1.00,3.06,0.45,9.10,6,White Wine
3871,6.30,0.30,0.19,7.70,0.05,47.00,184.00,1.00,3.22,0.48,9.50,5,White Wine
1557,7.10,0.20,0.37,1.50,0.05,28.00,129.00,0.99,3.15,0.52,10.80,5,White Wine
4322,7.40,0.19,0.30,12.80,0.05,48.50,229.00,1.00,3.14,0.49,9.10,7,White Wine
943,6.70,0.10,0.32,12.40,0.05,34.00,106.00,1.00,3.54,0.45,9.20,6,White Wine
1190,7.40,0.26,0.31,7.60,0.05,52.00,177.00,1.00,3.13,0.45,8.90,6,White Wine
3903,7.40,0.20,0.35,2.10,0.04,30.00,116.00,0.99,3.49,0.77,10.30,7,White Wine
4956,8.20,0.43,0.29,1.60,0.08,27.00,45.00,1.00,3.25,0.54,10.30,5,Red Wine
2810,6.50,0.43,0.28,12.00,0.06,23.00,174.00,1.00,3.31,0.55,9.30,5,White Wine
1860,6.50,0.18,0.48,18.00,0.05,56.00,183.00,1.00,2.98,0.61,8.50,6,White Wine
4675,7.20,0.19,0.31,6.30,0.03,17.00,103.00,0.99,3.15,0.52,11.40,7,White Wine
2069,8.00,0.22,0.31,5.60,0.05,24.00,97.00,0.99,3.10,0.42,10.90,5,White Wine
3385,6.50,0.30,0.39,7.80,0.04,61.00,219.00,1.00,3.19,0.50,9.40,5,White Wine
5082,6.40,0.22,0.49,7.50,0.05,42.00,151.00,0.99,3.27,0.52,10.10,6,White Wine
2370,7.30,0.19,0.49,15.55,0.06,50.00,134.00,1.00,3.42,0.36,9.10,7,White Wine
3804,8.00,0.42,0.36,5.00,0.04,34.00,101.00,0.99,3.13,0.57,12.30,7,White Wine
1056,6.60,0.23,0.20,11.40,0.04,45.00,131.00,1.00,2.96,0.51,9.70,6,White Wine
4325,6.70,0.23,0.31,2.10,0.05,30.00,96.00,0.99,3.33,0.64,10.70,8,White Wine
1697,6.60,0.22,0.28,12.05,0.06,25.00,125.00,1.00,3.45,0.45,9.40,5,White Wine
1251,10.80,0.26,0.45,3.30,0.06,20.00,49.00,1.00,3.13,0.54,9.60,5,Red Wine
1639,8.70,0.62,0.16,2.00,0.10,13.00,49.00,1.00,3.14,0.57,11.00,5,Red Wine
5001,7.30,0.24,0.43,2.00,0.02,20.00,69.00,0.99,3.08,0.56,12.20,6,White Wine
6060,7.20,0.19,0.46,3.80,0.04,82.00,187.00,0.99,3.19,0.60,11.20,7,White Wine
6262,6.10,0.41,0.04,1.30,0.04,23.00,121.00,0.99,3.24,0.61,9.90,6,White Wine
4229,6.40,0.15,0.31,1.10,0.04,25.00,96.00,0.99,3.54,0.51,10.30,6,White Wine
4292,7.20,0.19,0.31,6.30,0.03,17.00,103.00,0.99,3.15,0.52,11.40,7,White Wine
2034,6.30,0.41,0.33,4.70,0.02,28.00,110.00,0.99,3.30,0.38,12.50,7,White Wine
2807,11.10,0.35,0.48,3.10,0.09,5.00,21.00,1.00,3.17,0.53,10.50,5,Red Wine
11,6.80,0.11,0.27,8.60,0.04,45.00,104.00,0.99,3.20,0.37,9.90,6,White Wine
5478,6.60,0.39,0.39,11.90,0.06,51.00,221.00,1.00,3.26,0.51,8.90,6,White Wine
566,7.20,0.24,0.29,3.00,0.04,17.00,117.00,0.99,3.36,0.68,10.10,6,White Wine
4683,6.90,0.58,0.01,1.90,0.08,40.00,54.00,1.00,3.40,0.73,9.70,5,Red Wine
503,6.80,0.28,0.17,13.90,0.05,49.00,162.00,1.00,3.21,0.51,9.00,6,White Wine
1991,7.20,0.20,0.36,2.50,0.03,22.00,157.00,0.99,3.48,0.49,10.60,6,White Wine
5234,5.90,0.33,0.32,8.10,0.04,9.00,34.00,0.99,3.22,0.36,12.70,7,White Wine
1144,6.10,0.27,0.31,3.90,0.03,42.00,137.00,0.99,3.24,0.46,10.90,6,White Wine
3442,12.30,0.50,0.49,2.20,0.09,5.00,14.00,1.00,3.19,0.44,9.60,5,Red Wine
4686,6.20,0.27,0.32,6.30,0.05,47.00,159.00,0.99,3.21,0.60,11.00,6,White Wine
3512,6.80,0.26,0.44,8.20,0.05,52.00,183.00,1.00,3.20,0.51,9.40,5,White Wine
589,7.00,0.22,0.26,9.20,0.03,37.00,122.00,0.99,3.06,0.34,12.50,8,White Wine
4664,7.60,0.36,0.49,11.30,0.05,87.00,221.00,1.00,3.01,0.43,9.20,5,White Wine
2415,6.70,0.23,0.17,1.30,0.06,14.00,100.00,0.99,3.07,0.55,9.50,5,White Wine
3076,6.80,0.25,0.18,1.40,0.06,13.00,137.00,0.99,3.11,0.42,9.50,5,White Wine
934,7.20,0.19,0.39,1.20,0.04,32.00,85.00,0.99,3.16,0.50,10.50,5,White Wine
1907,10.00,0.20,0.39,1.40,0.05,19.00,152.00,0.99,3.00,0.42,10.40,6,White Wine
4928,7.20,0.24,0.30,1.20,0.04,11.00,95.00,0.99,2.96,0.36,12.50,6,White Wine
323,8.00,0.59,0.05,2.00,0.09,12.00,32.00,1.00,3.36,0.61,10.00,5,Red Wine
3141,6.70,0.15,0.29,5.00,0.06,28.00,105.00,0.99,3.52,0.44,10.20,7,White Wine
61,6.10,0.70,0.10,2.80,0.08,13.00,28.00,1.00,3.60,0.66,10.20,5,Red Wine
6439,5.60,0.61,0.00,1.60,0.09,16.00,59.00,0.99,3.58,0.52,9.90,5,Red Wine
5435,7.70,0.28,0.35,15.30,0.06,31.00,117.00,1.00,3.27,0.50,9.60,5,White Wine
473,7.50,0.24,0.31,13.00,0.05,46.00,217.00,1.00,3.08,0.53,8.80,5,White Wine
4062,6.80,0.39,0.35,11.60,0.04,57.00,220.00,1.00,3.07,0.53,9.30,5,White Wine
4385,8.20,0.35,0.33,2.40,0.08,11.00,47.00,1.00,3.27,0.81,11.00,6,Red Wine
4788,6.70,0.48,0.49,2.90,0.03,28.00,122.00,0.99,3.13,0.40,13.00,6,White Wine
4784,6.80,0.21,0.37,7.00,0.04,27.00,107.00,0.99,2.98,0.82,11.50,6,White Wine
2466,6.60,0.58,0.02,2.00,0.06,37.00,53.00,0.99,3.35,0.76,11.60,7,Red Wine
5748,13.30,0.29,0.75,2.80,0.08,23.00,43.00,1.00,3.04,0.68,11.40,7,Red Wine
946,7.50,0.32,0.26,1.80,0.04,13.00,133.00,0.99,3.07,0.38,9.50,5,White Wine
5751,6.90,0.28,0.30,8.30,0.03,37.00,113.00,0.99,2.99,0.38,12.30,8,White Wine
3033,7.50,0.26,0.31,1.60,0.03,36.00,109.00,0.99,2.97,0.43,11.90,6,White Wine
4487,7.60,0.38,0.28,4.20,0.03,7.00,112.00,0.99,3.00,0.41,12.60,6,White Wine
516,6.10,0.32,0.25,2.30,0.07,23.00,58.00,1.00,3.42,0.97,10.60,5,Red Wine
5060,8.00,0.72,0.24,2.80,0.08,10.00,62.00,1.00,3.35,0.56,10.00,6,Red Wine
3786,8.50,0.15,0.49,1.50,0.03,17.00,122.00,0.99,3.03,0.40,10.30,6,White Wine
3040,9.40,0.24,0.33,2.30,0.06,52.00,73.00,1.00,3.47,0.90,10.20,6,Red Wine
4188,7.60,0.15,0.40,1.30,0.04,24.00,112.00,0.99,3.14,0.76,10.00,5,White Wine
3095,7.50,0.33,0.39,12.40,0.07,29.00,119.00,1.00,3.16,0.39,9.40,5,White Wine
6077,7.00,0.24,0.36,2.80,0.03,22.00,112.00,0.99,3.19,0.38,12.60,8,White Wine
5959,7.70,0.28,0.29,4.30,0.05,25.00,142.00,0.99,3.16,0.39,10.20,5,White Wine
149,10.40,0.44,0.73,6.55,0.07,38.00,76.00,1.00,3.17,0.85,12.00,7,Red Wine
590,6.80,0.32,0.32,8.70,0.03,31.00,105.00,0.99,3.00,0.34,12.30,7,White Wine
5455,7.60,0.19,0.32,18.75,0.05,32.00,193.00,1.00,3.10,0.50,9.30,7,White Wine
3562,7.70,0.26,0.26,2.00,0.05,19.00,77.00,1.00,3.15,0.79,10.90,6,Red Wine
5698,6.50,0.37,0.30,2.20,0.03,39.00,107.00,0.99,3.22,0.53,13.50,7,White Wine
4880,7.00,0.57,0.10,8.30,0.09,23.00,188.00,1.00,3.40,0.47,9.20,4,White Wine
3064,7.00,0.26,0.26,10.80,0.04,37.00,184.00,1.00,3.47,0.58,10.30,7,White Wine
331,6.70,0.30,0.29,2.80,0.03,37.00,107.00,0.99,3.31,0.63,11.30,7,White Wine
4067,6.30,0.18,0.22,5.60,0.05,45.00,147.00,0.99,3.09,0.54,10.00,5,White Wine
5449,5.90,0.46,0.14,2.70,0.04,27.00,160.00,0.99,3.46,0.51,10.60,7,White Wine
2324,7.10,0.66,0.00,2.40,0.05,6.00,11.00,0.99,3.35,0.66,12.70,7,Red Wine
3438,6.20,0.21,0.26,13.10,0.05,59.00,150.00,1.00,3.31,0.46,9.00,5,White Wine
3008,7.70,0.31,0.36,4.30,0.03,15.00,87.00,0.99,3.11,0.48,12.00,5,White Wine
879,7.50,0.60,0.03,1.80,0.10,25.00,99.00,0.99,3.35,0.54,10.10,5,Red Wine
3405,9.80,0.98,0.32,2.30,0.08,35.00,152.00,1.00,3.25,0.48,9.40,5,Red Wine
905,7.20,0.20,0.28,1.60,0.03,13.00,168.00,0.99,3.17,1.06,11.50,6,White Wine
2794,10.10,0.27,0.54,2.30,0.07,7.00,26.00,1.00,3.17,0.53,12.50,6,Red Wine
3210,8.80,0.64,0.17,2.90,0.08,25.00,130.00,1.00,3.23,0.54,9.60,5,Red Wine
4465,9.20,0.54,0.31,2.30,0.11,11.00,38.00,1.00,3.24,0.56,10.90,5,Red Wine
615,5.80,0.34,0.16,7.00,0.04,26.00,116.00,0.99,3.46,0.45,10.00,7,White Wine
2594,7.00,0.22,0.26,9.20,0.03,37.00,122.00,0.99,3.06,0.34,12.50,8,White Wine
1324,5.90,0.61,0.08,2.10,0.07,16.00,24.00,0.99,3.56,0.77,11.10,6,Red Wine
618,7.40,0.16,0.27,15.50,0.05,25.00,135.00,1.00,2.90,0.43,8.70,7,White Wine
1992,7.30,0.26,0.49,5.00,0.03,32.00,107.00,0.99,3.24,0.54,10.80,6,White Wine
5376,7.20,0.24,0.30,1.60,0.05,27.00,131.00,0.99,3.25,0.45,10.50,5,White Wine
4010,5.60,0.42,0.34,2.40,0.02,34.00,97.00,0.99,3.22,0.38,12.80,7,White Wine
853,7.20,0.22,0.28,7.20,0.06,41.00,132.00,0.99,3.08,0.59,11.30,6,White Wine
1793,6.00,0.34,0.66,15.90,0.05,26.00,164.00,1.00,3.14,0.50,8.80,6,White Wine
1530,7.10,0.26,0.34,14.40,0.07,35.00,189.00,1.00,3.07,0.53,9.10,7,White Wine
3548,5.80,0.36,0.38,0.90,0.04,3.00,75.00,0.99,3.28,0.34,11.40,4,White Wine
2842,6.50,0.24,0.39,17.30,0.05,22.00,126.00,1.00,3.11,0.47,9.20,6,White Wine
3892,4.80,0.17,0.28,2.90,0.03,22.00,111.00,0.99,3.38,0.34,11.30,7,White Wine
3179,5.60,0.35,0.40,6.30,0.02,23.00,174.00,0.99,3.54,0.50,11.60,7,White Wine
3229,6.30,0.32,0.32,1.50,0.04,12.00,76.00,0.99,3.30,0.46,12.30,6,White Wine
1230,7.20,0.39,0.63,11.00,0.04,55.00,156.00,1.00,3.09,0.44,8.70,6,White Wine
2575,6.70,0.46,0.24,1.70,0.08,18.00,34.00,0.99,3.39,0.60,10.60,6,Red Wine
672,10.90,0.32,0.52,1.80,0.13,17.00,44.00,1.00,3.28,0.77,11.50,6,Red Wine
3177,6.30,0.41,0.18,3.50,0.03,23.00,109.00,0.99,3.34,0.54,12.80,8,White Wine
4783,7.10,0.26,0.34,14.40,0.07,35.00,189.00,1.00,3.07,0.53,9.10,7,White Wine
1522,7.20,0.24,0.34,1.10,0.04,3.00,64.00,0.99,3.23,0.51,11.40,5,White Wine
2974,6.30,0.30,0.22,16.00,0.06,26.00,141.00,1.00,3.08,0.50,9.10,5,White Wine
6209,6.50,0.30,0.27,4.00,0.04,37.00,97.00,0.99,3.20,0.60,12.60,8,White Wine
3693,9.10,0.30,0.34,2.00,0.06,12.00,25.00,1.00,3.26,0.84,11.70,7,Red Wine
3321,12.60,0.39,0.49,2.50,0.08,8.00,20.00,1.00,3.07,0.82,10.30,6,Red Wine
5169,9.80,0.36,0.45,1.60,0.04,11.00,124.00,0.99,2.93,0.46,10.80,5,White Wine
2651,6.90,0.25,0.35,1.30,0.04,29.00,191.00,0.99,3.13,0.52,11.00,6,White Wine
1503,7.30,0.21,0.21,1.60,0.05,35.00,133.00,0.99,3.38,0.46,10.00,6,White Wine
5246,8.30,0.22,0.38,14.80,0.05,32.00,126.00,1.00,3.22,0.50,9.70,5,White Wine
6280,7.30,0.21,0.30,10.90,0.04,18.00,112.00,1.00,3.40,0.50,9.60,6,White Wine
3111,7.10,0.23,0.30,2.60,0.03,62.00,148.00,0.99,3.03,0.56,11.30,7,White Wine
3917,8.00,0.45,0.28,10.80,0.05,25.00,157.00,1.00,3.06,0.47,11.40,7,White Wine
857,6.40,0.23,0.30,7.10,0.04,63.00,236.00,1.00,3.06,0.34,9.20,6,White Wine
5592,5.60,0.66,0.00,2.50,0.07,7.00,15.00,0.99,3.52,0.58,12.90,5,Red Wine
2896,6.90,0.25,0.26,5.20,0.02,36.00,135.00,0.99,3.16,0.72,10.70,7,White Wine
1404,7.20,0.23,0.39,14.20,0.06,49.00,192.00,1.00,2.98,0.48,9.00,7,White Wine
2878,7.40,0.28,0.42,19.80,0.07,53.00,195.00,1.00,2.96,0.44,9.10,5,White Wine
3915,8.00,0.37,0.32,1.60,0.04,32.00,166.00,0.99,3.00,0.55,11.30,7,White Wine
5991,6.50,0.30,0.28,11.45,0.04,29.00,109.00,0.99,2.98,0.30,10.90,6,White Wine
5734,7.70,0.49,0.26,1.90,0.06,9.00,31.00,1.00,3.39,0.64,9.60,5,Red Wine
4056,6.50,0.36,0.16,1.30,0.05,11.00,107.00,0.99,3.19,0.39,8.50,5,White Wine
767,9.10,0.36,0.39,1.80,0.06,21.00,55.00,0.99,3.18,0.82,11.00,7,Red Wine
3491,6.50,0.29,0.32,3.00,0.04,38.00,93.00,0.99,3.16,0.59,12.00,6,White Wine
5671,6.90,0.18,0.38,8.10,0.05,44.00,176.00,1.00,3.30,0.54,9.80,6,White Wine
421,7.10,0.17,0.38,7.40,0.05,49.00,182.00,1.00,3.35,0.52,9.60,6,White Wine
5626,7.50,0.14,0.34,1.30,0.06,50.00,153.00,0.99,3.29,0.80,9.60,6,White Wine
3496,7.70,0.30,0.42,14.30,0.04,45.00,213.00,1.00,3.18,0.63,9.20,5,White Wine
3555,6.60,0.43,0.24,11.90,0.04,54.00,159.00,1.00,3.14,0.54,9.80,6,White Wine
4619,7.80,0.32,0.33,10.40,0.03,47.00,194.00,1.00,3.07,0.58,9.60,6,White Wine
3582,9.60,0.60,0.50,2.30,0.08,28.00,71.00,1.00,3.50,0.57,9.70,5,Red Wine
5260,6.20,0.20,0.25,15.00,0.06,8.00,120.00,1.00,3.19,0.53,9.60,6,White Wine
5984,7.90,0.51,0.36,6.20,0.05,30.00,173.00,1.00,3.09,0.53,9.70,5,White Wine
2816,8.30,0.28,0.48,2.10,0.09,6.00,12.00,0.99,3.26,0.62,12.40,7,Red Wine
4662,6.40,0.40,0.25,4.20,0.03,15.00,91.00,0.99,3.26,0.52,13.10,6,White Wine
5174,6.40,0.29,0.57,1.00,0.06,15.00,120.00,0.99,3.06,0.41,9.50,5,White Wine
1879,7.10,0.67,0.00,2.30,0.08,18.00,27.00,1.00,3.44,0.54,9.40,5,Red Wine
1723,5.90,0.65,0.23,5.00,0.04,20.00,128.00,0.99,3.46,0.48,12.80,6,White Wine
482,5.90,0.22,0.18,6.40,0.04,28.00,120.00,0.99,3.27,0.50,9.90,5,White Wine
5901,7.00,0.69,0.00,1.90,0.07,40.00,63.00,1.00,3.60,0.81,9.90,5,Red Wine
5150,7.90,0.33,0.23,1.70,0.08,18.00,45.00,1.00,3.29,0.65,9.30,5,Red Wine
663,7.60,0.29,0.58,17.50,0.04,51.00,225.00,1.00,3.16,0.66,9.50,6,White Wine
2979,7.10,0.23,0.28,1.90,0.05,33.00,103.00,0.99,3.12,0.31,12.00,5,White Wine
929,5.80,0.32,0.28,4.30,0.03,46.00,115.00,0.99,3.16,0.57,13.00,8,White Wine
2072,6.90,0.54,0.04,3.00,0.08,7.00,27.00,1.00,3.69,0.91,9.40,6,Red Wine
358,9.30,0.37,0.44,1.60,0.04,21.00,42.00,1.00,3.24,0.81,10.80,7,Red Wine
4553,7.00,0.57,0.00,2.00,0.19,12.00,45.00,1.00,3.31,0.60,9.40,6,Red Wine
1757,7.30,0.14,0.33,1.10,0.04,14.00,64.00,0.99,3.10,0.37,11.80,7,White Wine
5360,7.00,0.25,0.32,9.00,0.05,56.00,245.00,1.00,3.25,0.50,10.40,6,White Wine
2992,7.90,0.34,0.42,2.00,0.09,8.00,19.00,1.00,3.35,0.60,11.40,6,Red Wine
2969,6.00,0.21,0.34,2.00,0.04,63.00,123.00,0.99,3.44,0.42,11.40,6,White Wine
5870,8.30,0.60,0.25,2.20,0.12,9.00,38.00,1.00,3.15,0.53,9.80,5,Red Wine
3145,6.00,0.58,0.20,2.40,0.07,15.00,50.00,0.99,3.58,0.67,12.50,6,Red Wine
6372,5.10,0.23,0.18,1.00,0.05,13.00,99.00,0.99,3.22,0.39,11.50,5,White Wine
3567,7.00,0.57,0.02,2.00,0.07,17.00,26.00,1.00,3.36,0.61,10.20,5,Red Wine
1423,7.40,0.27,0.26,11.80,0.05,55.00,173.00,1.00,3.11,0.60,9.80,5,White Wine
4802,6.90,0.25,0.30,4.10,0.05,23.00,116.00,0.99,2.99,0.38,9.40,6,White Wine
5791,6.40,0.33,0.24,9.80,0.04,29.00,109.00,1.00,3.29,0.47,10.10,6,White Wine
4137,7.00,0.12,0.19,4.90,0.06,27.00,127.00,1.00,3.29,0.41,9.40,5,White Wine
5583,7.50,0.31,0.51,14.80,0.04,62.00,204.00,1.00,3.06,0.60,9.50,5,White Wine
2844,7.20,0.15,0.39,1.80,0.04,21.00,159.00,0.99,3.52,0.47,10.00,5,White Wine
182,6.90,0.18,0.38,6.50,0.04,20.00,110.00,0.99,3.10,0.42,10.50,5,White Wine
1844,6.40,0.18,0.48,4.00,0.19,64.00,150.00,0.99,3.06,0.40,9.30,5,White Wine
5880,9.00,0.38,0.53,2.10,0.10,19.00,76.00,0.99,2.93,0.57,12.90,5,White Wine
1439,12.30,0.50,0.49,2.20,0.09,5.00,14.00,1.00,3.19,0.44,9.60,5,Red Wine
5244,6.20,0.32,0.32,2.20,0.04,15.00,70.00,0.99,3.16,0.48,12.70,6,White Wine
4932,10.10,0.45,0.23,1.90,0.08,10.00,18.00,1.00,3.22,0.65,9.30,6,Red Wine
2624,8.70,0.69,0.31,3.00,0.09,23.00,81.00,1.00,3.48,0.74,11.60,6,Red Wine
3985,6.80,0.19,0.33,4.90,0.05,42.00,130.00,0.99,3.12,0.56,11.00,6,White Wine
6342,6.40,0.32,0.26,7.90,0.05,53.00,180.00,1.00,3.14,0.50,9.60,5,White Wine
6112,8.30,0.18,0.30,1.10,0.03,20.00,57.00,0.99,3.02,0.51,11.00,6,White Wine
5328,6.80,0.23,0.30,6.95,0.04,42.00,179.00,0.99,3.25,0.56,10.60,6,White Wine
3970,9.80,0.45,0.38,2.50,0.08,34.00,66.00,1.00,3.15,0.58,9.80,5,Red Wine
3578,6.90,0.40,0.17,12.90,0.03,59.00,186.00,1.00,3.08,0.49,9.40,5,White Wine
3495,7.20,0.65,0.00,1.90,0.10,15.00,39.00,1.00,3.37,0.58,9.20,6,Red Wine
5117,7.80,0.50,0.09,2.20,0.12,10.00,42.00,1.00,3.18,0.62,9.50,5,Red Wine
1271,6.40,0.59,0.14,5.20,0.06,15.00,97.00,1.00,3.38,0.36,9.00,4,White Wine
4224,5.70,0.29,0.16,7.90,0.04,48.00,197.00,1.00,3.21,0.36,9.40,5,White Wine
5707,7.60,0.20,0.36,1.90,0.04,24.00,111.00,0.99,3.29,0.54,11.30,6,White Wine
5172,6.40,0.25,0.41,8.60,0.04,57.00,173.00,1.00,3.00,0.44,9.10,5,White Wine
5329,5.80,0.24,0.44,3.50,0.03,5.00,109.00,0.99,3.53,0.43,11.70,3,White Wine
1385,7.50,0.40,0.12,3.00,0.09,29.00,53.00,1.00,3.37,0.70,10.30,6,Red Wine
2084,7.30,0.24,0.39,17.95,0.06,45.00,149.00,1.00,3.21,0.36,8.60,5,White Wine
1412,7.10,0.25,0.31,2.30,0.05,32.00,156.00,0.99,3.14,0.51,11.40,6,White Wine
1787,11.20,0.66,0.24,2.50,0.09,16.00,53.00,1.00,3.06,0.72,11.00,6,Red Wine
1009,12.50,0.28,0.54,2.30,0.08,12.00,29.00,1.00,3.11,1.36,9.80,7,Red Wine
4286,6.30,0.17,0.23,5.70,0.05,44.00,147.00,0.99,3.08,0.54,10.00,5,White Wine
4781,6.80,0.27,0.26,16.10,0.05,55.00,196.00,1.00,3.15,0.50,9.30,5,White Wine
2507,7.10,0.59,0.00,2.10,0.09,9.00,14.00,0.99,3.42,0.55,11.50,7,Red Wine
1834,7.00,0.35,0.31,1.80,0.07,15.00,162.00,0.99,3.18,0.47,9.40,5,White Wine
897,6.60,0.31,0.49,7.70,0.05,52.00,220.00,1.00,3.12,0.45,8.80,5,White Wine
4844,7.60,0.48,0.33,7.00,0.02,14.00,130.00,0.99,3.25,0.45,12.50,7,White Wine
1199,6.00,0.29,0.25,1.40,0.03,30.00,114.00,0.99,3.08,0.43,13.20,6,White Wine
3746,6.90,0.24,0.35,1.00,0.05,35.00,146.00,0.99,3.45,0.44,10.00,6,White Wine
3370,7.10,0.26,0.19,8.20,0.05,53.00,187.00,1.00,3.16,0.52,9.70,5,White Wine
5418,6.60,0.31,0.28,1.40,0.04,28.00,107.00,0.99,3.00,0.40,13.20,6,White Wine
426,5.80,0.36,0.26,3.30,0.04,40.00,153.00,0.99,3.34,0.55,11.30,6,White Wine
3836,6.80,0.56,0.03,1.70,0.08,18.00,35.00,1.00,3.44,0.63,10.00,6,Red Wine
5864,5.40,0.20,0.16,12.55,0.05,31.00,115.00,1.00,3.40,0.38,10.80,6,White Wine
5968,6.70,0.13,0.29,5.30,0.05,31.00,122.00,0.99,3.44,0.37,9.70,6,White Wine
5695,7.60,0.30,0.27,10.60,0.04,31.00,119.00,1.00,3.27,0.30,9.30,6,White Wine
1068,7.90,0.19,0.26,2.10,0.04,8.00,143.00,0.99,3.05,0.74,9.80,5,White Wine
6040,7.80,0.65,0.00,5.50,0.09,5.00,18.00,1.00,3.40,0.55,9.60,6,Red Wine
6093,10.80,0.45,0.33,2.50,0.10,20.00,38.00,1.00,3.24,0.71,10.80,5,Red Wine
5511,6.40,0.34,0.44,8.20,0.04,54.00,201.00,1.00,3.18,0.48,9.50,5,White Wine
3283,6.80,0.67,0.30,13.00,0.29,22.00,193.00,1.00,3.08,0.67,9.00,4,White Wine
6371,8.70,0.24,0.35,0.60,0.04,11.00,71.00,0.99,3.08,0.38,10.60,5,White Wine
4405,7.00,0.65,0.02,2.10,0.07,8.00,25.00,1.00,3.47,0.67,9.50,6,Red Wine
501,6.90,0.33,0.62,7.50,0.04,46.00,132.00,0.99,3.23,0.43,13.40,7,White Wine
724,9.80,0.44,0.40,2.80,0.04,35.00,167.00,1.00,2.97,0.39,9.20,5,White Wine
3592,8.80,0.30,0.38,2.30,0.06,19.00,72.00,1.00,3.39,0.72,11.80,6,Red Wine
809,6.70,0.40,0.22,8.80,0.05,24.00,113.00,1.00,3.22,0.45,9.40,5,White Wine
3325,5.90,0.18,0.28,1.00,0.04,24.00,88.00,0.99,3.29,0.55,10.65,7,White Wine
712,7.50,0.23,0.32,9.20,0.04,54.00,191.00,1.00,3.04,0.56,9.70,6,White Wine
1780,7.30,0.21,0.33,1.00,0.04,66.00,144.00,0.99,3.11,0.52,10.20,6,White Wine
248,8.00,0.16,0.36,1.50,0.03,14.00,122.00,0.99,3.20,0.39,10.30,4,White Wine
4408,6.00,0.26,0.18,7.00,0.06,50.00,194.00,1.00,3.21,0.43,9.00,5,White Wine
4181,10.80,0.40,0.41,2.20,0.08,7.00,17.00,1.00,3.08,0.67,9.30,6,Red Wine
3755,8.00,0.18,0.37,1.30,0.04,15.00,96.00,0.99,3.06,0.61,12.10,6,White Wine
5472,6.30,0.55,0.45,13.00,0.05,33.00,182.00,1.00,3.20,0.46,9.20,6,White Wine
3579,8.90,0.13,0.49,1.00,0.03,6.00,24.00,0.99,2.91,0.32,9.90,5,White Wine
1366,7.10,0.32,0.40,1.50,0.03,13.00,84.00,0.99,3.42,0.60,10.40,5,White Wine
2409,9.90,0.40,0.53,6.70,0.10,6.00,19.00,1.00,3.27,0.82,11.70,7,Red Wine
5291,6.80,0.18,0.35,5.40,0.05,53.00,143.00,0.99,3.10,0.54,11.00,7,White Wine
5856,4.90,0.23,0.27,11.75,0.03,34.00,118.00,1.00,3.07,0.50,9.40,6,White Wine
3823,7.20,0.62,0.06,2.50,0.08,17.00,84.00,1.00,3.51,0.53,9.70,5,Red Wine
2523,6.20,0.27,0.49,1.40,0.05,20.00,74.00,0.99,3.32,0.44,9.80,6,White Wine
5483,6.60,0.13,0.29,13.90,0.06,33.00,95.00,1.00,3.17,0.39,9.40,6,White Wine
5223,8.00,0.22,0.32,10.40,0.04,63.00,201.00,1.00,3.11,0.53,9.50,6,White Wine
2809,8.70,0.48,0.30,2.80,0.07,10.00,28.00,1.00,3.33,0.67,11.20,7,Red Wine
1999,5.70,0.44,0.13,7.00,0.03,28.00,173.00,0.99,3.33,0.48,12.50,6,White Wine
2477,8.00,0.42,0.17,2.00,0.07,6.00,18.00,1.00,3.29,0.61,9.20,6,Red Wine
1256,7.90,0.64,0.46,10.60,0.24,33.00,227.00,1.00,2.87,0.74,9.10,3,White Wine
6008,5.20,0.16,0.34,0.80,0.03,26.00,77.00,0.99,3.25,0.51,10.10,6,White Wine
1077,8.20,1.00,0.09,2.30,0.07,7.00,37.00,1.00,3.32,0.55,9.00,6,Red Wine
706,7.20,0.41,0.30,2.10,0.08,35.00,72.00,1.00,3.44,0.52,9.40,5,Red Wine
5524,7.10,0.68,0.07,1.90,0.07,16.00,51.00,1.00,3.38,0.52,9.50,5,Red Wine
4077,9.00,0.79,0.24,1.70,0.08,10.00,21.00,1.00,3.29,0.67,10.00,5,Red Wine
4504,7.40,1.19,0.00,4.25,0.10,5.00,14.00,1.00,3.63,0.54,10.70,3,Red Wine
749,7.70,0.17,0.52,5.90,0.02,21.00,84.00,0.99,3.14,0.40,11.90,7,White Wine
3425,6.90,0.39,0.22,4.30,0.03,10.00,102.00,0.99,3.00,0.87,11.60,4,White Wine
3416,5.60,0.24,0.25,9.70,0.03,12.00,68.00,0.99,3.31,0.34,10.50,5,White Wine
2751,7.00,0.48,0.12,4.50,0.05,23.00,86.00,0.99,2.86,0.35,9.00,5,White Wine
988,7.30,0.30,0.25,2.50,0.04,32.00,122.00,0.99,3.18,0.54,10.30,5,White Wine
1759,7.30,0.65,0.00,1.20,0.07,15.00,21.00,0.99,3.39,0.47,10.00,7,Red Wine
622,10.00,0.32,0.59,2.20,0.08,3.00,15.00,1.00,3.20,0.78,9.60,5,Red Wine
1898,8.60,0.48,0.29,4.10,0.03,19.00,101.00,0.99,3.01,0.38,12.40,5,White Wine
6428,11.00,0.30,0.58,2.10,0.05,7.00,19.00,1.00,3.31,0.88,10.50,7,Red Wine
1105,11.50,0.35,0.49,3.30,0.07,10.00,37.00,1.00,3.32,0.91,11.00,6,Red Wine
2085,5.60,0.21,0.24,4.40,0.03,37.00,150.00,0.99,3.30,0.31,11.50,7,White Wine
4609,6.80,0.67,0.02,1.80,0.05,5.00,11.00,1.00,3.48,0.52,9.50,5,Red Wine
2219,4.90,0.34,0.14,1.30,0.04,69.00,168.00,0.99,3.47,0.46,10.47,5,White Wine
3417,8.20,0.26,0.34,2.50,0.07,16.00,47.00,1.00,3.40,0.78,11.30,7,Red Wine
354,7.00,0.31,0.35,1.60,0.06,13.00,119.00,0.99,3.22,0.50,10.70,5,White Wine
5937,6.90,0.45,0.27,4.70,0.04,17.00,80.00,0.99,3.12,0.36,12.50,7,White Wine
4904,8.20,0.22,0.36,6.80,0.03,12.00,90.00,0.99,3.01,0.38,10.50,8,White Wine
3154,7.20,0.24,0.24,1.70,0.04,18.00,161.00,0.99,3.25,0.53,11.20,6,White Wine
553,6.10,0.34,0.21,5.00,0.04,17.00,133.00,0.99,3.02,0.53,9.40,5,White Wine
1919,8.80,0.70,0.00,1.70,0.07,8.00,19.00,1.00,3.31,0.53,10.00,6,Red Wine
2857,6.20,0.21,0.27,1.70,0.04,41.00,150.00,0.99,3.49,0.71,10.50,7,White Wine
5516,6.40,0.23,0.26,8.10,0.05,47.00,181.00,1.00,3.12,0.49,9.40,5,White Wine
2255,6.60,0.24,0.33,10.10,0.03,8.00,81.00,1.00,3.19,0.51,9.80,6,White Wine
5020,7.90,0.16,0.30,7.40,0.05,58.00,152.00,1.00,3.12,0.37,9.50,6,White Wine
6395,6.10,0.41,0.24,1.60,0.05,16.00,137.00,0.99,3.32,0.50,10.40,6,White Wine
1266,6.70,0.16,0.32,12.50,0.04,18.00,156.00,1.00,2.88,0.36,9.00,6,White Wine
53,7.00,0.30,0.32,6.40,0.03,28.00,97.00,0.99,3.23,0.44,11.80,6,White Wine
1101,7.40,0.24,0.22,10.70,0.04,26.00,81.00,1.00,2.86,0.36,9.70,6,White Wine
2510,6.80,0.45,0.28,26.05,0.03,27.00,122.00,1.00,3.06,0.42,10.60,6,White Wine
2421,6.20,0.24,0.22,7.90,0.05,45.00,149.00,1.00,3.23,0.52,9.30,5,White Wine
904,7.00,0.31,0.39,7.50,0.06,42.00,218.00,1.00,3.37,0.54,10.30,5,White Wine
2094,7.50,0.22,0.33,6.70,0.04,45.00,138.00,0.99,3.20,0.68,11.40,6,White Wine
4530,5.70,0.24,0.33,1.10,0.05,28.00,150.00,0.99,3.13,0.42,9.30,5,White Wine
485,8.00,0.58,0.16,2.00,0.12,3.00,7.00,0.99,3.22,0.58,11.20,6,Red Wine
2230,8.00,0.28,0.44,1.80,0.08,28.00,68.00,1.00,3.36,0.66,11.20,5,Red Wine
2953,6.40,0.47,0.06,1.00,0.03,9.00,131.00,0.99,2.97,0.29,10.80,5,White Wine
680,7.70,0.40,0.27,4.50,0.03,27.00,95.00,0.99,3.21,0.59,12.30,8,White Wine
1927,7.50,0.40,0.18,1.60,0.08,24.00,58.00,1.00,3.34,0.58,9.40,5,Red Wine
1970,6.10,0.25,0.28,10.00,0.06,56.00,131.00,0.99,3.22,0.35,10.90,6,White Wine
4281,7.10,0.32,0.29,4.00,0.04,33.00,170.00,0.99,3.27,0.64,10.20,6,White Wine
638,13.20,0.38,0.55,2.70,0.08,5.00,16.00,1.00,2.98,0.54,9.40,5,Red Wine
2347,6.60,0.17,0.30,1.10,0.03,13.00,73.00,0.99,3.17,0.58,11.00,6,White Wine
4321,9.50,0.21,0.47,1.30,0.04,21.00,123.00,1.00,2.90,0.64,9.50,5,White Wine
4838,7.60,0.65,0.03,1.90,0.09,14.00,57.00,1.00,3.37,0.46,10.30,5,Red Wine
3965,6.40,0.24,0.23,2.00,0.05,30.00,133.00,0.99,3.12,0.54,11.40,7,White Wine
4486,5.50,0.62,0.33,1.70,0.04,24.00,118.00,0.99,3.15,0.39,13.55,6,White Wine
1474,6.40,0.37,0.20,5.60,0.12,61.00,183.00,0.99,3.24,0.43,9.50,5,White Wine
4048,6.20,0.28,0.27,10.30,0.03,26.00,108.00,0.99,3.20,0.36,10.70,6,White Wine
2840,7.50,0.20,0.49,1.30,0.03,8.00,97.00,0.99,3.06,0.62,11.10,5,White Wine
1239,7.80,0.15,0.24,7.70,0.05,21.00,98.00,1.00,2.94,0.31,9.60,6,White Wine
5812,6.20,0.46,0.17,1.60,0.07,7.00,11.00,0.99,3.61,0.54,11.40,5,Red Wine
3450,6.40,0.25,0.28,4.90,0.03,29.00,98.00,0.99,3.09,0.58,12.80,7,White Wine
4632,6.20,0.35,0.04,1.20,0.06,23.00,108.00,0.99,3.26,0.54,9.20,5,White Wine
3732,8.30,0.14,0.36,8.80,0.03,13.00,60.00,1.00,3.13,0.35,11.05,5,White Wine
4899,7.10,0.25,0.28,1.60,0.05,46.00,169.00,0.99,3.05,0.41,10.50,5,White Wine
5723,8.60,0.47,0.27,2.30,0.06,14.00,28.00,1.00,3.18,0.80,11.20,5,Red Wine
868,8.30,0.71,0.15,1.80,0.09,10.00,52.00,1.00,3.23,0.77,9.50,5,Red Wine
5586,6.60,0.17,0.28,1.80,0.04,62.00,178.00,0.99,3.15,0.42,10.20,5,White Wine
4246,7.40,0.25,0.37,2.60,0.05,24.00,132.00,0.99,3.04,0.53,11.20,6,White Wine
5023,6.30,0.34,0.29,6.20,0.05,29.00,227.00,1.00,3.29,0.53,10.10,6,White Wine
3150,6.70,0.67,0.02,1.90,0.06,26.00,42.00,0.99,3.39,0.82,10.90,6,Red Wine
1727,6.30,0.21,0.28,1.50,0.05,46.00,142.00,0.99,3.23,0.42,10.10,6,White Wine
5834,8.30,0.26,0.42,2.00,0.08,11.00,27.00,1.00,3.21,0.80,9.40,6,Red Wine
5434,8.50,0.21,0.41,4.30,0.04,24.00,99.00,0.99,3.18,0.53,9.70,6,White Wine
1058,9.30,0.66,0.26,2.00,0.10,5.00,35.00,1.00,3.25,0.42,9.60,5,Red Wine
3203,7.10,0.20,0.36,11.60,0.04,45.00,124.00,1.00,2.92,0.59,9.50,7,White Wine
4002,5.90,0.13,0.28,1.90,0.05,20.00,78.00,0.99,3.43,0.64,10.80,6,White Wine
1405,6.50,0.22,0.27,1.60,0.04,36.00,116.00,0.99,3.38,0.57,11.00,7,White Wine
1497,10.30,0.27,0.24,2.10,0.07,15.00,33.00,1.00,3.22,0.66,12.80,6,Red Wine
5079,6.60,0.25,0.41,7.40,0.04,29.00,151.00,0.99,3.15,0.60,10.20,7,White Wine
3571,6.70,0.18,0.28,10.20,0.04,29.00,115.00,0.99,3.11,0.45,10.90,7,White Wine
708,7.90,0.51,0.34,2.60,0.05,13.00,135.00,0.99,3.09,0.51,10.00,5,White Wine
5213,7.20,0.24,0.40,17.85,0.05,50.00,185.00,1.00,3.34,0.42,9.60,5,White Wine
6145,7.40,0.30,0.32,1.70,0.03,23.00,128.00,0.99,3.17,0.66,10.90,5,White Wine
4119,6.20,0.35,0.03,1.20,0.06,29.00,120.00,0.99,3.22,0.54,9.10,5,White Wine
6469,7.60,0.27,0.24,3.80,0.06,19.00,115.00,1.00,3.15,0.45,8.90,5,White Wine
6495,7.60,0.27,0.34,5.00,0.04,18.00,56.00,0.99,3.06,0.48,12.40,6,White Wine
3312,7.50,0.53,0.06,2.60,0.09,20.00,44.00,1.00,3.38,0.59,10.70,6,Red Wine
353,8.10,0.20,0.49,11.80,0.05,46.00,212.00,1.00,3.09,0.46,10.00,7,White Wine
5574,6.30,0.26,0.25,7.80,0.06,44.00,166.00,1.00,3.24,0.41,9.00,5,White Wine
5190,6.40,0.22,0.56,14.50,0.06,27.00,159.00,1.00,2.98,0.40,9.10,5,White Wine
4036,9.20,0.23,0.30,1.10,0.03,40.00,99.00,0.99,2.94,0.30,10.40,6,White Wine
3902,6.40,0.30,0.27,5.00,0.06,27.00,151.00,0.99,3.22,0.49,12.20,6,White Wine
2483,9.50,0.59,0.44,2.30,0.07,21.00,68.00,1.00,3.46,0.63,9.50,5,Red Wine
2858,6.70,0.18,0.30,6.40,0.05,40.00,251.00,1.00,3.29,0.52,10.00,5,White Wine
4996,6.30,0.26,0.25,5.20,0.05,11.00,133.00,0.99,2.97,0.68,11.00,6,White Wine
5887,10.80,0.47,0.43,2.10,0.17,27.00,66.00,1.00,3.17,0.76,10.80,6,Red Wine
3006,9.00,0.31,0.48,6.60,0.04,11.00,73.00,0.99,2.90,0.38,11.60,5,White Wine
2832,7.30,0.20,0.37,1.20,0.04,48.00,119.00,0.99,3.32,0.49,10.90,6,White Wine
1803,6.40,0.31,0.28,1.50,0.04,12.00,119.00,0.99,3.32,0.51,10.40,7,White Wine
408,6.10,0.10,0.31,1.30,0.04,55.00,145.00,0.99,3.41,0.41,11.10,7,White Wine
2718,5.80,0.24,0.28,1.40,0.04,40.00,76.00,0.99,3.10,0.29,13.90,7,White Wine
5336,6.60,0.40,0.30,5.30,0.04,20.00,125.00,0.99,3.36,0.73,12.60,6,White Wine
1432,6.20,0.32,0.12,4.80,0.05,6.00,97.00,0.99,3.16,0.50,9.30,5,White Wine
2942,8.50,0.23,0.40,9.90,0.04,24.00,88.00,1.00,3.02,0.42,10.50,6,White Wine
5214,7.30,0.19,0.24,6.30,0.05,34.00,231.00,1.00,3.36,0.54,10.00,6,White Wine
6068,6.40,0.10,0.35,4.90,0.05,31.00,103.00,0.99,3.43,0.79,9.70,6,White Wine
366,6.50,0.32,0.20,6.60,0.04,9.00,126.00,0.99,2.94,0.51,8.80,5,White Wine
5614,8.10,0.24,0.38,4.30,0.04,49.00,172.00,1.00,3.37,0.74,10.80,6,White Wine
995,6.20,0.28,0.28,4.30,0.03,22.00,105.00,0.99,2.98,0.64,13.10,8,White Wine
3158,6.90,0.23,0.34,2.70,0.03,24.00,121.00,0.99,3.14,0.38,12.40,7,White Wine
4744,6.20,0.55,0.45,12.00,0.05,27.00,186.00,1.00,3.17,0.50,9.30,6,White Wine
5948,6.20,0.43,0.49,6.40,0.04,12.00,115.00,1.00,3.27,0.57,9.00,4,White Wine
5860,6.50,0.25,0.27,17.40,0.06,29.00,140.00,1.00,3.20,0.49,10.10,6,White Wine
1489,6.80,0.48,0.08,1.80,0.07,40.00,64.00,1.00,3.12,0.49,9.60,5,Red Wine
955,9.20,0.36,0.34,1.60,0.06,5.00,12.00,1.00,3.20,0.67,10.50,6,Red Wine
6099,6.70,0.25,0.74,19.40,0.05,44.00,169.00,1.00,3.51,0.45,9.80,6,White Wine
1368,7.00,0.45,0.34,19.80,0.04,12.00,67.00,1.00,3.07,0.38,11.00,6,White Wine
5362,6.40,0.17,0.34,1.50,0.09,43.00,136.00,0.99,3.25,0.49,9.60,6,White Wine
204,8.10,0.45,0.34,8.30,0.04,33.00,216.00,1.00,3.31,0.64,9.70,5,White Wine
5932,6.80,0.26,0.24,7.80,0.05,54.00,214.00,1.00,3.13,0.47,8.90,5,White Wine
4303,6.90,0.30,0.36,4.50,0.05,31.00,203.00,1.00,3.40,0.57,10.40,4,White Wine
3104,7.50,0.19,0.34,2.60,0.04,33.00,125.00,0.99,3.10,0.49,11.10,7,White Wine
5153,5.40,0.29,0.38,1.20,0.03,31.00,132.00,0.99,3.28,0.36,12.40,6,White Wine
1665,6.40,0.15,0.29,1.80,0.04,21.00,115.00,0.99,3.10,0.38,10.20,5,White Wine
3587,6.80,0.19,0.71,17.50,0.04,21.00,114.00,1.00,2.85,0.50,9.50,6,White Wine
1470,6.50,0.23,0.33,13.80,0.04,25.00,139.00,1.00,3.35,0.56,10.40,6,White Wine
3684,6.30,0.25,0.22,3.30,0.05,41.00,161.00,0.99,3.16,0.50,10.50,6,White Wine
1389,5.70,0.18,0.26,2.20,0.02,21.00,95.00,0.99,3.07,0.54,12.30,6,White Wine
3503,7.60,0.27,0.52,3.20,0.04,28.00,152.00,0.99,3.02,0.53,11.40,6,White Wine
5631,6.10,0.22,0.46,1.80,0.16,34.00,74.00,0.99,3.19,0.33,13.40,6,White Wine
2713,6.90,0.21,0.28,2.40,0.06,49.00,159.00,0.99,3.02,0.47,8.80,8,White Wine
3520,6.30,0.13,0.42,1.10,0.04,63.00,146.00,0.99,3.13,0.72,11.20,7,White Wine
5903,5.60,0.28,0.27,3.90,0.04,52.00,158.00,0.99,3.35,0.44,10.70,7,White Wine
1104,6.40,0.24,0.49,5.80,0.05,25.00,120.00,0.99,3.01,0.98,10.50,6,White Wine
3479,8.00,0.43,0.36,2.30,0.07,10.00,48.00,1.00,3.34,0.46,9.40,5,Red Wine
1265,7.00,0.62,0.10,1.40,0.07,27.00,63.00,1.00,3.28,0.61,9.20,5,Red Wine
6440,8.00,0.17,0.29,2.40,0.03,52.00,119.00,0.99,3.03,0.33,12.90,6,White Wine
1649,7.20,0.29,0.20,7.70,0.05,51.00,174.00,1.00,3.16,0.52,9.50,5,White Wine
1476,5.80,0.21,0.32,1.60,0.04,38.00,95.00,0.99,3.23,0.94,12.40,8,White Wine
3926,6.50,0.25,0.27,17.40,0.06,29.00,140.00,1.00,3.20,0.49,10.10,6,White Wine
3322,6.50,0.28,0.34,3.60,0.04,29.00,121.00,0.99,3.28,0.48,12.10,7,White Wine
4638,7.00,0.28,0.33,14.60,0.04,47.00,168.00,1.00,3.34,0.67,8.80,6,White Wine
5857,5.80,0.60,0.00,1.30,0.04,72.00,197.00,0.99,3.56,0.43,10.90,5,White Wine
5595,7.10,0.27,0.27,10.40,0.04,26.00,114.00,0.99,3.04,0.52,11.50,7,White Wine
1753,6.40,0.17,0.27,9.90,0.05,26.00,101.00,1.00,3.34,0.50,9.90,6,White Wine
1951,7.40,0.13,0.39,4.70,0.04,36.00,137.00,0.99,3.36,0.56,10.30,7,White Wine
4836,10.00,0.56,0.24,2.20,0.08,19.00,58.00,1.00,3.18,0.56,10.10,6,Red Wine
1274,7.50,0.52,0.16,1.90,0.09,12.00,35.00,1.00,3.38,0.62,9.50,7,Red Wine
6453,7.60,0.36,0.31,1.70,0.08,26.00,65.00,1.00,3.46,0.62,9.50,6,Red Wine
2013,6.80,0.18,0.38,1.40,0.04,35.00,111.00,0.99,3.32,0.59,11.20,7,White Wine
5810,6.80,0.17,0.17,5.10,0.05,26.00,82.00,0.99,3.00,0.38,9.80,6,White Wine
616,7.50,0.24,0.31,13.10,0.05,26.00,180.00,1.00,3.05,0.53,9.10,6,White Wine
3687,7.60,0.20,0.68,12.90,0.04,56.00,160.00,1.00,3.05,0.41,8.70,5,White Wine
4705,7.50,0.69,0.07,2.50,0.06,5.00,9.00,1.00,3.38,0.55,10.90,4,Red Wine
6170,7.60,0.27,0.30,9.20,0.02,23.00,96.00,0.99,3.08,0.29,11.00,6,White Wine
3183,6.00,0.20,0.26,6.80,0.05,22.00,93.00,0.99,3.15,0.42,11.00,6,White Wine
2239,6.60,0.16,0.30,1.60,0.03,15.00,78.00,0.99,3.38,0.44,11.20,6,White Wine
1279,9.40,0.42,0.32,6.50,0.03,20.00,167.00,0.99,3.08,0.43,10.60,5,White Wine
4574,6.50,0.18,0.31,1.70,0.04,30.00,127.00,0.99,3.49,0.50,10.20,7,White Wine
441,6.70,0.27,0.33,3.60,0.03,9.00,45.00,0.99,3.08,0.40,10.50,6,White Wine
850,6.70,0.41,0.34,9.20,0.05,29.00,150.00,1.00,3.22,0.51,9.10,5,White Wine
5803,6.50,0.28,0.25,4.80,0.03,54.00,128.00,0.99,3.17,0.44,12.20,7,White Wine
2629,7.20,0.29,0.53,18.15,0.05,59.00,182.00,1.00,3.09,0.52,9.60,5,White Wine
3044,8.90,0.38,0.40,2.20,0.07,12.00,28.00,0.99,3.27,0.75,12.60,7,Red Wine
3777,5.10,0.17,0.22,5.70,0.05,42.00,146.00,0.99,3.18,0.55,9.90,6,White Wine
4312,12.90,0.50,0.55,2.80,0.07,7.00,24.00,1.00,3.09,0.68,10.90,6,Red Wine
365,9.90,0.35,0.38,1.50,0.06,31.00,47.00,1.00,3.26,0.82,10.60,7,Red Wine
5935,5.80,0.15,0.49,1.10,0.05,21.00,98.00,0.99,3.19,0.48,9.20,5,White Wine
2112,7.60,0.20,0.26,4.50,0.09,37.00,133.00,1.00,3.15,0.42,9.20,5,White Wine
1444,7.70,0.92,0.12,2.20,0.14,7.00,23.00,1.00,3.35,0.65,10.20,7,Red Wine
3255,7.20,0.25,0.39,18.95,0.04,42.00,155.00,1.00,2.97,0.47,9.00,6,White Wine
468,6.20,0.21,0.28,5.70,0.03,45.00,121.00,0.99,3.21,1.08,12.15,7,White Wine
5893,4.40,0.32,0.39,4.30,0.03,31.00,127.00,0.99,3.46,0.36,12.80,8,White Wine
3534,7.30,0.51,0.18,2.10,0.07,12.00,28.00,1.00,3.52,0.73,9.50,6,Red Wine
1046,6.70,0.25,0.33,2.90,0.06,52.00,173.00,0.99,3.02,0.48,9.50,7,White Wine
4179,6.40,0.17,0.27,1.50,0.04,20.00,98.00,0.99,3.46,0.42,11.00,7,White Wine
6461,10.40,0.24,0.49,1.80,0.07,6.00,20.00,1.00,3.18,1.06,11.00,6,Red Wine
6311,4.90,0.33,0.31,1.20,0.02,39.00,150.00,0.99,3.33,0.59,14.00,8,White Wine
2848,7.00,0.36,0.21,2.40,0.09,24.00,69.00,1.00,3.40,0.53,10.10,6,Red Wine
2490,8.70,0.33,0.38,3.30,0.06,10.00,19.00,0.99,3.30,0.73,12.00,7,Red Wine
581,6.60,0.91,0.19,0.80,0.05,17.00,204.00,0.99,3.34,0.56,10.00,5,White Wine
4554,6.40,0.26,0.42,9.70,0.04,30.00,140.00,1.00,3.18,0.47,9.10,6,White Wine
2300,8.50,0.17,0.31,1.00,0.02,13.00,91.00,0.99,2.79,0.37,10.10,5,White Wine
6470,6.30,0.32,0.32,1.50,0.03,24.00,101.00,0.99,3.21,0.42,13.00,5,White Wine
3508,7.40,0.30,0.49,8.20,0.06,49.00,188.00,1.00,3.52,0.58,9.70,6,White Wine
6101,8.10,0.26,0.37,1.90,0.07,48.00,159.00,0.99,3.37,0.70,10.90,6,White Wine
6365,7.50,0.29,0.26,14.95,0.07,47.00,178.00,1.00,3.04,0.49,9.20,4,White Wine
5754,5.80,0.27,0.20,7.30,0.04,42.00,145.00,0.99,3.15,0.48,9.80,5,White Wine
6420,6.30,0.25,0.44,1.70,0.02,36.00,116.00,0.99,3.18,0.40,12.50,6,White Wine
4021,7.30,0.55,0.01,1.80,0.09,9.00,15.00,1.00,3.35,0.58,11.00,7,Red Wine
1491,6.80,0.39,0.34,7.40,0.02,38.00,133.00,0.99,3.18,0.44,12.00,7,White Wine
1406,7.10,0.20,0.34,16.00,0.05,51.00,166.00,1.00,3.21,0.60,9.20,6,White Wine
4389,9.20,0.28,0.49,11.80,0.04,29.00,137.00,1.00,3.10,0.34,10.10,4,White Wine
4118,6.80,0.34,0.36,8.90,0.03,44.00,128.00,0.99,3.28,0.35,11.95,7,White Wine
5605,7.60,0.52,0.49,14.00,0.03,37.00,156.00,1.00,3.14,0.38,11.80,7,White Wine
569,6.60,0.58,0.00,2.20,0.10,50.00,63.00,1.00,3.59,0.68,11.40,6,Red Wine
3739,6.00,0.33,0.26,5.10,0.05,16.00,119.00,0.99,3.15,0.41,9.20,5,White Wine
3130,7.00,0.22,0.39,2.10,0.06,39.00,198.00,1.00,3.52,0.54,10.20,6,White Wine
2204,6.30,0.31,0.34,2.20,0.04,20.00,77.00,0.99,3.30,0.43,10.20,5,White Wine
2275,6.50,0.21,0.37,2.50,0.05,70.00,138.00,0.99,3.33,0.75,11.40,7,White Wine
3289,8.60,0.69,0.10,1.60,0.09,3.00,12.00,1.00,3.31,0.65,9.55,6,Red Wine
775,8.60,0.34,0.36,1.40,0.04,11.00,119.00,1.00,3.17,0.47,9.40,4,White Wine
4019,11.80,0.33,0.49,3.40,0.09,54.00,80.00,1.00,3.30,0.76,10.70,7,Red Wine
1309,6.00,0.32,0.12,5.90,0.04,34.00,190.00,0.99,3.16,0.72,10.00,5,White Wine
1313,7.00,0.26,0.34,10.90,0.04,25.00,84.00,0.99,3.11,0.34,10.90,6,White Wine
5745,7.80,0.42,0.26,9.20,0.06,34.00,199.00,1.00,3.14,0.55,9.30,6,White Wine
1276,6.00,0.26,0.34,1.30,0.05,6.00,29.00,0.99,3.29,0.63,10.40,5,White Wine
5642,7.50,0.49,0.19,1.90,0.08,10.00,44.00,1.00,3.39,0.54,9.70,5,Red Wine
1410,7.00,0.49,0.49,5.60,0.06,26.00,121.00,1.00,3.34,0.76,10.50,5,Red Wine
5445,6.80,0.24,0.35,6.40,0.05,44.00,172.00,0.99,3.29,0.55,10.50,7,White Wine
5504,9.00,0.24,0.50,1.20,0.05,26.00,107.00,0.99,3.21,0.34,12.40,6,White Wine
471,6.60,0.37,0.24,2.00,0.06,23.00,120.00,0.99,3.32,0.54,9.40,5,White Wine
3694,6.80,0.21,0.74,1.20,0.05,25.00,111.00,0.99,3.13,0.41,10.70,6,White Wine
1420,7.20,0.29,0.40,7.60,0.02,56.00,177.00,0.99,3.04,0.32,11.50,6,White Wine
1708,6.30,0.28,0.22,9.50,0.04,30.00,111.00,0.99,3.05,0.31,10.80,4,White Wine
2895,7.70,0.58,0.10,1.80,0.10,28.00,109.00,1.00,3.08,0.49,9.80,6,Red Wine
118,6.40,0.29,0.21,9.65,0.04,36.00,119.00,0.99,2.99,0.34,10.93,6,White Wine
1709,9.10,0.28,0.46,9.00,0.11,3.00,9.00,1.00,3.18,0.60,10.90,6,Red Wine
3924,6.80,0.27,0.37,8.20,0.06,52.00,192.00,1.00,3.11,0.52,9.50,6,White Wine
890,5.70,0.28,0.36,1.80,0.04,38.00,90.00,0.99,3.27,0.98,11.90,7,White Wine
1902,6.50,0.26,0.34,1.40,0.04,25.00,184.00,0.99,3.29,0.46,10.70,5,White Wine
1047,6.80,0.31,0.42,6.90,0.05,50.00,173.00,1.00,3.19,0.46,9.00,5,White Wine
4641,6.50,0.51,0.25,1.70,0.05,39.00,177.00,0.99,3.28,0.57,10.60,5,White Wine
5588,7.00,0.64,0.02,2.10,0.07,9.00,23.00,1.00,3.47,0.67,9.40,6,Red Wine
5648,7.80,0.25,0.41,3.70,0.04,37.00,149.00,1.00,3.36,0.45,10.00,6,White Wine
1853,7.50,0.42,0.20,1.40,0.06,15.00,168.00,0.99,3.06,0.40,9.40,6,White Wine
3097,6.40,0.25,0.32,11.30,0.04,69.00,192.00,1.00,3.14,0.50,10.20,6,White Wine
4218,8.90,0.40,0.51,2.60,0.05,13.00,27.00,0.99,3.32,0.90,13.40,7,Red Wine
2986,7.30,0.49,0.32,5.20,0.04,18.00,104.00,1.00,3.24,0.45,10.70,4,White Wine
720,6.30,0.19,0.29,5.50,0.04,44.00,189.00,0.99,3.19,0.47,10.30,6,White Wine
5861,6.10,0.26,0.44,12.30,0.04,53.00,197.00,1.00,3.24,0.54,9.50,6,White Wine
3276,8.40,0.20,0.38,11.80,0.06,51.00,170.00,1.00,3.34,0.82,8.90,6,White Wine
1304,6.90,0.24,0.33,12.50,0.05,47.00,153.00,1.00,3.28,0.77,9.60,6,White Wine
5129,6.40,0.53,0.09,3.90,0.12,14.00,31.00,1.00,3.50,0.67,11.00,4,Red Wine
37,8.80,0.36,0.44,1.90,0.04,9.00,121.00,1.00,3.19,0.48,9.90,6,White Wine
6027,5.80,0.42,0.30,2.20,0.04,26.00,129.00,0.99,3.32,0.47,12.90,6,White Wine
921,5.60,0.19,0.39,1.10,0.04,17.00,67.00,0.99,3.23,0.53,10.30,6,White Wine
1943,8.40,0.36,0.32,2.20,0.08,32.00,79.00,1.00,3.30,0.72,11.00,6,Red Wine
1458,6.10,0.41,0.14,10.40,0.04,18.00,119.00,1.00,3.38,0.45,10.00,5,White Wine
630,7.50,0.40,1.00,19.50,0.04,33.00,148.00,1.00,3.24,0.38,12.00,6,White Wine
3035,7.30,0.67,0.02,2.20,0.07,31.00,92.00,1.00,3.32,0.68,11.10,6,Red Wine
1184,6.90,0.77,0.18,2.40,0.24,5.50,48.00,1.00,3.40,0.60,10.30,6,Red Wine
1878,6.20,0.76,0.01,3.20,0.04,18.00,120.00,0.99,3.20,0.94,13.70,7,White Wine
2080,7.20,0.26,0.32,10.40,0.06,23.00,114.00,1.00,3.23,0.49,10.50,5,White Wine
4502,7.20,0.23,0.32,8.50,0.06,47.00,186.00,1.00,3.19,0.40,9.90,6,White Wine
6184,5.70,0.26,0.25,10.40,0.02,7.00,57.00,0.99,3.39,0.37,10.60,5,White Wine
2287,7.10,0.34,0.28,2.00,0.08,31.00,68.00,1.00,3.45,0.48,9.40,5,Red Wine
1011,6.90,0.25,0.33,1.20,0.04,35.00,158.00,0.99,3.02,0.58,11.30,6,White Wine
4610,6.60,0.31,0.07,1.50,0.03,55.00,144.00,0.99,3.16,0.42,10.00,5,White Wine
5315,6.80,0.81,0.00,1.20,0.27,16.00,29.00,0.99,3.32,0.51,9.80,3,Red Wine
4364,6.10,0.27,0.31,1.50,0.04,17.00,83.00,0.99,3.32,0.44,11.10,7,White Wine
1295,7.40,0.41,0.24,1.80,0.07,18.00,47.00,1.00,3.37,0.62,10.40,5,Red Wine
5904,8.90,0.12,0.45,1.80,0.07,10.00,21.00,1.00,3.41,0.76,11.90,7,Red Wine
4167,7.60,0.17,0.35,1.60,0.05,43.00,154.00,0.99,3.36,0.69,11.10,6,White Wine
1496,7.40,0.29,0.31,1.70,0.04,23.00,110.00,0.99,3.07,0.38,10.90,5,White Wine
6204,9.20,0.43,0.49,2.40,0.09,23.00,116.00,1.00,3.23,0.64,9.50,5,Red Wine
522,6.10,0.55,0.15,9.80,0.03,19.00,125.00,1.00,3.36,0.47,10.20,6,White Wine
1280,5.60,0.31,0.78,13.90,0.07,23.00,92.00,1.00,3.39,0.48,10.50,6,Red Wine
6214,9.40,0.28,0.30,1.60,0.04,36.00,139.00,1.00,3.11,0.49,9.30,5,White Wine
2790,6.10,0.35,0.07,1.40,0.07,22.00,108.00,0.99,3.23,0.52,9.20,5,White Wine
1049,7.80,0.58,0.02,2.00,0.07,9.00,18.00,1.00,3.36,0.57,9.50,7,Red Wine
1115,6.60,0.24,0.30,11.30,0.03,11.00,77.00,0.99,3.13,0.55,12.80,7,White Wine
2373,5.00,0.24,0.34,1.10,0.03,49.00,158.00,0.99,3.32,0.32,13.10,7,White Wine
3565,6.60,0.39,0.38,9.70,0.05,49.00,226.00,1.00,3.30,0.57,9.40,6,White Wine
5737,7.30,0.23,0.27,2.60,0.04,39.00,120.00,0.99,3.04,0.59,11.30,7,White Wine
3352,6.40,0.27,0.19,2.00,0.08,21.00,191.00,1.00,3.49,0.63,9.60,4,White Wine
1485,7.10,0.25,0.39,2.10,0.04,30.00,124.00,0.99,3.28,0.43,12.20,8,White Wine
5909,7.70,0.28,0.63,11.10,0.04,58.00,179.00,1.00,3.08,0.44,8.80,4,White Wine
5645,6.60,0.27,0.25,3.10,0.05,41.00,188.00,0.99,3.24,0.40,11.30,5,White Wine
3138,7.50,0.18,0.72,9.60,0.04,53.00,151.00,1.00,3.03,0.46,8.90,5,White Wine
2729,6.00,0.37,0.32,1.00,0.05,31.00,218.50,0.99,3.29,0.72,9.80,6,White Wine
2689,9.10,0.34,0.42,1.80,0.06,9.00,18.00,0.99,3.18,0.55,11.40,5,Red Wine
2106,6.50,0.13,0.27,2.60,0.04,32.00,76.00,0.99,3.21,0.76,11.33,6,White Wine
2612,10.20,0.49,0.63,2.90,0.07,10.00,26.00,1.00,3.16,0.78,12.50,7,Red Wine
6140,7.00,0.21,0.28,8.60,0.04,37.00,221.00,1.00,3.25,0.54,10.40,6,White Wine
2574,5.90,0.28,0.14,8.60,0.03,30.00,142.00,1.00,3.28,0.44,9.50,6,White Wine
4169,6.10,0.28,0.25,17.75,0.04,48.00,161.00,1.00,3.34,0.48,9.50,5,White Wine
2564,6.90,0.35,0.74,1.00,0.04,18.00,132.00,0.99,3.13,0.55,10.20,5,White Wine
1475,6.90,0.64,0.17,2.40,0.24,6.00,18.00,1.00,3.40,0.59,10.30,6,Red Wine
2920,7.50,0.29,0.67,8.10,0.04,53.00,166.00,1.00,2.90,0.41,8.90,6,White Wine
2592,10.20,0.36,0.64,2.90,0.12,10.00,41.00,1.00,3.23,0.66,12.50,6,Red Wine
5817,5.10,0.35,0.26,6.80,0.03,36.00,120.00,0.99,3.38,0.40,11.50,6,White Wine
5077,10.10,0.94,0.22,3.40,0.10,11.00,86.00,1.00,3.43,0.64,11.30,4,Red Wine
668,6.80,0.28,0.36,7.00,0.04,60.00,207.00,1.00,3.16,0.49,9.60,6,White Wine
4886,6.00,0.24,0.28,3.95,0.04,61.00,134.00,0.99,3.30,0.54,11.30,7,White Wine
5337,6.50,0.08,0.33,1.90,0.03,23.00,93.00,0.99,3.34,0.70,12.00,7,White Wine
6475,9.00,0.60,0.29,2.00,0.07,32.00,73.00,1.00,3.34,0.57,10.00,5,Red Wine
2762,6.30,0.24,0.74,1.40,0.17,24.00,108.00,0.99,3.27,0.39,9.90,6,White Wine
5314,7.20,0.28,0.38,2.00,0.05,23.00,156.00,0.99,3.13,0.52,11.10,5,White Wine
5451,14.20,0.27,0.49,1.10,0.04,33.00,156.00,0.99,3.15,0.54,11.10,6,White Wine
3540,8.20,0.18,0.49,1.10,0.03,28.00,81.00,0.99,3.00,0.68,10.40,7,White Wine
1673,7.80,0.22,0.26,9.00,0.05,38.00,132.00,1.00,3.25,0.53,10.20,6,White Wine
3507,6.70,0.31,0.08,1.30,0.04,58.00,147.00,0.99,3.18,0.46,10.00,5,White Wine
646,6.20,0.35,0.20,18.10,0.07,33.00,158.00,1.00,3.15,0.50,8.80,6,White Wine
5663,7.90,0.17,0.32,1.60,0.05,47.00,150.00,0.99,3.29,0.76,9.60,6,White Wine
4106,7.30,0.22,0.41,15.40,0.05,55.00,191.00,1.00,3.32,0.59,8.90,6,White Wine
5064,7.40,0.29,0.25,3.80,0.04,30.00,114.00,0.99,3.11,0.40,11.00,6,White Wine
5733,7.60,0.30,0.27,10.60,0.04,31.00,119.00,1.00,3.27,0.30,9.30,6,White Wine
4431,5.10,0.35,0.26,6.80,0.03,36.00,120.00,0.99,3.38,0.40,11.50,6,White Wine
6354,6.50,0.29,0.42,10.60,0.04,66.00,202.00,1.00,3.24,0.53,9.50,6,White Wine
4032,7.40,0.16,0.27,15.50,0.05,25.00,135.00,1.00,2.90,0.43,8.70,7,White Wine
5152,6.80,0.17,0.36,1.40,0.04,38.00,108.00,0.99,3.19,0.66,12.00,6,White Wine
1061,5.90,0.46,0.00,1.90,0.08,25.00,44.00,0.99,3.50,0.53,11.20,5,Red Wine
2125,6.70,0.36,0.28,8.30,0.03,29.00,81.00,0.99,2.96,0.39,12.50,6,White Wine
3795,6.60,0.23,0.30,4.60,0.06,29.00,154.00,0.99,3.23,0.49,12.20,8,White Wine
6312,8.80,0.42,0.21,2.50,0.09,33.00,88.00,1.00,3.19,0.52,9.20,5,Red Wine
6272,7.10,0.47,0.00,2.20,0.07,7.00,14.00,1.00,3.40,0.58,10.90,4,Red Wine
166,6.00,0.32,0.30,1.90,0.03,41.00,142.00,0.99,3.29,0.42,12.80,7,White Wine
1969,6.10,0.28,0.26,1.50,0.03,25.00,101.00,0.99,3.03,0.41,12.10,6,White Wine
1298,5.70,0.25,0.22,9.80,0.05,50.00,125.00,1.00,3.20,0.45,10.10,6,White Wine
576,6.00,0.19,0.29,1.20,0.05,29.00,92.00,0.99,3.22,0.53,11.30,6,White Wine
108,7.40,0.16,0.30,13.70,0.06,33.00,168.00,1.00,2.90,0.44,8.70,7,White Wine
5649,7.50,0.38,0.29,12.70,0.05,25.00,209.00,1.00,3.25,0.59,9.30,6,White Wine
5804,6.90,0.25,0.30,4.10,0.05,23.00,116.00,0.99,2.99,0.38,9.40,6,White Wine
4918,11.50,0.18,0.51,4.00,0.10,4.00,23.00,1.00,3.28,0.97,10.10,6,Red Wine
4480,9.90,0.50,0.50,13.80,0.20,48.00,82.00,1.00,3.16,0.75,8.80,5,Red Wine
5413,7.30,0.22,0.26,1.50,0.04,32.00,172.00,0.99,3.27,0.48,11.20,6,White Wine
3620,6.50,0.22,0.29,7.40,0.03,16.00,87.00,0.99,3.15,0.56,10.90,7,White Wine
135,6.60,0.55,0.01,2.70,0.03,56.00,122.00,0.99,3.15,0.30,11.90,5,White Wine
1698,6.20,0.34,0.25,12.10,0.06,33.00,171.00,1.00,3.14,0.56,8.70,6,White Wine
4944,7.80,0.30,0.37,1.30,0.05,16.00,96.00,0.99,3.32,0.62,10.00,5,White Wine
5532,6.70,0.21,0.49,1.40,0.05,30.00,114.00,0.99,2.92,0.42,10.80,7,White Wine
5092,6.20,0.28,0.43,13.00,0.04,64.00,233.00,1.00,3.08,0.38,8.90,5,White Wine
2976,6.30,0.37,0.28,6.30,0.03,45.00,152.00,0.99,3.29,0.46,11.60,7,White Wine
4360,9.10,0.50,0.30,1.90,0.07,8.00,17.00,1.00,3.32,0.71,10.50,6,Red Wine
3157,6.00,0.45,0.42,1.10,0.05,61.00,197.00,0.99,3.02,0.40,9.00,5,White Wine
4362,7.60,0.50,0.29,2.30,0.09,5.00,14.00,1.00,3.32,0.62,11.50,6,Red Wine
5307,7.70,0.96,0.10,2.10,0.11,11.00,22.00,1.00,3.26,0.50,9.50,5,Red Wine
2533,6.30,0.15,0.30,1.40,0.02,38.00,100.00,0.99,3.42,0.57,11.40,7,White Wine
5165,7.00,0.31,0.31,9.10,0.04,45.00,140.00,0.99,2.98,0.31,12.00,7,White Wine
985,7.40,0.24,0.42,14.00,0.07,48.00,198.00,1.00,2.89,0.42,8.90,6,White Wine
1998,6.60,0.38,0.29,2.90,0.04,15.00,101.00,0.99,3.04,0.37,12.50,6,White Wine
6349,6.70,0.35,0.48,8.80,0.06,35.00,167.00,1.00,3.04,0.47,9.40,5,White Wine
1505,8.10,0.17,0.44,14.10,0.05,43.00,145.00,1.00,3.28,0.75,8.80,8,White Wine
5499,7.60,0.31,0.26,1.70,0.07,40.00,157.00,0.99,3.10,0.46,9.80,5,White Wine
2358,4.70,0.60,0.17,2.30,0.06,17.00,106.00,0.99,3.85,0.60,12.90,6,Red Wine
2464,7.00,0.33,0.28,5.70,0.03,39.00,204.00,0.99,3.17,0.64,12.50,6,White Wine
2527,12.00,0.63,0.50,1.40,0.07,6.00,26.00,1.00,3.07,0.60,10.40,4,Red Wine
4586,6.60,0.25,0.39,1.45,0.04,40.00,89.00,0.99,3.35,0.40,11.40,7,White Wine
2203,6.60,0.20,0.38,7.90,0.05,30.00,145.00,0.99,3.32,0.56,11.00,7,White Wine
1744,7.20,0.24,0.27,11.40,0.03,40.00,174.00,1.00,3.20,0.44,9.00,5,White Wine
87,6.60,0.35,0.29,14.40,0.04,54.00,177.00,1.00,3.17,0.58,8.90,6,White Wine
3906,6.50,0.22,0.28,3.70,0.06,29.00,151.00,0.99,3.23,0.41,12.10,7,White Wine
45,8.30,0.30,0.36,10.00,0.04,33.00,169.00,1.00,3.23,0.51,9.30,6,White Wine
792,5.50,0.16,0.31,1.20,0.03,31.00,68.00,0.99,3.33,0.44,11.65,6,White Wine
2142,6.20,0.27,0.47,1.20,0.15,28.00,105.00,0.99,3.23,0.51,10.10,5,White Wine
6487,6.40,0.24,0.27,1.50,0.04,35.00,105.00,0.99,3.13,0.30,12.40,6,White Wine
913,6.90,0.24,0.33,4.80,0.04,16.00,131.00,0.99,3.26,0.64,10.70,6,White Wine
4441,7.20,0.24,0.29,2.20,0.04,37.00,102.00,0.99,3.27,0.64,11.00,7,White Wine
5655,6.00,0.33,0.20,1.80,0.03,49.00,159.00,0.99,3.41,0.53,11.00,6,White Wine
5205,6.40,0.29,0.44,3.60,0.20,75.00,181.00,0.99,3.02,0.41,9.10,5,White Wine
1084,6.40,0.30,0.27,4.40,0.06,17.00,135.00,0.99,3.23,0.44,12.20,6,White Wine
906,8.20,0.29,0.33,9.10,0.04,28.00,118.00,1.00,2.96,0.40,10.90,7,White Wine
6329,7.00,0.15,0.28,14.70,0.05,29.00,149.00,1.00,2.96,0.39,9.00,7,White Wine
3113,8.80,0.61,0.30,2.80,0.09,17.00,46.00,1.00,3.26,0.51,9.30,4,Red Wine
5799,6.10,0.30,0.47,1.40,0.05,50.00,187.00,0.99,3.19,0.45,9.50,5,White Wine
4979,6.50,0.21,0.40,7.30,0.04,49.00,115.00,0.99,3.21,0.43,11.00,6,White Wine
1482,7.80,0.56,0.19,1.80,0.10,12.00,47.00,1.00,3.19,0.93,9.50,5,Red Wine
2394,8.80,0.33,0.41,5.90,0.07,7.00,13.00,1.00,3.30,0.62,12.10,7,Red Wine
4506,6.20,0.36,0.45,10.40,0.06,22.00,184.00,1.00,3.31,0.56,9.80,6,White Wine
4724,7.80,0.42,0.23,8.80,0.05,42.00,215.00,1.00,3.02,0.58,9.20,6,White Wine
211,7.90,0.25,0.35,6.70,0.04,22.00,64.00,0.99,2.93,0.49,10.70,5,White Wine
2382,6.00,0.20,0.38,1.30,0.03,37.00,104.00,0.99,3.11,0.52,12.70,6,White Wine
2367,6.20,0.27,0.26,12.10,0.05,43.00,127.00,1.00,3.16,0.37,10.80,6,White Wine
3235,7.60,0.25,1.23,4.60,0.04,51.00,294.00,0.99,3.03,0.43,13.10,6,White Wine
3427,6.80,0.19,0.23,5.10,0.03,71.00,204.00,0.99,3.23,0.69,10.10,5,White Wine
2184,6.90,0.14,0.38,1.00,0.04,22.00,81.00,0.99,3.03,0.54,11.40,6,White Wine
1754,6.20,0.17,0.28,4.70,0.04,39.00,133.00,0.99,3.41,0.46,10.80,7,White Wine
2419,5.80,0.28,0.18,1.20,0.06,7.00,108.00,0.99,3.23,0.58,9.55,4,White Wine
173,6.80,0.28,0.40,22.00,0.05,48.00,167.00,1.00,2.93,0.50,8.70,5,White Wine
2777,6.60,0.58,0.30,5.10,0.06,30.00,123.00,0.99,3.24,0.38,9.00,5,White Wine
3568,6.60,0.21,0.34,5.60,0.05,30.00,140.00,0.99,3.22,0.38,11.00,5,White Wine
6396,6.40,0.39,0.33,3.30,0.05,12.00,53.00,0.99,3.36,0.62,12.20,6,Red Wine
1075,7.10,0.34,0.15,1.20,0.05,61.00,183.00,0.99,3.09,0.43,9.20,5,White Wine
157,7.10,0.47,0.29,14.80,0.02,22.00,142.00,1.00,3.12,0.48,12.00,8,White Wine
1288,7.10,0.14,0.33,1.00,0.10,20.00,54.00,0.99,3.19,0.64,11.50,6,White Wine
4715,7.20,0.15,0.39,1.80,0.04,21.00,159.00,0.99,3.52,0.47,10.00,5,White Wine
2498,7.20,0.41,0.30,2.10,0.08,35.00,72.00,1.00,3.44,0.52,9.40,5,Red Wine
6200,7.30,0.24,0.39,17.95,0.06,45.00,149.00,1.00,3.21,0.36,8.60,5,White Wine
4536,6.70,0.68,0.07,2.40,0.09,17.00,82.00,1.00,3.35,0.54,10.10,5,Red Wine
1976,7.80,0.56,0.19,2.00,0.08,17.00,108.00,1.00,3.32,0.54,9.50,5,Red Wine
3036,8.30,0.65,0.10,2.90,0.09,17.00,40.00,1.00,3.29,0.55,9.50,5,Red Wine
1706,4.90,0.42,0.00,2.10,0.05,16.00,42.00,0.99,3.71,0.74,14.00,7,Red Wine
4357,7.60,0.30,0.22,10.20,0.05,57.00,191.00,1.00,3.08,0.40,9.30,6,White Wine
1934,7.10,0.37,0.67,10.50,0.04,49.00,155.00,1.00,3.16,0.44,8.70,5,White Wine
5515,7.60,0.18,0.49,18.05,0.05,36.00,158.00,1.00,3.06,0.41,9.20,5,White Wine
1936,6.20,0.35,0.31,2.60,0.04,37.00,92.00,0.99,3.27,0.53,12.80,7,White Wine
57,7.20,0.13,0.46,1.30,0.04,48.00,111.00,0.99,2.97,0.45,11.10,5,White Wine
1680,7.20,0.27,0.42,1.60,0.05,35.00,135.00,0.99,2.94,0.46,11.00,6,White Wine
3428,7.10,0.26,0.32,14.45,0.07,29.00,107.00,1.00,2.96,0.42,9.20,6,White Wine
5635,6.20,0.23,0.36,17.20,0.04,37.00,130.00,1.00,3.23,0.43,8.80,6,White Wine
3323,6.60,0.20,0.32,1.10,0.04,25.00,78.00,0.99,3.39,0.54,10.20,7,White Wine
3242,6.50,0.18,0.33,1.40,0.03,35.00,138.00,0.99,3.36,0.60,11.50,7,White Wine
2772,7.40,0.19,0.30,12.80,0.05,48.50,229.00,1.00,3.14,0.49,9.10,7,White Wine
813,6.90,0.56,0.03,1.50,0.09,36.00,46.00,1.00,3.53,0.57,10.60,5,Red Wine
271,7.00,0.23,0.35,1.40,0.04,31.00,113.00,0.99,3.16,0.48,10.80,7,White Wine
2277,6.30,0.30,0.28,5.00,0.04,36.00,168.00,1.00,3.22,0.69,9.50,6,White Wine
5852,8.10,0.30,0.31,1.10,0.04,49.00,123.00,0.99,2.99,0.45,11.10,6,White Wine
4279,6.50,0.28,0.34,4.60,0.05,22.00,130.00,0.99,3.20,0.46,12.00,7,White Wine
6411,6.30,0.26,0.29,2.20,0.04,35.00,175.00,0.99,3.38,0.43,11.60,6,White Wine
3544,10.00,0.73,0.43,2.30,0.06,15.00,31.00,1.00,3.15,0.57,11.00,5,Red Wine
1293,6.30,0.41,0.22,7.30,0.04,23.00,117.00,0.99,3.20,0.39,11.94,7,White Wine
2959,7.70,0.34,0.28,11.00,0.04,31.00,117.00,1.00,3.27,0.29,9.20,6,White Wine
6441,7.20,0.24,0.29,3.00,0.04,17.00,117.00,0.99,3.36,0.68,10.10,6,White Wine
1542,5.00,0.40,0.50,4.30,0.05,29.00,80.00,0.99,3.49,0.66,13.60,6,Red Wine
3296,6.40,0.16,0.44,1.20,0.05,39.00,122.00,0.99,3.11,0.75,11.30,7,White Wine
1500,5.90,0.19,0.21,1.70,0.04,57.00,135.00,0.99,3.32,0.44,9.50,5,Red Wine
4276,6.60,0.27,0.49,7.80,0.05,62.00,217.00,1.00,3.17,0.45,9.40,6,White Wine
5454,6.50,0.44,0.49,7.70,0.04,16.00,169.00,1.00,3.11,0.37,8.70,6,White Wine
383,6.00,0.32,0.33,9.90,0.03,22.00,90.00,0.99,3.10,0.43,12.10,7,White Wine
538,7.50,0.21,0.29,1.50,0.05,35.00,107.00,0.99,3.15,0.45,11.30,6,White Wine
3167,6.00,0.18,0.31,1.40,0.04,14.00,75.00,0.99,3.34,0.58,11.10,8,White Wine
5381,6.10,0.60,0.08,1.80,0.07,14.00,45.00,0.99,3.38,0.54,11.00,5,Red Wine
1958,7.40,0.18,0.36,13.10,0.06,72.00,163.00,1.00,3.42,0.35,9.10,6,White Wine
1581,6.70,0.25,0.23,7.20,0.04,61.00,220.00,1.00,3.14,0.35,9.50,5,White Wine
4759,6.40,0.31,0.31,12.90,0.04,55.00,161.00,1.00,3.02,0.59,10.20,5,White Wine
649,6.80,0.35,0.53,10.10,0.05,37.00,151.00,1.00,3.07,0.40,9.40,5,White Wine
599,7.80,0.64,0.10,6.00,0.12,5.00,11.00,1.00,3.37,0.69,10.10,7,Red Wine
1816,5.20,0.60,0.07,7.00,0.04,33.00,147.00,0.99,3.33,0.58,9.70,5,White Wine
1464,7.60,0.36,0.48,13.50,0.04,44.00,116.00,1.00,3.04,0.48,9.20,5,White Wine
5835,6.60,0.25,0.29,1.10,0.07,39.00,124.00,0.99,3.34,0.58,11.00,7,White Wine
6486,6.00,0.36,0.32,1.10,0.05,26.00,173.00,0.99,3.38,0.54,8.80,5,White Wine
6332,5.90,0.29,0.32,1.40,0.02,17.00,47.00,0.99,3.35,0.35,11.50,6,White Wine
4200,6.70,0.25,0.26,1.55,0.04,118.50,216.00,0.99,3.55,0.63,9.40,3,White Wine
488,6.10,0.22,0.50,6.60,0.04,30.00,122.00,0.99,3.22,0.49,9.90,6,White Wine
4661,8.10,0.33,0.36,7.40,0.04,36.00,156.00,1.00,3.19,0.54,10.60,6,White Wine
5038,7.00,0.74,0.12,1.80,0.11,15.00,64.00,1.00,3.22,0.59,9.50,6,Red Wine
481,6.10,0.12,0.25,3.30,0.04,10.00,69.00,0.99,3.54,0.59,10.10,6,White Wine
2478,6.10,0.45,0.27,0.80,0.04,13.00,82.00,0.99,3.23,0.32,9.50,5,White Wine
285,6.40,0.26,0.40,1.70,0.18,5.00,60.00,0.99,3.09,0.54,10.10,5,White Wine
6412,6.90,0.50,0.04,1.50,0.09,19.00,49.00,1.00,3.35,0.78,9.50,5,Red Wine
246,6.60,0.41,0.16,1.40,0.04,28.00,160.00,0.99,2.95,0.45,10.60,6,White Wine
3875,5.80,0.32,0.27,1.55,0.03,15.00,70.00,0.99,3.37,0.40,11.90,8,White Wine
2705,7.30,0.52,0.32,2.10,0.07,51.00,70.00,0.99,3.34,0.82,12.90,6,Red Wine
1021,7.70,0.56,0.08,2.50,0.11,14.00,46.00,1.00,3.24,0.66,9.60,6,Red Wine
5776,7.00,0.15,0.38,2.20,0.05,33.00,96.00,0.99,3.13,0.39,10.40,8,White Wine
4603,6.80,0.31,0.32,7.60,0.05,35.00,143.00,1.00,3.14,0.38,9.00,5,White Wine
1850,5.70,0.24,0.30,1.30,0.03,25.00,98.00,0.99,3.37,0.43,12.40,7,White Wine
4052,7.00,0.16,0.25,14.30,0.04,27.00,149.00,1.00,2.91,0.46,9.20,6,White Wine
3074,6.50,0.41,0.22,4.80,0.05,49.00,142.00,0.99,3.14,0.62,9.20,5,White Wine
5114,7.20,0.21,0.29,3.10,0.04,39.00,122.00,0.99,3.00,0.60,11.30,6,White Wine
5971,6.20,0.79,0.00,2.10,0.06,6.00,13.00,1.00,3.59,0.61,10.00,4,Red Wine
2066,7.20,0.25,0.39,18.95,0.04,42.00,155.00,1.00,2.97,0.47,9.00,6,White Wine
5215,7.50,0.31,0.24,7.10,0.03,28.00,141.00,0.99,3.16,0.38,10.60,7,White Wine
3267,7.30,0.38,0.21,2.00,0.08,7.00,35.00,1.00,3.33,0.47,9.50,5,Red Wine
4096,8.40,0.29,0.29,1.05,0.03,4.00,55.00,0.99,2.91,0.32,11.40,4,White Wine
5787,7.80,0.20,0.20,1.40,0.04,25.00,83.00,0.99,3.03,0.46,11.70,6,White Wine
726,6.80,0.18,0.30,12.80,0.06,19.00,171.00,1.00,3.00,0.52,9.00,7,White Wine
4596,6.40,0.29,0.30,6.50,0.21,62.00,156.00,0.99,3.10,0.40,9.40,5,White Wine
2672,6.80,0.68,0.09,3.90,0.07,15.00,29.00,1.00,3.41,0.52,11.10,4,Red Wine
5848,7.00,0.23,0.36,7.10,0.03,31.00,104.00,0.99,3.35,0.47,12.10,8,White Wine
6300,6.40,0.37,0.19,3.50,0.07,18.00,101.00,0.99,3.03,0.38,9.00,6,White Wine
3060,7.00,0.69,0.08,1.80,0.10,22.00,89.00,1.00,3.34,0.54,9.20,6,Red Wine
5210,8.00,0.43,0.36,2.30,0.07,10.00,48.00,1.00,3.34,0.46,9.40,5,Red Wine
4349,6.80,0.30,0.33,12.80,0.04,60.00,168.00,1.00,3.10,0.56,9.80,5,White Wine
6370,7.20,0.20,0.25,4.50,0.04,31.00,109.00,0.99,3.23,0.36,9.40,5,White Wine
245,6.70,0.27,0.69,1.20,0.18,36.00,106.00,0.99,2.96,0.43,9.20,6,White Wine
2323,6.00,0.32,0.30,1.90,0.03,41.00,142.00,0.99,3.29,0.42,12.80,7,White Wine
2468,8.00,0.20,0.44,1.00,0.06,24.00,111.00,0.99,3.09,0.32,11.20,6,White Wine
636,7.20,0.31,0.50,13.30,0.06,68.00,195.00,1.00,3.01,0.47,9.20,5,White Wine
5450,7.00,0.21,0.28,8.60,0.04,37.00,221.00,1.00,3.25,0.54,10.40,6,White Wine
658,7.90,0.28,0.41,4.90,0.06,31.00,153.00,1.00,3.27,0.51,9.70,6,White Wine
817,10.30,0.27,0.56,1.40,0.05,3.00,8.00,0.99,3.16,0.51,11.80,6,Red Wine
990,6.60,0.18,0.26,17.30,0.05,17.00,149.00,1.00,3.00,0.43,9.40,6,White Wine
104,6.10,0.32,0.33,10.70,0.04,27.00,98.00,1.00,3.34,0.52,10.20,6,White Wine
1005,6.40,0.63,0.21,1.60,0.08,12.00,32.00,1.00,3.58,0.66,9.80,5,Red Wine
2758,6.80,0.37,0.51,11.80,0.04,62.00,163.00,1.00,3.19,0.44,8.80,5,White Wine
3608,6.60,0.23,0.32,1.50,0.04,8.00,72.00,0.99,3.22,0.39,12.70,6,White Wine
3677,5.70,0.22,0.29,3.50,0.04,27.00,146.00,0.99,3.17,0.36,12.10,6,White Wine
2626,6.30,0.41,0.30,3.20,0.03,49.00,164.00,0.99,3.53,0.79,11.70,7,White Wine
203,6.80,0.26,0.29,16.95,0.06,48.00,179.00,1.00,3.45,0.40,9.60,5,White Wine
5287,6.00,0.44,0.26,3.10,0.05,57.00,128.00,0.99,3.22,0.39,12.70,6,White Wine
2559,6.80,0.26,0.26,2.00,0.02,23.50,72.00,0.99,3.16,0.47,11.80,6,White Wine
4459,7.20,0.18,0.45,4.40,0.05,57.00,166.00,0.99,3.13,0.62,11.20,6,White Wine
3354,5.70,0.39,0.25,4.90,0.03,49.00,113.00,0.99,3.26,0.58,13.10,7,White Wine
788,6.20,0.31,0.23,3.30,0.05,34.00,113.00,0.99,3.16,0.48,8.40,5,White Wine
5049,7.70,0.27,0.49,3.80,0.04,46.00,139.00,0.99,3.04,0.38,11.60,6,White Wine
1346,6.20,0.34,0.28,7.50,0.03,40.00,197.00,0.99,3.14,0.60,9.70,5,White Wine
4947,6.80,0.31,0.30,8.00,0.03,33.00,122.00,0.99,3.13,0.63,12.60,7,White Wine
1471,7.00,0.20,0.49,5.90,0.04,39.00,128.00,0.99,3.21,0.48,10.80,6,White Wine
5767,7.10,0.46,0.20,1.90,0.08,28.00,54.00,1.00,3.37,0.64,10.40,6,Red Wine
2591,9.60,0.42,0.35,2.10,0.08,17.00,38.00,1.00,3.23,0.66,11.10,6,Red Wine
6340,12.30,0.39,0.63,2.30,0.09,6.00,18.00,1.00,3.16,0.49,9.50,5,Red Wine
5108,6.80,0.32,0.33,0.70,0.03,15.00,66.00,0.99,3.11,0.31,11.80,6,White Wine
5098,8.90,0.64,0.37,1.70,0.26,5.00,62.00,1.00,3.00,1.09,9.30,5,Red Wine
648,7.00,0.24,0.30,4.20,0.04,41.00,213.00,0.99,3.28,0.49,11.80,6,White Wine
556,7.80,0.50,0.30,1.90,0.07,8.00,22.00,1.00,3.31,0.56,10.40,6,Red Wine
5850,7.10,0.32,0.24,13.10,0.05,52.00,204.00,1.00,3.10,0.49,8.80,5,White Wine
1996,6.00,0.36,0.06,1.40,0.07,27.00,128.00,0.99,3.26,0.55,9.30,5,White Wine
5640,8.10,0.17,0.44,14.10,0.05,43.00,145.00,1.00,3.28,0.75,8.80,8,White Wine
4817,7.10,0.35,0.24,15.40,0.06,46.00,198.00,1.00,3.12,0.49,8.80,5,White Wine
5836,6.50,0.19,0.10,1.30,0.05,23.00,107.00,0.99,3.29,0.45,10.00,5,White Wine
4213,6.10,0.25,0.48,15.80,0.05,25.00,94.00,1.00,3.07,0.45,9.20,6,White Wine
5340,7.80,0.26,0.49,3.20,0.03,28.00,87.00,0.99,3.03,0.32,11.30,7,White Wine
1587,8.00,0.28,0.42,7.10,0.04,41.00,169.00,1.00,3.17,0.43,10.60,5,White Wine
5180,11.60,0.42,0.53,3.30,0.10,33.00,98.00,1.00,3.20,0.95,9.20,5,Red Wine
5892,5.50,0.16,0.26,1.50,0.03,35.00,100.00,0.99,3.43,0.77,12.00,6,White Wine
1930,5.70,0.21,0.32,1.60,0.03,33.00,122.00,0.99,3.33,0.52,11.90,6,White Wine
1699,6.80,0.28,0.37,7.00,0.06,35.00,208.00,1.00,3.57,0.55,10.20,5,White Wine
1620,7.70,0.54,0.26,1.90,0.09,23.00,147.00,1.00,3.26,0.59,9.70,5,Red Wine
314,7.30,0.28,0.43,1.70,0.08,21.00,123.00,0.99,3.19,0.42,12.80,5,White Wine
4557,7.00,0.13,0.30,5.00,0.06,31.00,122.00,0.99,3.47,0.42,10.50,6,White Wine
3175,7.50,0.22,0.32,2.40,0.04,29.00,100.00,0.99,3.08,0.60,11.30,7,White Wine
3080,7.70,0.60,0.00,2.60,0.06,7.00,13.00,1.00,3.38,0.56,10.80,5,Red Wine
3176,6.00,0.50,0.00,1.40,0.06,15.00,26.00,0.99,3.36,0.45,9.50,5,Red Wine
95,6.60,0.34,0.40,8.10,0.05,68.00,170.00,0.99,3.15,0.50,9.53,6,White Wine
562,7.10,0.25,0.25,1.60,0.05,50.00,181.00,0.99,3.20,0.42,11.00,7,White Wine
5372,6.10,0.15,0.29,6.20,0.05,39.00,151.00,0.99,3.60,0.44,10.60,6,White Wine
4895,6.70,0.23,0.25,1.60,0.04,28.00,143.00,0.99,3.30,0.54,10.30,6,White Wine
1990,6.50,0.24,0.29,8.20,0.04,32.00,156.00,0.99,3.13,0.70,10.10,6,White Wine
3407,6.40,0.30,0.38,7.80,0.05,35.00,192.00,1.00,3.10,0.37,9.00,5,White Wine
5036,6.30,0.23,0.49,7.10,0.05,67.00,210.00,1.00,3.23,0.34,9.50,5,White Wine
5603,7.80,0.39,0.26,9.90,0.06,33.00,181.00,1.00,3.04,0.42,10.90,6,White Wine
4338,5.70,0.34,0.34,1.00,0.04,13.00,174.00,0.99,3.27,0.66,10.00,5,White Wine
2998,8.00,0.60,0.22,2.10,0.08,25.00,105.00,1.00,3.30,0.49,9.90,5,Red Wine
3660,5.80,0.25,0.24,13.30,0.04,41.00,137.00,1.00,3.34,0.42,9.50,5,White Wine
3936,7.00,0.15,0.28,14.70,0.05,29.00,149.00,1.00,2.96,0.39,9.00,7,White Wine
5859,6.40,0.31,0.28,2.50,0.04,34.00,137.00,0.99,3.22,0.38,12.70,6,White Wine
2147,7.80,0.26,0.44,1.30,0.04,43.00,132.00,0.99,3.18,0.65,10.00,5,White Wine
727,6.40,0.14,0.28,7.90,0.06,21.00,82.00,0.99,3.26,0.36,10.00,6,White Wine
1236,7.50,0.24,0.29,1.10,0.05,34.00,84.00,0.99,3.04,0.39,11.45,6,White Wine
428,7.20,0.19,0.31,1.60,0.06,31.00,173.00,0.99,3.35,0.44,11.70,6,White Wine
5914,6.60,0.16,0.21,6.70,0.06,43.00,157.00,0.99,3.15,0.52,10.80,6,White Wine
6201,6.20,0.23,0.34,1.90,0.04,4.00,117.00,0.99,3.40,0.44,12.20,5,White Wine
3862,7.10,0.21,0.35,2.50,0.04,41.00,186.00,0.99,3.32,0.56,12.50,6,White Wine
763,5.40,0.53,0.16,2.70,0.04,34.00,128.00,0.99,3.20,0.53,13.20,8,White Wine
5371,7.30,0.36,0.62,7.10,0.03,48.00,185.00,0.99,3.14,0.62,10.60,6,White Wine
3389,7.00,0.24,0.24,1.80,0.05,29.00,91.00,0.99,3.30,0.43,9.90,6,White Wine
5699,8.40,0.62,0.12,1.80,0.07,38.00,46.00,1.00,3.38,0.89,11.80,6,Red Wine
4314,10.00,0.59,0.31,2.20,0.09,26.00,62.00,1.00,3.18,0.63,10.20,6,Red Wine
5665,6.00,0.21,0.30,8.70,0.04,47.00,127.00,0.99,3.18,0.39,10.60,5,White Wine
5615,6.70,0.32,0.32,1.70,0.03,31.00,114.00,0.99,3.12,0.35,12.50,6,White Wine
4026,9.10,0.27,0.45,10.60,0.04,28.00,124.00,1.00,3.20,0.46,10.40,9,White Wine
6387,10.20,0.44,0.42,2.00,0.07,7.00,20.00,1.00,3.14,0.79,11.10,7,Red Wine
5514,5.40,0.29,0.38,1.20,0.03,31.00,132.00,0.99,3.28,0.36,12.40,6,White Wine
5299,7.30,0.22,0.37,14.30,0.06,48.00,191.00,1.00,2.89,0.38,9.00,6,White Wine
1989,7.10,0.21,0.37,2.40,0.03,23.00,100.00,0.99,3.15,0.38,11.40,7,White Wine
3388,6.15,0.21,0.37,3.20,0.02,20.00,80.00,0.99,3.39,0.47,12.00,5,White Wine
3688,10.70,0.35,0.53,2.60,0.07,5.00,16.00,1.00,3.15,0.65,11.00,8,Red Wine
6297,8.00,0.42,0.32,2.50,0.08,26.00,122.00,1.00,3.22,1.07,9.70,5,Red Wine
3584,6.80,0.49,0.22,2.30,0.07,13.00,24.00,0.99,3.41,0.83,11.30,6,Red Wine
1767,8.00,0.23,0.41,1.10,0.05,35.00,150.00,0.99,3.09,0.47,11.20,5,White Wine
3872,7.60,0.32,0.58,16.75,0.05,43.00,163.00,1.00,3.15,0.54,9.20,5,White Wine
4559,6.60,0.22,0.23,17.30,0.05,37.00,118.00,1.00,3.08,0.46,8.80,6,White Wine
3487,6.50,0.53,0.06,2.00,0.06,29.00,44.00,0.99,3.38,0.83,10.30,6,Red Wine
3603,12.60,0.31,0.72,2.20,0.07,6.00,29.00,1.00,2.88,0.82,9.80,8,Red Wine
3397,6.00,0.24,0.33,2.50,0.03,31.00,85.00,0.99,3.13,0.50,11.30,7,White Wine
2240,7.60,0.32,0.34,18.35,0.05,44.00,197.00,1.00,3.22,0.55,9.00,5,White Wine
4587,7.90,0.20,0.35,1.70,0.05,7.00,15.00,0.99,3.32,0.80,11.90,7,Red Wine
3457,8.00,0.71,0.22,2.30,0.07,13.00,81.00,1.00,3.24,0.54,9.50,6,Red Wine
3890,5.70,0.22,0.22,16.65,0.04,39.00,110.00,1.00,3.24,0.48,9.00,6,White Wine
2618,5.50,0.35,0.35,1.10,0.04,14.00,167.00,0.99,3.34,0.68,9.90,6,White Wine
4046,6.90,0.24,0.49,1.30,0.03,35.00,148.00,0.99,3.45,0.57,10.70,7,White Wine
3956,5.90,0.25,0.27,1.50,0.03,37.00,81.00,0.99,3.20,0.46,12.20,6,White Wine
3769,7.20,0.32,0.24,5.60,0.03,23.00,120.00,0.99,2.92,0.66,10.30,7,White Wine
3241,7.20,0.34,0.34,12.60,0.05,7.00,41.00,0.99,3.19,0.40,11.70,5,White Wine
5170,6.00,0.19,0.26,12.40,0.05,50.00,147.00,1.00,3.30,0.36,8.90,6,White Wine
1619,5.80,0.30,0.09,6.30,0.04,36.00,138.00,0.99,3.15,0.48,9.70,5,White Wine
258,7.40,0.19,0.31,14.50,0.04,39.00,193.00,1.00,3.10,0.50,9.20,6,White Wine
3110,8.60,0.18,0.36,1.80,0.04,24.00,187.00,1.00,3.25,0.55,9.50,6,White Wine
1272,7.70,0.39,0.28,4.90,0.04,36.00,109.00,0.99,3.19,0.58,12.20,7,White Wine
2859,9.80,0.50,0.34,2.30,0.09,10.00,45.00,1.00,3.24,0.60,9.70,7,Red Wine
1395,7.60,0.37,0.51,11.70,0.09,58.00,181.00,1.00,2.91,0.51,9.00,5,White Wine
64,8.10,0.28,0.39,1.90,0.03,18.00,79.00,0.99,3.23,0.52,11.80,6,White Wine
5319,6.00,0.28,0.27,2.30,0.05,23.00,147.00,0.99,3.23,0.67,10.30,6,White Wine
5486,7.60,0.30,0.38,2.10,0.04,10.00,98.00,0.99,3.17,0.65,11.00,5,White Wine
5248,7.70,0.78,0.42,1.90,0.09,8.00,86.00,1.00,3.23,0.59,9.50,5,Red Wine
3935,7.30,0.25,0.36,2.10,0.03,30.00,177.00,0.99,3.25,0.40,11.90,8,White Wine
2440,6.70,0.24,0.33,12.30,0.05,31.00,145.00,1.00,3.36,0.40,9.50,5,White Wine
5527,6.90,0.58,0.58,8.20,0.03,29.00,169.00,0.99,3.28,0.44,12.20,6,White Wine
1556,6.70,0.42,0.39,12.10,0.04,61.00,248.00,1.00,3.31,0.58,9.70,5,White Wine
4865,8.00,0.25,0.35,1.10,0.05,13.00,136.00,0.99,3.08,0.55,9.50,5,White Wine
1148,12.00,0.50,0.59,1.40,0.07,23.00,42.00,1.00,2.92,0.68,10.50,7,Red Wine
4962,7.90,0.58,0.23,2.30,0.08,23.00,94.00,1.00,3.21,0.58,9.50,6,Red Wine
5623,6.80,0.22,0.35,17.50,0.04,38.00,153.00,1.00,3.24,0.42,9.00,6,White Wine
1393,10.60,1.02,0.43,2.80,0.08,21.00,84.00,1.00,3.06,0.57,10.10,5,Red Wine
4694,7.10,0.28,0.44,1.80,0.03,32.00,107.00,0.99,3.25,0.48,12.20,7,White Wine
6143,6.00,0.27,0.15,1.50,0.06,35.00,128.00,0.99,3.12,0.45,8.80,5,White Wine
6247,6.60,0.56,0.14,2.40,0.06,13.00,29.00,0.99,3.42,0.62,11.70,7,Red Wine
1367,10.00,0.32,0.59,2.20,0.08,3.00,15.00,1.00,3.20,0.78,9.60,5,Red Wine
4120,5.60,0.18,0.31,1.50,0.04,16.00,84.00,0.99,3.34,0.58,10.10,6,White Wine
3307,8.00,0.70,0.05,1.90,0.07,8.00,19.00,1.00,3.34,0.95,10.50,6,Red Wine
4493,6.60,0.32,0.26,4.60,0.03,26.00,120.00,0.99,3.40,0.73,12.50,7,White Wine
1521,7.40,0.29,0.28,10.20,0.03,43.00,138.00,1.00,3.10,0.47,10.60,6,White Wine
2889,6.50,0.23,0.20,7.50,0.05,44.00,179.00,1.00,3.18,0.48,9.53,5,White Wine
3067,8.00,0.36,0.39,1.60,0.02,26.00,93.00,0.99,3.15,0.49,11.90,6,White Wine
2425,5.70,0.27,0.28,6.90,0.04,46.00,150.00,0.99,3.36,0.44,10.80,7,White Wine
2132,7.50,0.17,0.44,11.30,0.05,65.00,146.00,1.00,3.17,0.45,10.00,6,White Wine
453,7.50,0.49,0.20,2.60,0.33,8.00,14.00,1.00,3.21,0.90,10.50,6,Red Wine
4925,6.50,0.18,0.41,14.20,0.04,47.00,129.00,1.00,3.28,0.72,10.30,7,White Wine
748,6.00,0.38,0.26,3.50,0.04,38.00,111.00,0.99,3.18,0.47,13.60,7,White Wine
2426,10.10,0.31,0.44,2.30,0.08,22.00,46.00,1.00,3.32,0.67,9.70,6,Red Wine
669,4.80,0.34,0.00,6.50,0.03,33.00,163.00,0.99,3.36,0.61,9.90,6,White Wine
1430,6.10,0.21,0.19,1.40,0.05,51.00,131.00,0.99,3.22,0.39,10.50,5,White Wine
3640,6.80,0.22,0.31,1.40,0.05,34.00,114.00,0.99,3.39,0.77,10.60,6,White Wine
4189,9.00,0.45,0.49,2.60,0.08,21.00,75.00,1.00,3.35,0.57,9.70,5,Red Wine
4308,6.80,0.34,0.10,1.40,0.05,29.00,118.00,0.99,3.21,0.41,9.50,5,White Wine
5526,8.50,0.17,0.49,8.80,0.05,23.00,108.00,0.99,2.88,0.34,10.50,4,White Wine
1493,6.40,0.69,0.00,1.65,0.06,7.00,12.00,0.99,3.47,0.53,12.90,6,Red Wine
5678,9.00,0.24,0.38,5.90,0.04,52.00,159.00,0.99,2.93,0.35,10.20,6,White Wine
2616,8.00,0.18,0.37,0.90,0.05,36.00,109.00,0.99,2.89,0.44,12.70,6,Red Wine
1596,6.90,0.28,0.27,2.10,0.04,42.00,121.00,0.99,3.42,0.49,10.80,7,White Wine
5584,6.70,0.17,0.50,2.10,0.04,27.00,122.00,0.99,3.15,0.45,10.30,6,White Wine
2619,6.20,0.39,0.24,4.80,0.04,45.00,138.00,0.99,3.23,0.43,11.20,7,White Wine
1441,7.60,0.34,0.39,7.60,0.04,45.00,215.00,1.00,3.11,0.53,9.20,6,White Wine
1658,6.80,0.34,0.44,6.60,0.05,28.00,156.00,1.00,3.14,0.41,9.60,5,White Wine
2714,6.00,0.26,0.15,1.30,0.06,51.00,154.00,0.99,3.14,0.51,8.70,5,White Wine
2647,6.40,0.35,0.28,1.60,0.04,31.00,113.00,0.99,3.12,0.40,14.20,7,White Wine
567,7.70,0.29,0.48,2.30,0.05,36.00,178.00,0.99,3.17,0.64,10.60,6,White Wine
2133,6.00,0.20,0.26,6.80,0.05,22.00,93.00,0.99,3.15,0.42,11.00,6,White Wine
2534,7.90,1.04,0.05,2.20,0.08,13.00,29.00,1.00,3.22,0.55,9.90,6,Red Wine
5885,8.10,0.31,0.36,8.20,0.03,29.00,142.00,0.99,3.01,0.34,13.00,7,White Wine
5399,6.90,0.24,0.37,6.10,0.03,38.00,112.00,0.99,3.19,0.34,12.40,6,White Wine
4884,6.70,0.16,0.36,2.00,0.04,24.00,131.00,0.99,3.30,0.59,10.50,6,White Wine
4992,6.10,0.28,0.25,6.90,0.06,44.00,201.00,1.00,3.19,0.40,9.10,6,White Wine
5293,6.70,0.14,0.46,1.60,0.04,15.00,92.00,0.99,3.37,0.49,10.90,5,White Wine
4095,6.10,0.35,0.24,2.30,0.03,25.00,133.00,0.99,3.34,0.59,12.00,7,White Wine
5900,6.00,0.41,0.05,1.50,0.06,17.00,120.00,0.99,3.21,0.56,9.20,6,White Wine
2079,7.00,0.29,0.33,0.90,0.04,20.00,117.00,0.99,3.21,0.50,11.40,5,White Wine
1073,8.00,0.40,0.33,7.70,0.03,27.00,98.00,0.99,3.18,0.41,12.20,7,White Wine
3391,5.50,0.12,0.33,1.00,0.04,23.00,131.00,0.99,3.25,0.45,9.80,5,White Wine
2944,7.70,0.41,0.76,1.80,0.61,8.00,45.00,1.00,3.06,1.26,9.40,5,Red Wine
892,7.40,0.16,0.49,1.20,0.06,18.00,150.00,0.99,3.23,0.47,11.20,6,White Wine
1846,6.10,0.27,0.32,1.10,0.03,24.00,110.00,0.99,3.36,0.40,12.50,6,White Wine
2854,7.00,0.30,0.38,14.90,0.03,60.00,181.00,1.00,3.18,0.61,9.30,7,White Wine
2776,6.40,0.24,0.49,5.80,0.05,25.00,120.00,0.99,3.01,0.98,10.50,6,White Wine
498,5.60,0.12,0.26,4.30,0.04,18.00,97.00,0.99,3.36,0.46,9.20,5,White Wine
2601,7.20,0.69,0.13,2.00,0.08,12.00,20.00,1.00,3.29,0.54,10.10,5,Red Wine
5395,8.90,0.26,0.33,8.10,0.02,47.00,202.00,1.00,3.13,0.46,10.80,6,White Wine
4394,8.40,0.24,0.49,7.40,0.04,46.00,108.00,0.99,3.03,0.33,11.90,7,White Wine
6006,6.70,0.24,0.32,9.00,0.02,20.00,109.00,0.99,3.34,0.35,12.60,6,White Wine
2905,6.40,0.21,0.34,16.05,0.04,56.00,142.00,1.00,3.11,0.38,10.60,5,White Wine
6009,6.10,0.25,0.48,15.80,0.05,25.00,94.00,1.00,3.07,0.45,9.20,6,White Wine
2089,7.40,0.22,0.28,9.00,0.05,22.00,121.00,0.99,3.10,0.55,10.80,5,White Wine
1212,8.30,0.58,0.13,2.90,0.10,14.00,63.00,1.00,3.17,0.62,9.10,6,Red Wine
5227,7.20,0.39,0.44,2.60,0.07,22.00,48.00,0.99,3.30,0.84,11.50,6,Red Wine
4397,7.90,0.21,0.40,1.20,0.04,38.00,107.00,0.99,3.21,0.54,10.80,6,White Wine
549,7.40,0.55,0.19,1.80,0.08,15.00,34.00,1.00,3.49,0.68,10.50,5,Red Wine
3976,6.70,0.54,0.27,7.10,0.05,8.00,178.00,1.00,3.16,0.38,9.40,4,White Wine
3092,7.10,0.56,0.14,1.60,0.08,7.00,18.00,1.00,3.27,0.62,9.30,5,Red Wine
1273,6.00,0.14,0.37,1.20,0.03,63.00,148.00,0.99,3.32,0.44,11.20,5,White Wine
3573,5.80,0.19,0.24,1.30,0.04,38.00,128.00,0.99,3.77,0.60,10.60,5,White Wine
4887,8.00,0.30,0.28,5.70,0.04,31.00,124.00,0.99,3.16,0.51,10.20,6,White Wine
446,6.00,0.20,0.33,1.10,0.04,45.00,126.00,0.99,3.31,0.45,11.60,7,White Wine
6198,6.20,0.23,0.36,17.20,0.04,37.00,130.00,1.00,3.23,0.43,8.80,6,White Wine
480,6.30,0.51,0.13,2.30,0.08,29.00,40.00,1.00,3.42,0.75,11.00,6,Red Wine
1606,5.80,0.28,0.30,5.40,0.04,41.00,149.00,0.99,3.33,0.42,10.80,7,White Wine
5111,8.00,0.23,0.28,2.70,0.05,49.00,165.00,1.00,3.26,0.72,9.50,6,White Wine
6465,7.50,0.42,0.14,10.70,0.05,18.00,95.00,1.00,3.22,0.33,10.70,5,White Wine
357,7.30,0.25,0.36,2.10,0.03,30.00,177.00,0.99,3.25,0.40,11.90,8,White Wine
4786,7.00,0.42,0.19,2.30,0.07,18.00,36.00,0.99,3.39,0.56,10.90,5,Red Wine
333,10.00,0.44,0.49,2.70,0.08,11.00,19.00,1.00,3.23,0.63,11.60,7,Red Wine
847,6.50,0.20,0.31,2.10,0.03,32.00,95.00,0.99,2.96,0.61,12.00,6,White Wine
4577,7.50,1.11,0.10,3.10,0.09,5.00,12.00,1.00,3.54,0.60,11.20,4,Red Wine
3996,6.70,0.85,0.02,1.90,0.06,29.00,38.00,0.99,3.30,0.56,10.75,6,Red Wine
3225,7.00,0.32,0.31,6.40,0.03,38.00,115.00,0.99,3.38,0.58,12.20,7,White Wine
4681,7.20,0.26,0.40,6.30,0.05,52.00,172.00,1.00,3.18,0.53,9.50,6,White Wine
996,5.30,0.28,0.24,7.40,0.04,28.00,114.00,0.99,3.38,0.51,11.00,6,White Wine
5304,6.50,0.33,0.38,8.30,0.05,68.00,174.00,0.99,3.14,0.50,9.60,5,White Wine
1452,5.30,0.16,0.39,1.00,0.03,40.00,101.00,0.99,3.57,0.59,10.60,6,White Wine
5826,8.40,0.35,0.56,13.80,0.05,55.00,190.00,1.00,3.07,0.58,9.40,6,White Wine
6236,8.00,0.27,0.25,19.10,0.04,50.00,208.00,1.00,3.05,0.50,9.20,6,White Wine
3563,8.10,0.26,0.33,11.10,0.05,52.50,158.00,1.00,3.03,0.49,10.20,7,White Wine
5029,7.90,0.33,0.28,31.60,0.05,35.00,176.00,1.01,3.15,0.38,8.80,6,White Wine
6397,7.20,0.21,1.00,1.10,0.15,46.00,114.00,0.99,2.95,0.43,9.20,6,White Wine
5220,8.00,0.74,0.56,2.00,0.12,30.00,134.00,1.00,3.24,0.66,9.40,5,Red Wine
3016,9.10,0.27,0.32,1.10,0.03,15.00,151.00,0.99,3.03,0.41,10.60,5,White Wine
1248,6.70,0.18,0.24,10.30,0.06,64.00,185.00,1.00,3.12,0.50,10.60,6,White Wine
3711,8.10,0.67,0.55,1.80,0.12,32.00,141.00,1.00,3.17,0.62,9.40,5,Red Wine
1749,7.30,0.20,0.44,1.40,0.04,21.00,98.00,0.99,3.15,0.46,10.00,7,White Wine
4685,5.40,0.74,0.09,1.70,0.09,16.00,26.00,0.99,3.67,0.56,11.60,6,Red Wine
3690,6.30,0.32,0.26,12.00,0.05,63.00,170.00,1.00,3.14,0.55,9.90,6,White Wine
1192,7.00,0.21,0.34,8.00,0.06,19.00,101.00,1.00,2.99,0.59,9.40,5,White Wine
1165,9.50,0.37,0.52,2.00,0.09,12.00,51.00,1.00,3.29,0.58,11.10,6,Red Wine
4123,6.50,0.29,0.31,1.70,0.04,24.00,79.00,0.99,3.27,0.69,11.40,7,White Wine
4642,12.40,0.49,0.58,3.00,0.10,28.00,99.00,1.00,3.16,1.00,11.50,6,Red Wine
4923,6.40,0.17,0.30,2.80,0.03,33.00,125.00,0.99,3.03,0.49,10.40,6,White Wine
352,7.40,0.20,0.33,1.90,0.04,39.00,138.00,0.99,3.17,0.44,11.70,7,White Wine
1528,7.30,0.19,0.25,1.40,0.05,41.00,107.00,0.99,3.53,0.66,10.50,7,White Wine
1450,7.40,0.39,0.48,2.00,0.08,14.00,67.00,1.00,3.34,0.55,9.20,5,Red Wine
3537,7.40,0.28,0.49,1.50,0.03,20.00,126.00,0.99,2.98,0.39,10.60,6,White Wine
6047,7.30,0.19,0.27,13.90,0.06,45.00,155.00,1.00,2.94,0.41,8.80,8,White Wine
4355,7.80,0.50,0.12,1.80,0.18,6.00,21.00,1.00,3.28,0.87,9.80,6,Red Wine
2694,6.40,0.28,0.27,11.00,0.04,45.00,148.00,1.00,3.14,0.46,8.70,5,White Wine
4,7.20,0.24,0.36,2.00,0.03,21.00,63.00,0.99,3.13,0.63,12.50,6,White Wine
4740,8.20,0.92,0.27,2.10,0.09,7.00,23.00,1.00,3.26,0.47,10.00,4,Red Wine
575,6.60,0.85,0.02,2.40,0.06,15.00,23.00,1.00,3.54,0.60,11.00,6,Red Wine
4083,6.30,0.22,0.28,2.40,0.04,38.00,102.00,0.99,3.14,0.37,11.60,7,White Wine
5462,8.10,0.28,0.46,15.40,0.06,32.00,177.00,1.00,3.27,0.58,9.00,4,White Wine
5607,6.30,0.23,0.33,1.50,0.04,15.00,105.00,0.99,3.32,0.42,11.20,6,White Wine
1036,7.10,0.13,0.40,1.20,0.05,54.00,134.00,0.99,3.30,0.97,9.80,7,White Wine
4098,6.80,0.27,0.28,7.80,0.04,26.00,89.00,0.99,3.24,0.34,12.50,6,White Wine
4812,6.70,0.31,0.31,4.90,0.03,20.00,151.00,0.99,3.36,0.82,12.00,7,White Wine
3712,7.10,0.60,0.01,2.30,0.08,24.00,37.00,1.00,3.40,0.61,10.90,6,Red Wine
1341,6.80,0.56,0.22,1.80,0.07,15.00,24.00,0.99,3.40,0.82,11.20,6,Red Wine
2450,6.70,0.48,0.32,1.40,0.02,22.00,121.00,0.99,3.15,0.53,12.70,7,White Wine
5868,8.00,0.20,0.30,8.10,0.04,42.00,130.00,0.99,3.10,0.67,11.80,6,White Wine
780,6.20,0.30,0.21,1.10,0.03,31.00,111.00,0.99,2.97,0.42,12.20,6,White Wine
3302,7.60,0.23,0.34,1.60,0.04,24.00,129.00,0.99,3.12,0.70,10.40,5,White Wine
59,7.10,0.20,0.41,2.10,0.05,24.00,166.00,0.99,3.48,0.62,10.50,6,White Wine
4458,8.70,0.34,0.46,13.80,0.06,68.00,198.00,1.00,3.36,0.37,9.50,6,White Wine
3805,7.40,0.25,0.36,13.20,0.07,53.00,178.00,1.00,3.01,0.48,9.00,6,White Wine
584,5.70,0.25,0.26,12.50,0.05,52.50,120.00,1.00,3.08,0.45,9.40,6,White Wine
1622,7.00,0.36,0.30,5.00,0.04,40.00,143.00,0.99,3.33,0.42,12.20,7,White Wine
4175,6.10,0.26,0.28,1.70,0.04,24.00,98.00,0.99,3.14,0.44,12.50,6,White Wine
6466,10.70,0.22,0.56,8.20,0.04,37.00,181.00,1.00,2.87,0.68,9.50,6,White Wine
5680,6.70,0.33,0.82,1.20,0.15,49.00,120.00,0.99,2.99,0.38,9.20,5,White Wine
2200,7.60,0.41,0.14,3.00,0.09,21.00,43.00,1.00,3.32,0.57,10.50,6,Red Wine
2447,6.70,0.34,0.26,1.90,0.04,58.00,138.00,0.99,3.00,0.47,12.20,7,White Wine
5282,8.40,0.62,0.09,2.20,0.08,11.00,108.00,1.00,3.15,0.66,9.80,5,Red Wine
2188,7.00,0.30,0.28,2.20,0.04,21.00,177.00,0.99,3.20,0.57,11.40,5,White Wine
6444,6.90,0.38,0.29,13.65,0.05,52.00,189.00,1.00,3.00,0.60,9.50,6,White Wine
4415,7.10,0.60,0.00,1.80,0.07,16.00,34.00,1.00,3.47,0.70,9.90,6,Red Wine
942,6.00,0.19,0.26,1.40,0.04,30.00,104.00,0.99,3.32,0.41,12.40,6,White Wine
5983,5.20,0.49,0.26,2.30,0.09,23.00,74.00,1.00,3.71,0.62,12.20,6,Red Wine
5922,15.90,0.36,0.65,7.50,0.10,22.00,71.00,1.00,2.98,0.84,14.90,5,Red Wine
4245,8.40,0.31,0.31,0.95,0.02,52.00,148.00,0.99,2.93,0.32,11.50,5,White Wine
2955,6.80,0.39,0.31,14.35,0.04,28.00,162.00,1.00,3.17,0.54,9.10,5,White Wine
4285,7.90,0.35,0.21,1.90,0.07,46.00,102.00,1.00,3.27,0.58,9.50,5,Red Wine
368,5.20,0.24,0.45,3.80,0.03,21.00,128.00,0.99,3.55,0.49,11.20,8,White Wine
6109,6.80,0.25,0.34,4.70,0.03,34.00,134.00,0.99,3.21,0.38,10.60,6,White Wine
3731,7.30,0.26,0.31,1.60,0.04,39.00,173.00,0.99,3.19,0.51,11.40,6,White Wine
249,8.50,0.15,0.49,1.50,0.03,17.00,122.00,0.99,3.03,0.40,10.30,6,White Wine
1031,6.40,0.22,0.32,7.20,0.03,15.00,83.00,0.99,3.13,0.55,10.90,8,White Wine
2216,8.70,0.70,0.24,2.50,0.23,5.00,15.00,1.00,3.32,0.60,9.00,6,Red Wine
6095,6.40,0.14,0.28,7.90,0.06,21.00,82.00,0.99,3.26,0.36,10.00,6,White Wine
849,5.60,0.26,0.18,1.40,0.03,18.00,135.00,0.99,3.32,0.35,10.20,6,White Wine
923,5.70,0.26,0.27,4.10,0.20,73.50,189.50,0.99,3.27,0.38,9.40,6,White Wine
1206,7.20,0.36,0.46,2.10,0.07,24.00,44.00,1.00,3.40,0.85,11.00,7,Red Wine
3528,6.10,0.30,0.56,2.80,0.04,47.00,179.00,0.99,3.30,0.57,10.90,7,White Wine
4065,5.50,0.31,0.29,3.00,0.03,16.00,102.00,0.99,3.23,0.56,11.20,6,White Wine
1786,7.30,0.27,0.30,1.30,0.04,26.00,84.00,0.99,3.28,0.53,10.70,6,White Wine
6320,7.00,0.22,0.26,1.10,0.04,20.00,71.00,0.99,3.10,0.38,11.70,6,White Wine
6384,6.50,0.26,0.34,1.40,0.04,25.00,184.00,0.99,3.29,0.46,10.70,5,White Wine
5058,8.20,0.28,0.40,2.40,0.05,4.00,10.00,0.99,3.33,0.70,12.80,7,Red Wine
1224,6.70,0.11,0.34,8.80,0.04,41.00,113.00,1.00,3.42,0.40,9.30,7,White Wine
4494,5.90,0.21,0.23,7.90,0.03,22.00,130.00,0.99,3.38,0.59,10.90,6,White Wine
3053,7.60,0.13,0.34,9.30,0.06,40.00,126.00,1.00,3.21,0.39,9.60,5,White Wine
4288,7.10,0.44,0.62,11.80,0.04,52.00,152.00,1.00,3.12,0.46,8.70,6,White Wine
3788,7.10,0.21,0.30,1.40,0.04,45.00,143.00,0.99,3.13,0.33,9.90,6,White Wine
6108,7.10,0.20,0.30,0.90,0.02,4.00,28.00,0.99,3.20,0.36,12.00,6,White Wine
2207,7.00,0.43,0.36,1.60,0.09,14.00,37.00,1.00,3.34,0.56,9.20,6,Red Wine
6131,6.40,0.38,0.26,8.20,0.04,28.00,98.00,0.99,2.99,0.31,11.40,6,White Wine
6443,6.80,0.33,0.28,1.20,0.03,38.00,131.00,0.99,3.19,0.41,13.00,6,White Wine
3570,10.10,0.28,0.46,1.80,0.05,5.00,13.00,1.00,3.04,0.79,10.20,6,Red Wine
5658,5.00,1.04,0.24,1.60,0.05,32.00,96.00,0.99,3.74,0.62,11.50,5,Red Wine
3375,6.10,0.28,0.27,8.00,0.05,41.00,162.00,0.99,3.21,0.51,9.90,5,White Wine
5161,5.70,0.28,0.24,17.50,0.04,60.00,167.00,1.00,3.31,0.44,9.40,5,White Wine
4551,7.60,0.31,0.23,12.70,0.05,20.00,139.00,1.00,3.16,0.50,9.70,4,White Wine
4508,13.80,0.49,0.67,3.00,0.09,6.00,15.00,1.00,3.02,0.93,12.00,6,Red Wine
2720,7.10,0.23,0.39,1.60,0.03,12.00,65.00,0.99,3.25,0.40,12.70,7,White Wine
2700,6.70,0.14,0.51,4.30,0.03,57.00,124.00,0.99,2.91,0.54,10.70,7,White Wine
3672,6.40,0.16,0.25,1.40,0.06,21.00,125.00,0.99,3.23,0.44,11.10,7,White Wine
457,6.70,0.34,0.43,1.60,0.04,29.00,114.00,0.99,3.23,0.44,12.60,6,White Wine
1319,10.70,0.43,0.39,2.20,0.11,8.00,32.00,1.00,2.89,0.50,9.60,5,Red Wine
161,7.50,0.58,0.14,2.20,0.08,27.00,60.00,1.00,3.28,0.59,9.80,5,Red Wine
2019,10.90,0.37,0.58,4.00,0.07,17.00,65.00,1.00,3.22,0.78,10.10,5,Red Wine
5570,6.40,0.14,0.31,1.20,0.03,53.00,138.00,0.99,3.38,0.35,11.50,7,White Wine
1191,6.40,0.16,0.31,5.30,0.04,42.00,157.00,0.99,3.35,0.47,10.50,5,White Wine
4149,6.50,0.27,0.26,8.20,0.04,21.00,133.00,1.00,3.43,0.64,9.80,6,White Wine
2752,7.60,0.33,0.36,2.10,0.03,26.00,172.00,0.99,3.42,0.48,10.50,4,White Wine
5621,7.90,0.26,0.33,10.30,0.04,73.00,212.00,1.00,2.93,0.49,9.50,6,White Wine
2091,6.60,0.32,0.41,7.20,0.05,55.00,178.00,1.00,3.20,0.46,9.40,5,White Wine
582,6.70,0.19,0.34,1.00,0.02,22.00,94.00,0.99,3.23,0.57,11.10,6,White Wine
1949,6.50,0.22,0.34,12.00,0.05,55.00,177.00,1.00,3.52,0.44,9.90,6,White Wine
3994,6.30,0.27,0.25,5.80,0.04,52.00,155.00,0.99,3.28,0.38,9.40,6,White Wine
282,6.90,0.13,0.28,13.30,0.05,47.00,132.00,1.00,3.34,0.42,10.10,6,White Wine
2696,5.90,0.65,0.12,2.00,0.07,32.00,44.00,1.00,3.57,0.71,10.20,5,Red Wine
4061,7.40,0.21,0.80,12.30,0.04,77.00,183.00,1.00,2.95,0.48,9.00,5,White Wine
789,5.90,0.48,0.30,1.50,0.04,19.00,78.00,0.99,3.47,0.42,11.90,7,White Wine
450,6.20,0.45,0.20,1.60,0.07,3.00,15.00,1.00,3.41,0.56,9.20,5,Red Wine
452,6.90,0.16,0.35,1.30,0.04,21.00,182.00,0.99,3.25,0.62,10.80,6,White Wine
918,6.90,0.30,0.45,1.40,0.04,36.00,122.00,0.99,3.07,0.47,11.10,7,White Wine
2726,6.80,0.32,0.34,6.00,0.05,5.00,129.00,1.00,3.19,0.40,9.10,5,White Wine
5523,5.60,0.20,0.36,2.50,0.05,16.00,125.00,0.99,3.49,0.49,10.00,6,White Wine
2525,7.70,0.34,0.27,8.80,0.06,39.00,184.00,1.00,3.09,0.63,9.20,6,White Wine
856,5.80,0.26,0.18,1.20,0.03,40.00,114.00,0.99,3.42,0.40,11.00,7,White Wine
4921,6.00,0.25,0.28,7.70,0.05,37.00,132.00,0.99,3.06,0.50,9.40,6,White Wine
1349,5.60,0.18,0.29,2.30,0.04,5.00,47.00,0.99,3.07,0.45,10.10,4,White Wine
1732,7.90,0.35,0.46,3.60,0.08,15.00,37.00,1.00,3.35,0.86,12.80,8,Red Wine
2148,7.40,0.16,0.33,1.20,0.04,47.00,121.00,0.99,3.04,0.68,10.50,7,White Wine
6019,5.80,0.20,0.30,1.50,0.03,21.00,57.00,0.99,3.44,0.55,11.00,6,White Wine
6380,6.20,0.30,0.28,1.60,0.04,28.00,106.00,0.99,3.14,0.41,13.30,6,White Wine
6408,6.30,0.60,0.44,11.00,0.05,50.00,245.00,1.00,3.19,0.57,9.30,4,White Wine
4472,7.60,0.23,0.40,5.20,0.07,14.00,91.00,0.99,3.17,0.80,9.70,5,White Wine
6452,8.90,0.48,0.24,2.85,0.09,35.00,106.00,1.00,3.10,0.53,9.20,5,Red Wine
2966,6.60,0.26,0.31,4.80,0.14,41.00,168.00,1.00,3.20,0.38,9.30,5,White Wine
2058,6.90,0.19,0.60,4.00,0.04,6.00,122.00,0.99,2.92,0.59,10.40,4,White Wine
3075,6.80,0.16,0.36,1.30,0.03,32.00,98.00,0.99,3.02,0.58,11.30,6,White Wine
1302,7.00,0.28,0.32,7.75,0.03,30.00,114.00,0.99,3.12,0.64,12.80,7,White Wine
3162,6.10,0.27,0.25,1.80,0.04,9.00,109.00,0.99,3.08,0.54,9.00,5,White Wine
1083,6.50,0.36,0.31,13.55,0.05,20.00,113.00,1.00,3.20,0.56,11.00,6,White Wine
5300,7.20,0.36,0.36,5.70,0.04,26.00,98.00,0.99,2.93,0.59,12.50,7,White Wine
2773,6.10,0.16,0.34,6.10,0.03,31.00,114.00,0.99,3.32,0.58,10.13,7,White Wine
3526,7.80,0.57,0.31,1.80,0.07,26.00,120.00,1.00,3.29,0.53,9.30,5,Red Wine
1155,7.00,0.24,0.18,1.30,0.05,9.00,62.00,0.99,3.38,0.47,10.10,4,White Wine
2552,6.90,0.49,0.19,1.70,0.08,13.00,26.00,1.00,3.38,0.64,9.80,6,Red Wine
6171,6.70,0.75,0.12,2.00,0.09,12.00,80.00,1.00,3.38,0.52,10.10,5,Red Wine
4132,7.00,0.14,0.40,1.70,0.04,16.00,85.00,0.99,3.19,0.42,11.80,6,White Wine
4616,7.40,0.28,0.25,11.90,0.05,25.00,148.00,1.00,3.10,0.62,9.20,5,White Wine
483,9.80,0.37,0.39,2.50,0.08,28.00,65.00,1.00,3.16,0.59,9.80,5,Red Wine
1428,6.70,0.26,0.49,8.10,0.05,48.00,197.00,1.00,3.19,0.48,9.50,5,White Wine
3117,6.40,0.35,0.35,5.60,0.03,9.00,148.00,0.99,3.17,0.50,9.80,4,White Wine
965,7.40,0.30,0.49,8.20,0.06,49.00,188.00,1.00,3.52,0.58,9.70,6,White Wine
6464,5.80,0.32,0.19,19.40,0.03,28.00,106.00,1.00,2.97,0.40,10.55,6,White Wine
3014,7.80,0.52,0.25,1.90,0.08,14.00,38.00,1.00,3.43,0.65,9.00,6,Red Wine
4711,8.80,0.44,0.49,2.80,0.08,18.00,111.00,1.00,3.30,0.60,9.50,5,Red Wine
4625,7.10,0.44,0.37,2.70,0.04,35.00,128.00,0.99,3.07,0.43,13.50,7,White Wine
17,6.20,0.19,0.29,4.30,0.04,33.00,126.00,1.00,3.18,0.42,9.30,6,White Wine
1828,11.50,0.18,0.51,4.00,0.10,4.00,23.00,1.00,3.28,0.97,10.10,6,Red Wine
2553,6.90,0.40,0.17,12.90,0.03,59.00,186.00,1.00,3.08,0.49,9.40,5,White Wine
6261,7.90,0.40,0.30,1.80,0.16,2.00,45.00,1.00,3.31,0.91,9.50,6,Red Wine
4773,5.90,0.29,0.25,12.00,0.06,48.00,224.00,1.00,3.23,0.41,9.00,6,White Wine
1524,6.60,0.27,0.52,8.10,0.04,53.00,202.00,1.00,3.18,0.48,9.50,5,White Wine
3783,6.90,0.36,0.35,8.60,0.04,37.00,125.00,0.99,3.00,0.32,12.40,8,White Wine
666,11.10,0.31,0.49,2.70,0.09,16.00,47.00,1.00,3.12,1.02,10.60,7,Red Wine
5721,6.30,0.18,0.36,1.20,0.03,26.00,111.00,0.99,3.16,0.51,11.00,6,White Wine
114,6.10,0.20,0.34,9.50,0.04,38.00,201.00,0.99,3.14,0.44,10.10,3,White Wine
1511,5.90,0.37,0.10,1.60,0.06,39.00,128.00,0.99,3.24,0.48,10.10,5,White Wine
5832,7.10,0.15,0.34,1.00,0.03,27.00,73.00,0.99,3.24,0.41,12.20,6,White Wine
570,8.00,0.83,0.27,2.00,0.08,11.00,63.00,1.00,3.29,0.48,9.80,4,Red Wine
951,8.20,0.73,0.21,1.70,0.07,5.00,13.00,1.00,3.20,0.52,9.50,5,Red Wine
2210,6.80,0.24,0.34,2.70,0.05,64.50,218.50,0.99,3.30,0.58,9.70,6,White Wine
4059,5.70,0.12,0.26,5.50,0.03,21.00,99.00,0.99,3.09,0.57,9.90,6,White Wine
3780,6.40,0.46,0.08,4.90,0.05,34.00,144.00,0.99,3.10,0.56,10.00,5,White Wine
2690,7.20,0.62,0.06,2.70,0.08,15.00,85.00,1.00,3.51,0.54,9.50,5,Red Wine
793,6.60,0.17,0.26,7.40,0.05,45.00,128.00,0.99,3.16,0.37,10.00,6,White Wine
531,8.20,0.30,0.44,12.40,0.04,52.00,154.00,0.99,3.04,0.33,12.00,6,White Wine
1965,6.40,0.30,0.30,2.25,0.04,8.00,210.00,0.99,3.20,0.62,9.90,6,White Wine
3509,6.90,0.77,0.02,2.30,0.06,35.00,63.00,1.00,3.57,0.78,9.90,5,Red Wine
4278,6.40,0.31,0.39,7.50,0.04,57.00,213.00,0.99,3.32,0.43,10.00,5,White Wine
5668,7.00,0.32,0.24,6.20,0.05,31.00,228.00,1.00,3.23,0.62,9.40,6,White Wine
2211,7.00,0.24,0.34,3.00,0.04,36.00,102.00,0.99,3.18,0.43,12.20,6,White Wine
5212,5.20,0.24,0.15,7.10,0.04,32.00,134.00,0.99,3.24,0.48,9.90,6,White Wine
1042,11.10,0.42,0.47,2.65,0.09,9.00,34.00,1.00,3.24,0.77,12.10,7,Red Wine
1864,6.70,0.41,0.24,5.40,0.04,33.00,115.00,0.99,3.12,0.44,12.89,7,White Wine
4967,5.20,0.17,0.27,0.70,0.03,11.00,68.00,0.99,3.30,0.41,9.80,5,White Wine
619,10.80,0.50,0.46,2.50,0.07,5.00,27.00,1.00,3.05,0.64,9.50,5,Red Wine
5397,8.70,0.29,0.52,1.60,0.11,12.00,37.00,1.00,3.25,0.58,9.50,5,Red Wine
3552,8.80,0.23,0.74,3.20,0.04,15.00,126.00,0.99,3.02,0.51,11.20,6,White Wine
30,6.70,0.24,0.26,5.40,0.03,15.00,94.00,0.99,3.15,0.38,12.70,6,White Wine
2951,7.40,0.53,0.26,2.00,0.10,16.00,72.00,1.00,3.15,0.57,9.40,5,Red Wine
2325,5.80,0.36,0.32,1.70,0.03,22.00,96.00,0.99,3.03,0.38,11.20,6,White Wine
596,6.60,0.24,0.22,12.30,0.05,35.00,146.00,1.00,3.10,0.67,9.40,5,White Wine
682,7.00,0.56,0.13,1.60,0.08,25.00,42.00,1.00,3.34,0.59,9.20,5,Red Wine
5467,7.30,0.32,0.34,6.60,0.03,24.00,112.00,1.00,3.22,0.46,9.80,6,White Wine
1465,7.00,0.13,0.37,12.85,0.04,36.00,105.00,1.00,3.05,0.55,10.70,6,White Wine
4257,12.20,0.45,0.49,1.40,0.07,3.00,6.00,1.00,3.13,0.63,10.40,5,Red Wine
5528,8.30,0.16,0.48,1.70,0.06,31.00,98.00,0.99,3.15,0.41,10.30,6,White Wine
3609,6.50,0.37,0.33,3.90,0.03,40.00,130.00,0.99,3.28,0.39,12.70,7,White Wine
2830,6.60,0.23,0.24,3.90,0.04,36.00,138.00,0.99,3.15,0.64,11.30,7,White Wine
925,6.80,0.14,0.35,1.50,0.05,40.00,117.00,0.99,3.07,0.72,11.10,6,White Wine
4999,6.60,0.34,0.24,3.30,0.03,29.00,99.00,0.99,3.10,0.40,12.30,7,White Wine
6044,7.00,0.39,0.21,10.70,0.10,13.00,91.00,1.00,3.03,0.47,9.30,5,White Wine
4376,6.40,0.42,0.46,8.40,0.05,58.00,180.00,0.99,3.18,0.46,9.70,6,White Wine
3303,8.20,0.64,0.27,2.00,0.10,5.00,77.00,1.00,3.13,0.62,9.10,6,Red Wine
873,6.00,0.27,0.19,1.70,0.02,24.00,110.00,0.99,3.32,0.47,12.60,7,White Wine
348,6.80,0.33,0.30,2.10,0.05,35.00,147.00,0.99,3.24,0.56,13.40,6,White Wine
2215,6.10,0.37,0.36,4.70,0.04,36.00,116.00,0.99,3.31,0.62,12.60,6,White Wine
5689,6.60,0.42,0.25,2.35,0.03,23.00,87.00,0.99,3.05,0.41,11.40,6,White Wine
4511,7.10,0.36,0.20,1.60,0.27,24.00,140.00,0.99,3.11,0.63,9.80,5,White Wine
3904,8.50,0.24,0.47,15.20,0.06,40.00,234.00,1.00,3.02,0.66,9.00,5,White Wine
5765,6.30,0.47,0.00,1.40,0.06,27.00,33.00,0.99,3.45,0.48,12.30,6,Red Wine
192,9.70,0.55,0.17,2.90,0.09,20.00,53.00,1.00,3.14,0.61,9.40,5,Red Wine
6154,6.50,0.26,0.74,13.30,0.04,68.00,224.00,1.00,3.18,0.54,9.50,6,White Wine
4271,9.20,0.59,0.24,3.30,0.10,20.00,47.00,1.00,3.26,0.67,9.60,5,Red Wine
2806,6.00,0.20,0.25,2.00,0.04,30.00,95.00,0.99,3.27,0.56,11.10,6,White Wine
3914,7.70,0.53,0.06,1.70,0.07,9.00,39.00,1.00,3.35,0.48,9.80,6,Red Wine
5128,6.60,0.26,0.21,2.90,0.03,48.00,126.00,0.99,3.22,0.38,11.30,7,White Wine
465,7.30,1.07,0.09,1.70,0.18,10.00,89.00,1.00,3.30,0.57,9.00,5,Red Wine
2001,6.60,0.18,0.28,1.70,0.04,53.00,161.00,0.99,3.13,0.45,10.20,6,White Wine
1245,6.00,0.28,0.29,19.30,0.05,36.00,174.00,1.00,3.14,0.50,9.00,5,White Wine
1979,7.30,0.20,0.29,19.90,0.04,69.00,237.00,1.00,3.10,0.48,9.20,6,White Wine
854,6.10,0.30,0.30,2.10,0.03,50.00,163.00,0.99,3.39,0.43,12.70,7,White Wine
1586,6.80,0.18,0.46,1.40,0.06,37.00,160.00,0.99,3.37,0.45,11.10,5,White Wine
4963,6.00,0.39,0.26,2.70,0.04,39.00,187.00,0.99,3.41,0.50,10.80,6,White Wine
117,7.10,0.36,0.24,1.80,0.03,32.00,102.00,0.99,3.34,0.59,12.80,6,White Wine
2459,6.60,0.34,0.25,4.80,0.04,16.00,121.00,0.99,3.36,0.71,12.60,6,White Wine
1327,7.60,0.28,0.32,14.60,0.06,32.00,201.00,1.00,3.00,0.45,9.20,5,White Wine
4717,6.50,0.20,0.24,9.20,0.04,25.00,150.00,1.00,3.22,0.44,10.50,5,White Wine
5320,6.40,0.57,0.02,1.80,0.07,4.00,11.00,1.00,3.46,0.68,9.50,5,Red Wine
349,7.30,0.32,0.29,1.50,0.04,32.00,144.00,0.99,3.20,0.55,10.80,5,White Wine
6374,8.20,0.38,0.32,2.50,0.08,24.00,71.00,1.00,3.27,0.85,11.00,6,Red Wine
977,8.50,0.34,0.44,1.70,0.08,6.00,12.00,1.00,3.52,0.63,10.70,5,Red Wine
5061,6.00,0.24,0.27,1.90,0.05,40.00,170.00,0.99,3.64,0.54,10.00,7,White Wine
507,6.80,0.18,0.32,7.20,0.05,17.00,109.00,0.99,3.42,0.44,10.40,6,White Wine
546,6.90,0.26,0.49,1.60,0.06,39.00,166.00,1.00,3.65,0.52,9.40,4,White Wine
1778,6.40,0.18,0.28,17.05,0.05,53.00,139.00,1.00,3.25,0.35,10.50,6,White Wine
361,6.40,0.41,0.01,6.10,0.05,20.00,70.00,0.99,3.19,0.42,10.00,5,White Wine
6020,7.50,0.60,0.32,2.70,0.10,13.00,98.00,1.00,3.45,0.62,9.50,5,Red Wine
5758,6.90,0.26,0.33,12.60,0.05,59.00,173.00,1.00,3.39,0.38,9.90,5,White Wine
2611,7.80,0.58,0.13,2.10,0.10,17.00,36.00,0.99,3.24,0.53,11.20,6,Red Wine
223,6.90,0.25,0.40,1.30,0.04,22.00,101.00,0.99,3.03,0.39,11.40,6,White Wine
6205,6.70,0.28,0.31,7.40,0.04,7.00,81.00,0.99,3.04,0.47,11.40,8,White Wine
4797,6.60,0.23,0.18,8.50,0.04,59.00,188.00,1.00,3.16,0.49,9.50,5,White Wine
1391,6.30,0.25,0.22,3.30,0.05,41.00,161.00,0.99,3.16,0.50,10.50,6,White Wine
1177,7.20,0.56,0.26,2.00,0.08,13.00,100.00,1.00,3.26,0.52,9.90,5,Red Wine
6028,6.20,0.33,0.19,5.60,0.04,22.00,143.00,0.99,3.15,0.63,9.90,5,White Wine
381,7.40,0.35,0.20,13.90,0.05,63.00,229.00,1.00,3.11,0.50,8.90,6,White Wine
5364,9.00,0.26,0.34,6.70,0.03,21.00,162.00,0.99,3.08,0.50,10.60,6,White Wine
6301,6.40,0.31,0.28,2.50,0.04,34.00,137.00,0.99,3.22,0.38,12.70,6,White Wine
3490,6.70,0.19,0.41,15.60,0.06,75.00,155.00,1.00,3.20,0.44,8.80,6,White Wine
2027,7.90,0.46,0.40,10.10,0.17,19.00,184.00,1.00,3.06,0.62,9.50,5,White Wine
939,6.40,0.79,0.04,2.20,0.06,11.00,17.00,1.00,3.53,0.65,10.40,6,Red Wine
4897,7.80,0.19,0.26,8.90,0.04,42.00,182.00,1.00,3.18,0.46,9.90,6,White Wine
6233,7.10,0.64,0.49,1.80,0.05,17.00,128.00,0.99,3.31,0.58,10.60,4,White Wine
1012,6.10,0.19,0.37,2.60,0.04,24.00,99.00,0.99,3.18,0.50,10.90,6,White Wine
241,8.00,0.26,0.28,8.20,0.04,72.00,202.00,1.00,3.12,0.56,10.00,6,White Wine
5447,5.00,0.30,0.33,3.70,0.03,54.00,173.00,0.99,3.36,0.30,13.00,7,White Wine
1330,6.40,0.15,0.44,1.20,0.04,67.00,150.00,0.99,3.14,0.73,11.20,7,White Wine
2234,6.90,0.28,0.31,7.20,0.04,47.00,168.00,0.99,3.29,0.57,10.60,7,White Wine
66,7.30,0.19,0.27,13.90,0.06,45.00,155.00,1.00,2.94,0.41,8.80,8,White Wine
871,7.80,0.26,0.74,7.50,0.04,59.00,160.00,1.00,3.22,0.64,10.00,6,White Wine
1695,6.80,0.17,0.74,2.40,0.05,61.00,182.00,1.00,3.63,0.76,10.50,6,White Wine
405,6.00,0.24,0.34,1.00,0.04,52.00,184.00,0.99,3.44,0.44,11.45,6,White Wine
3363,7.10,0.32,0.30,9.90,0.04,63.00,192.00,1.00,3.12,0.49,10.20,6,White Wine
5757,6.90,0.36,0.28,13.55,0.05,51.00,189.00,1.00,3.00,0.60,9.50,7,White Wine
832,6.20,0.21,0.18,11.60,0.04,61.00,155.00,1.00,3.14,0.52,9.40,6,White Wine
4857,5.60,0.18,0.19,7.10,0.05,36.00,110.00,0.99,3.26,0.41,9.50,6,White Wine
4270,6.40,0.24,0.29,1.00,0.04,18.00,122.00,0.99,3.30,0.42,11.50,5,White Wine
608,6.60,0.24,0.24,8.60,0.03,25.00,135.00,1.00,3.33,0.59,10.30,6,White Wine
4084,6.90,0.20,0.41,1.10,0.06,36.00,104.00,0.99,2.99,0.39,9.20,5,White Wine
3559,7.50,0.17,0.37,1.50,0.06,18.00,75.00,0.99,3.54,0.88,10.70,5,White Wine
545,6.60,0.36,0.28,6.10,0.03,12.00,93.00,0.99,3.19,0.27,12.80,7,White Wine
5081,7.50,0.42,0.45,9.10,0.03,20.00,125.00,1.00,3.12,0.36,10.10,6,White Wine
2971,6.90,0.20,0.28,1.20,0.05,36.00,159.00,0.99,3.19,0.43,9.10,6,White Wine
3542,7.60,0.56,0.12,10.40,0.10,22.00,177.00,1.00,3.32,0.45,9.10,4,White Wine
2213,7.00,0.54,0.09,2.00,0.08,10.00,16.00,0.99,3.43,0.59,11.50,6,Red Wine
6025,8.30,0.26,0.42,2.00,0.08,11.00,27.00,1.00,3.21,0.80,9.40,6,Red Wine
6333,12.50,0.37,0.55,2.60,0.08,25.00,68.00,1.00,3.15,0.82,10.40,6,Red Wine
716,6.80,0.31,0.32,7.60,0.05,35.00,143.00,1.00,3.14,0.38,9.00,5,White Wine
195,7.90,0.16,0.30,4.80,0.04,37.00,171.00,1.00,3.47,0.44,9.00,4,White Wine
219,7.00,0.22,0.28,10.60,0.04,32.00,117.00,0.99,3.05,0.55,11.50,7,White Wine
3121,7.10,0.35,0.27,3.10,0.03,28.00,134.00,0.99,3.26,0.38,13.10,7,White Wine
2824,7.70,0.96,0.20,2.00,0.05,15.00,60.00,1.00,3.36,0.44,10.90,5,Red Wine
4198,8.60,0.63,0.17,2.90,0.10,21.00,119.00,1.00,3.09,0.52,9.30,5,Red Wine
4193,7.90,0.36,0.53,12.90,0.05,63.00,139.00,1.00,2.94,0.45,9.10,5,White Wine
1763,6.80,0.32,0.34,6.00,0.05,5.00,129.00,1.00,3.19,0.40,9.10,5,White Wine
4184,6.60,0.24,0.22,12.30,0.05,35.00,146.00,1.00,3.10,0.67,9.40,5,White Wine
5432,7.20,0.23,0.39,2.30,0.03,29.00,102.00,0.99,3.26,0.54,12.30,7,White Wine
4092,7.30,0.19,0.27,13.90,0.06,45.00,155.00,1.00,2.94,0.41,8.80,8,White Wine
2568,6.40,0.25,0.30,5.50,0.04,15.00,129.00,0.99,3.14,0.49,9.60,6,White Wine
5266,6.60,0.72,0.09,5.50,0.12,9.00,17.00,1.00,3.35,0.49,10.80,6,Red Wine
2537,8.70,0.70,0.24,2.50,0.23,5.00,15.00,1.00,3.32,0.60,9.00,6,Red Wine
1688,6.80,0.28,0.43,7.60,0.03,30.00,110.00,0.99,3.08,0.59,12.50,8,White Wine
1545,8.10,0.19,0.40,0.90,0.04,73.00,180.00,0.99,3.06,0.34,10.00,6,White Wine
5473,10.00,0.41,0.45,6.20,0.07,6.00,14.00,1.00,3.21,0.49,11.80,7,Red Wine
4824,6.60,0.72,0.20,7.80,0.07,29.00,79.00,1.00,3.29,0.54,9.20,5,Red Wine
1262,6.40,0.18,0.32,9.60,0.05,24.00,90.00,1.00,3.35,0.49,9.40,6,White Wine
2374,5.30,0.24,0.33,1.30,0.03,25.00,97.00,0.99,3.59,0.38,11.00,8,White Wine
2877,6.40,0.28,0.43,7.10,0.04,60.00,221.00,1.00,3.09,0.45,9.40,6,White Wine
401,7.30,0.59,0.26,7.20,0.07,35.00,121.00,1.00,3.37,0.49,9.40,5,Red Wine
1473,6.50,0.18,0.33,8.00,0.05,16.00,131.00,1.00,3.28,0.44,8.70,7,White Wine
4994,6.40,0.30,0.45,3.50,0.20,76.00,180.00,0.99,3.02,0.39,9.10,6,White Wine
2518,5.90,0.41,0.02,0.80,0.04,22.00,63.00,0.99,3.36,0.36,9.30,5,White Wine
2014,7.80,0.45,0.56,1.00,0.04,8.00,84.00,0.99,3.25,0.43,10.80,5,White Wine
3093,7.00,0.31,0.52,1.70,0.03,5.00,61.00,0.99,3.07,0.43,10.40,5,White Wine
2266,6.00,0.28,0.29,19.30,0.05,36.00,174.00,1.00,3.14,0.50,9.00,5,White Wine
6147,6.90,0.42,0.20,15.40,0.04,57.00,201.00,1.00,3.08,0.54,9.40,5,White Wine
5547,7.60,0.38,0.20,3.40,0.05,9.00,116.00,0.99,3.15,0.41,9.40,5,White Wine
1632,6.00,0.22,0.23,5.00,0.04,10.00,122.00,0.99,2.94,0.63,10.00,6,White Wine
1806,7.00,0.25,0.29,15.20,0.05,40.00,171.00,1.00,3.22,0.45,9.30,5,White Wine
2883,6.00,0.31,0.32,7.40,0.17,47.00,159.00,1.00,3.19,0.50,9.40,6,White Wine
3484,6.90,0.30,0.36,0.90,0.04,40.00,156.00,0.99,3.08,0.36,12.10,6,White Wine
5542,6.70,0.58,0.08,1.80,0.10,15.00,65.00,1.00,3.28,0.54,9.20,5,Red Wine
4716,7.20,0.69,0.21,9.50,0.07,33.00,172.00,1.00,3.00,0.55,9.10,6,White Wine
5980,5.50,0.14,0.27,4.60,0.03,22.00,104.00,0.99,3.34,0.44,9.00,5,White Wine
5109,6.70,0.41,0.27,2.60,0.03,25.00,85.00,0.99,3.05,0.34,11.70,6,White Wine
1,7.20,0.69,0.13,2.00,0.08,12.00,20.00,1.00,3.29,0.54,10.10,5,Red Wine
4649,6.20,0.30,0.33,3.50,0.04,37.00,155.00,0.99,3.18,0.37,12.40,6,White Wine
5191,7.40,0.25,0.49,1.10,0.04,35.00,156.00,0.99,3.13,0.55,11.30,5,White Wine
2708,8.40,0.37,0.43,2.30,0.06,12.00,19.00,1.00,3.17,0.81,11.20,7,Red Wine
3907,7.40,0.18,0.34,2.70,0.03,30.00,107.00,0.99,2.97,0.53,11.00,6,White Wine
4442,7.10,0.43,0.42,5.50,0.07,28.00,128.00,1.00,3.42,0.71,10.50,5,Red Wine
2990,9.00,0.40,0.43,2.40,0.07,29.00,46.00,0.99,3.20,0.60,12.20,6,Red Wine
3414,6.80,0.17,0.32,1.40,0.04,35.00,106.00,0.99,3.16,0.66,12.00,5,White Wine
6049,9.80,0.51,0.19,3.20,0.08,8.00,30.00,1.00,3.23,0.58,10.50,6,Red Wine
745,5.60,0.12,0.33,2.90,0.04,21.00,73.00,0.99,3.17,0.32,12.90,8,White Wine
3647,7.20,0.34,0.23,8.90,0.10,22.00,155.00,1.00,3.01,0.58,9.50,5,White Wine
2332,8.70,0.24,0.35,0.60,0.04,11.00,71.00,0.99,3.08,0.38,10.60,5,White Wine
5363,7.70,0.12,0.32,1.40,0.06,47.00,150.00,1.00,3.37,0.42,9.20,6,White Wine
5591,8.60,0.47,0.27,2.30,0.06,14.00,28.00,1.00,3.18,0.80,11.20,5,Red Wine
6018,6.70,0.19,0.32,3.70,0.04,26.00,76.00,0.99,2.90,0.57,10.50,7,White Wine
109,11.50,0.31,0.51,2.20,0.08,14.00,28.00,1.00,3.03,0.93,9.80,6,Red Wine
3351,9.90,0.54,0.45,2.30,0.07,16.00,40.00,1.00,3.39,0.62,9.40,5,Red Wine
2166,6.40,0.44,0.44,14.40,0.05,29.00,228.00,1.00,3.26,0.54,8.80,7,White Wine
2249,5.90,0.29,0.33,7.40,0.04,58.00,205.00,0.99,3.26,0.41,9.60,5,White Wine
6014,6.00,0.20,0.24,1.80,0.03,30.00,105.00,0.99,3.31,0.47,11.50,6,White Wine
218,8.50,0.19,0.56,17.30,0.06,47.00,169.00,1.00,3.07,0.67,9.30,6,White Wine
1419,6.50,0.46,0.24,11.50,0.05,56.00,171.00,1.00,3.08,0.56,9.80,6,White Wine
4225,7.10,0.46,0.23,13.70,0.04,44.00,192.00,1.00,3.11,0.53,9.40,5,White Wine
6088,5.40,0.30,0.30,1.20,0.03,25.00,93.00,0.99,3.31,0.40,13.60,7,White Wine
4913,9.50,0.78,0.22,1.90,0.08,6.00,32.00,1.00,3.26,0.56,10.60,6,Red Wine
5990,11.60,0.41,0.54,1.50,0.10,22.00,41.00,1.00,3.02,0.76,9.90,7,Red Wine
4261,6.10,0.16,0.27,12.60,0.06,63.00,162.00,1.00,3.66,0.43,8.90,5,White Wine
2621,6.50,0.18,0.26,1.40,0.04,40.00,141.00,0.99,3.34,0.72,9.50,6,White Wine
6442,9.70,0.42,0.46,2.10,0.07,5.00,16.00,1.00,3.27,0.74,12.30,6,Red Wine
5424,5.90,0.43,0.16,6.40,0.03,21.00,134.00,0.99,3.24,0.46,12.20,6,White Wine
6164,7.50,0.51,0.02,1.70,0.08,13.00,31.00,1.00,3.36,0.54,10.50,6,Red Wine
2753,7.50,0.32,0.24,4.60,0.05,8.00,134.00,1.00,3.14,0.50,9.10,3,White Wine
429,6.70,0.75,0.01,2.40,0.08,17.00,32.00,1.00,3.55,0.61,12.80,6,Red Wine
6293,7.30,0.15,0.40,2.00,0.05,24.00,92.00,0.99,3.14,0.45,10.50,5,White Wine
3088,10.10,0.31,0.35,1.60,0.07,9.00,28.00,1.00,3.24,0.83,11.20,7,Red Wine
535,8.00,0.67,0.30,2.00,0.06,38.00,62.00,1.00,3.26,0.56,10.20,6,Red Wine
1772,6.20,0.34,0.30,11.10,0.05,28.00,237.00,1.00,3.18,0.49,8.70,5,White Wine
5173,7.60,0.18,0.28,7.10,0.04,29.00,110.00,1.00,3.20,0.42,9.20,6,White Wine
1692,6.80,0.36,0.32,1.80,0.07,4.00,8.00,0.99,3.36,0.55,12.80,7,Red Wine
927,6.60,0.40,0.32,1.70,0.04,39.00,84.00,0.99,3.59,0.48,12.70,7,White Wine
1601,7.10,0.59,0.00,2.20,0.08,26.00,44.00,1.00,3.42,0.68,10.80,6,Red Wine
601,5.80,0.28,0.28,4.20,0.04,52.00,158.00,0.99,3.35,0.44,10.70,7,White Wine
1859,6.30,0.34,0.31,6.00,0.02,18.00,68.00,0.99,3.22,0.29,13.40,7,White Wine
1171,7.90,0.14,0.28,1.80,0.04,44.00,178.00,1.00,3.45,0.43,9.20,6,White Wine
3357,6.30,0.39,0.35,5.90,0.04,82.50,260.00,0.99,3.12,0.66,10.10,5,White Wine
758,9.90,0.54,0.45,2.30,0.07,16.00,40.00,1.00,3.39,0.62,9.40,5,Red Wine
1487,5.30,0.58,0.07,6.90,0.04,34.00,149.00,0.99,3.34,0.57,9.70,5,White Wine
2100,6.60,0.26,0.52,8.20,0.05,52.00,191.00,1.00,3.16,0.47,9.50,6,White Wine
4753,6.60,0.34,0.27,6.20,0.06,23.00,136.00,1.00,3.30,0.49,10.10,6,White Wine
6129,7.60,0.22,0.28,12.00,0.06,68.00,143.00,1.00,2.99,0.30,9.20,6,White Wine
1338,6.20,0.35,0.20,18.10,0.07,33.00,158.00,1.00,3.15,0.50,8.80,6,White Wine
2329,4.20,0.17,0.36,1.80,0.03,93.00,161.00,0.99,3.65,0.89,12.00,7,White Wine
2388,12.30,0.27,0.49,3.10,0.08,28.00,46.00,1.00,3.20,0.80,10.20,6,Red Wine
260,10.50,0.26,0.47,1.90,0.08,6.00,24.00,1.00,3.18,1.04,10.90,7,Red Wine
5777,6.80,0.28,0.43,7.60,0.03,30.00,110.00,0.99,3.08,0.59,12.50,8,White Wine
2493,6.80,0.21,0.49,14.50,0.06,50.00,170.00,1.00,3.55,0.44,9.80,6,White Wine
3266,9.30,0.39,0.44,2.10,0.11,34.00,125.00,1.00,3.14,1.22,9.50,5,Red Wine
3434,6.60,0.38,0.29,2.90,0.04,15.00,101.00,0.99,3.04,0.37,12.50,6,White Wine
689,9.10,0.28,0.49,2.00,0.06,10.00,112.00,1.00,3.15,0.46,10.10,5,White Wine
4501,6.20,0.36,0.27,3.20,0.03,13.00,73.00,0.99,2.90,0.69,12.60,7,White Wine
1544,6.80,0.30,0.27,11.60,0.03,22.00,97.00,0.99,2.96,0.38,11.70,6,White Wine
4050,5.60,0.25,0.19,2.40,0.05,42.00,166.00,0.99,3.25,0.43,10.40,6,White Wine
4957,9.90,0.35,0.41,2.30,0.08,11.00,61.00,1.00,3.21,0.50,9.50,5,Red Wine
5417,7.50,0.42,0.32,2.70,0.07,7.00,25.00,1.00,3.24,0.44,10.40,5,Red Wine
96,8.10,0.29,0.49,7.10,0.04,22.00,124.00,0.99,3.14,0.41,10.80,6,White Wine
2318,9.70,0.69,0.32,2.50,0.09,22.00,91.00,1.00,3.29,0.62,10.10,5,Red Wine
3551,7.50,0.24,0.62,10.60,0.04,51.00,153.00,1.00,3.16,0.44,8.80,5,White Wine
5949,6.80,0.17,0.17,5.10,0.05,26.00,82.00,0.99,3.00,0.38,9.80,6,White Wine
2385,6.10,0.36,0.41,19.35,0.07,67.00,207.00,1.00,3.39,0.53,9.10,5,White Wine
4130,7.90,0.33,0.28,31.60,0.05,35.00,176.00,1.01,3.15,0.38,8.80,6,White Wine
1736,11.50,0.59,0.59,2.60,0.09,13.00,49.00,1.00,3.18,0.65,11.00,6,Red Wine
2764,5.60,0.34,0.30,6.90,0.04,23.00,89.00,0.99,3.25,0.49,11.10,6,White Wine
4273,6.70,0.53,0.29,4.30,0.07,20.00,114.00,0.99,3.22,0.59,13.40,6,White Wine
322,6.60,0.14,0.44,1.60,0.04,47.00,140.00,0.99,3.32,0.51,10.20,6,White Wine
3369,7.30,0.36,0.34,14.80,0.06,46.00,173.00,1.00,3.14,0.57,10.20,5,White Wine
5007,6.60,0.39,0.49,1.70,0.07,23.00,149.00,0.99,3.12,0.50,11.50,6,Red Wine
2235,6.90,0.74,0.03,2.30,0.05,7.00,16.00,1.00,3.45,0.63,11.50,6,Red Wine
5436,6.50,0.20,0.33,1.50,0.04,36.00,110.00,0.99,3.22,0.65,12.00,6,White Wine
3939,6.00,0.40,0.00,1.40,0.04,7.00,55.00,0.99,3.37,0.38,11.20,4,White Wine
5742,5.60,0.34,0.10,1.30,0.03,20.00,68.00,0.99,3.36,0.51,11.20,7,White Wine
3338,6.80,0.12,0.31,5.20,0.04,29.00,120.00,0.99,3.41,0.46,9.80,7,White Wine
1933,7.20,0.34,0.21,2.50,0.07,41.00,68.00,1.00,3.37,0.54,10.10,6,Red Wine
2868,6.00,0.26,0.42,5.20,0.03,70.00,178.00,0.99,3.40,0.40,12.30,8,White Wine
6111,7.00,0.32,0.24,6.20,0.05,31.00,228.00,1.00,3.23,0.62,9.40,6,White Wine
661,5.20,0.21,0.31,1.70,0.05,17.00,61.00,0.99,3.24,0.37,12.00,7,White Wine
269,6.80,0.22,0.29,8.90,0.05,82.00,188.00,1.00,3.30,0.44,10.30,6,White Wine
5458,6.90,0.17,0.22,4.60,0.06,55.00,152.00,1.00,3.29,0.37,9.30,6,White Wine
1551,7.20,0.40,0.62,10.80,0.04,70.00,189.00,1.00,3.08,0.49,8.60,4,White Wine
5811,7.50,0.23,0.68,11.00,0.05,37.00,133.00,1.00,2.99,0.38,8.80,5,White Wine
5014,8.20,0.18,0.28,8.50,0.04,41.00,140.00,1.00,3.04,0.37,10.10,7,White Wine
6144,11.50,0.32,0.54,2.10,0.08,5.00,15.00,1.00,2.98,0.70,9.20,6,Red Wine
534,7.10,0.66,0.00,3.90,0.09,17.00,45.00,1.00,3.46,0.54,9.50,5,Red Wine
3909,6.90,0.63,0.01,2.40,0.08,14.00,39.00,1.00,3.34,0.53,10.80,6,Red Wine
6327,7.20,0.20,0.22,1.60,0.04,17.00,101.00,0.99,3.37,0.53,10.00,5,White Wine
6035,6.60,0.21,0.31,11.40,0.04,46.00,165.00,1.00,3.41,0.44,9.80,7,White Wine
2887,6.50,0.23,0.36,16.30,0.04,43.00,133.00,1.00,3.26,0.41,8.80,5,White Wine
4663,9.90,0.35,0.41,2.30,0.08,11.00,61.00,1.00,3.21,0.50,9.50,5,Red Wine
1974,7.00,0.33,0.32,1.20,0.05,38.00,138.00,0.99,3.13,0.28,11.20,6,White Wine
5224,7.00,0.69,0.00,1.90,0.10,9.00,22.00,1.00,3.34,0.60,9.70,5,Red Wine
2812,6.80,0.57,0.00,2.50,0.07,32.00,64.00,0.99,3.43,0.56,11.20,6,Red Wine
84,7.30,0.20,0.39,2.30,0.05,24.00,87.00,0.99,2.94,0.35,12.00,6,White Wine
443,8.20,0.40,0.48,13.70,0.04,59.00,169.00,1.00,3.10,0.52,9.40,5,White Wine
2171,6.50,0.22,0.19,4.50,0.10,16.00,115.00,0.99,3.02,0.44,9.60,5,White Wine
1027,7.30,0.22,0.26,1.50,0.04,32.00,172.00,0.99,3.27,0.48,11.20,6,White Wine
1173,7.20,0.25,0.37,2.50,0.06,11.00,41.00,0.99,3.52,0.80,12.40,7,Red Wine
2938,6.80,0.26,0.46,8.30,0.04,49.00,173.00,1.00,3.17,0.47,9.30,5,White Wine
1377,7.20,0.26,0.24,7.00,0.02,19.00,130.00,0.99,3.14,0.49,12.80,7,White Wine
3251,6.90,0.44,0.27,5.00,0.04,33.00,166.00,0.99,3.20,0.42,12.20,6,White Wine
3522,8.30,0.25,0.33,2.50,0.05,12.00,72.00,0.99,2.89,0.48,9.50,5,White Wine
1881,7.40,0.16,0.49,1.20,0.06,18.00,150.00,0.99,3.23,0.47,11.20,6,White Wine
2526,9.90,0.74,0.28,2.60,0.08,21.00,77.00,1.00,3.28,0.51,9.80,5,Red Wine
2396,6.20,0.47,0.19,8.30,0.03,24.00,142.00,0.99,3.22,0.45,12.30,6,White Wine
910,7.90,0.44,0.37,5.85,0.03,27.00,93.00,0.99,3.16,0.54,12.60,7,White Wine
2657,10.20,0.29,0.65,2.40,0.07,6.00,17.00,1.00,3.22,0.63,11.80,6,Red Wine
5297,7.10,0.31,0.17,1.00,0.04,21.00,144.00,0.99,3.13,0.40,9.60,5,White Wine
5577,7.50,0.77,0.20,8.10,0.10,30.00,92.00,1.00,3.20,0.58,9.20,5,Red Wine
3937,7.10,0.23,0.39,13.70,0.06,26.00,172.00,1.00,2.90,0.46,9.00,6,White Wine
1370,6.70,0.64,0.30,1.20,0.03,18.00,76.00,0.99,3.16,0.60,12.90,4,White Wine
4319,8.20,0.29,0.49,1.00,0.04,29.00,118.00,0.99,3.24,0.36,10.90,4,White Wine
4958,6.10,0.28,0.22,1.80,0.03,32.00,116.00,0.99,3.36,0.44,12.60,6,White Wine
4282,7.60,0.24,0.44,3.80,0.04,49.00,146.00,0.99,3.06,0.37,11.60,6,White Wine
4341,8.30,0.65,0.10,2.90,0.09,17.00,40.00,1.00,3.29,0.55,9.50,5,Red Wine
1232,7.20,0.58,0.27,5.80,0.03,40.00,118.00,0.99,3.17,0.53,13.00,7,White Wine
5204,6.80,0.35,0.44,6.50,0.06,31.00,161.00,1.00,3.14,0.44,9.50,5,White Wine
5768,7.10,0.30,0.49,1.60,0.04,31.00,100.00,0.99,3.40,0.59,10.20,5,White Wine
2340,6.40,0.56,0.15,1.80,0.08,17.00,65.00,0.99,3.33,0.60,10.50,6,Red Wine
235,6.50,0.14,0.32,2.70,0.04,18.00,89.00,0.99,3.40,0.74,11.50,7,White Wine
5886,6.60,0.23,0.20,11.40,0.04,45.00,131.00,1.00,2.96,0.51,9.70,6,White Wine
2866,6.00,0.38,0.26,6.00,0.03,42.00,134.00,0.99,3.38,0.38,12.30,7,White Wine
302,7.20,0.40,0.62,10.80,0.04,70.00,189.00,1.00,3.08,0.49,8.60,4,White Wine
130,7.40,0.19,0.49,9.30,0.03,26.00,132.00,0.99,2.99,0.32,11.00,7,White Wine
3233,8.00,0.24,0.33,1.20,0.04,28.00,101.00,0.99,3.03,0.43,12.50,6,White Wine
5377,5.70,0.21,0.24,2.30,0.05,60.00,189.00,0.99,3.65,0.72,10.10,6,White Wine
5731,7.80,0.27,0.34,1.60,0.05,27.00,154.00,0.99,3.05,0.45,10.50,6,White Wine
364,6.40,0.12,0.36,1.40,0.04,22.00,68.00,0.99,3.15,0.50,11.70,7,White Wine
5972,10.90,0.39,0.47,1.80,0.12,6.00,14.00,1.00,3.30,0.75,9.80,6,Red Wine
5688,6.80,0.32,0.21,2.20,0.04,15.00,68.00,0.99,3.17,0.39,9.40,6,White Wine
4316,4.70,0.46,0.18,1.90,0.04,33.00,106.00,0.99,3.21,0.83,14.00,7,White Wine
4164,7.10,0.53,0.24,0.80,0.03,29.00,86.00,0.99,3.16,0.32,9.10,4,White Wine
69,6.20,0.57,0.10,2.10,0.05,4.00,11.00,0.99,3.44,0.76,10.80,6,Red Wine
1196,7.30,0.13,0.32,14.40,0.05,34.00,109.00,1.00,3.20,0.35,9.20,6,White Wine
5461,6.40,0.22,0.32,7.90,0.03,34.00,124.00,0.99,3.40,0.39,10.20,5,White Wine
5256,6.70,0.20,0.24,6.50,0.04,28.00,100.00,0.99,3.12,0.33,10.20,6,White Wine
1784,6.60,0.17,0.28,1.10,0.03,55.00,108.00,0.99,3.00,0.52,11.90,7,White Wine
3440,6.90,0.22,0.31,6.30,0.03,41.00,131.00,0.99,3.08,0.49,10.80,6,White Wine
5498,6.80,0.45,0.28,26.05,0.03,27.00,122.00,1.00,3.06,0.42,10.60,6,White Wine
414,8.30,0.78,0.10,2.60,0.08,45.00,87.00,1.00,3.48,0.53,10.00,5,Red Wine
4035,7.60,0.20,0.30,14.20,0.06,53.00,212.50,1.00,3.14,0.46,8.90,8,White Wine
3957,6.10,0.27,0.30,16.70,0.04,49.00,172.00,1.00,3.40,0.45,9.40,5,White Wine
4498,7.40,0.19,0.31,14.50,0.04,39.00,193.00,1.00,3.10,0.50,9.20,6,White Wine
4395,6.50,0.15,0.32,1.30,0.04,19.00,76.00,0.99,3.18,0.41,12.30,6,White Wine
371,7.20,0.23,0.19,13.70,0.05,47.00,197.00,1.00,3.12,0.53,9.00,5,White Wine
4031,6.30,0.41,0.30,3.20,0.03,49.00,164.00,0.99,3.53,0.79,11.70,7,White Wine
5097,6.40,0.34,0.20,14.90,0.06,37.00,162.00,1.00,3.13,0.45,9.00,4,White Wine
5796,13.70,0.41,0.68,2.90,0.09,17.00,43.00,1.00,3.06,0.80,10.00,6,Red Wine
5867,7.70,0.61,0.18,2.40,0.08,6.00,20.00,1.00,3.29,0.60,10.20,6,Red Wine
4513,5.60,0.49,0.13,4.50,0.04,17.00,116.00,0.99,3.42,0.90,13.70,7,White Wine
2190,6.80,0.52,0.26,5.70,0.04,27.00,130.00,0.99,3.11,0.27,13.00,7,White Wine
1390,6.50,0.26,0.50,8.00,0.05,46.00,197.00,1.00,3.18,0.47,9.50,5,White Wine
2719,6.60,0.26,0.38,6.50,0.17,68.00,201.00,1.00,3.19,0.38,9.40,6,White Wine
5335,6.90,0.54,0.30,2.20,0.09,9.00,105.00,1.00,3.25,1.18,10.50,6,Red Wine
3605,7.20,0.16,0.26,7.10,0.05,41.00,224.00,1.00,3.38,0.55,10.10,5,White Wine
5506,9.60,0.68,0.24,2.20,0.09,5.00,28.00,1.00,3.14,0.60,10.20,5,Red Wine
2542,6.40,0.37,0.37,4.85,0.04,39.50,216.50,0.99,3.10,0.50,9.80,6,White Wine
6153,6.40,0.18,0.48,18.00,0.05,56.00,183.00,1.00,2.98,0.61,8.50,6,White Wine
2433,6.60,0.36,0.52,10.10,0.05,29.00,140.00,1.00,3.07,0.40,9.40,5,White Wine
4945,6.70,0.16,0.32,12.50,0.04,18.00,156.00,1.00,2.88,0.36,9.00,6,White Wine
2334,6.60,0.27,0.33,1.40,0.04,24.00,183.00,0.99,3.29,0.46,10.70,5,White Wine
993,6.00,0.26,0.29,3.10,0.04,37.00,144.00,0.99,3.22,0.39,12.80,7,White Wine
517,8.90,0.74,0.18,2.50,0.08,15.00,48.00,1.00,3.20,0.47,9.70,6,Red Wine
2346,7.80,0.60,0.14,2.40,0.09,3.00,15.00,1.00,3.42,0.60,10.80,6,Red Wine
1702,7.50,0.29,0.67,8.10,0.04,53.00,166.00,1.00,2.90,0.41,8.90,6,White Wine
2565,7.40,0.35,0.31,17.95,0.06,42.00,187.00,1.00,3.27,0.64,9.10,5,White Wine
8,6.90,0.75,0.13,6.30,0.04,19.00,50.00,0.99,3.09,0.25,11.10,4,White Wine
4764,6.90,0.25,0.24,3.60,0.06,13.00,85.00,0.99,2.99,0.48,9.50,4,White Wine
1520,7.90,0.20,0.34,1.20,0.04,29.00,118.00,0.99,3.14,0.41,10.60,6,White Wine
3586,5.80,0.18,0.28,1.30,0.03,9.00,94.00,0.99,3.21,0.52,11.20,6,White Wine
4275,7.00,0.15,0.38,15.30,0.04,54.00,120.00,1.00,3.18,0.42,9.80,6,White Wine
4222,7.80,0.34,0.27,1.20,0.04,25.00,106.00,0.99,3.01,0.55,10.40,5,White Wine
1160,6.70,0.20,0.37,1.65,0.03,42.00,103.00,0.99,3.11,0.45,11.40,5,White Wine
678,6.40,0.12,0.30,1.10,0.03,37.00,94.00,0.99,3.01,0.56,11.70,6,White Wine
6402,7.60,0.36,0.44,8.30,0.26,28.00,142.00,1.00,3.12,0.43,10.20,6,White Wine
4902,6.60,0.41,0.24,4.90,0.16,47.00,144.00,0.99,3.17,0.49,9.40,5,White Wine
3643,6.60,0.26,0.56,15.40,0.05,32.00,141.00,1.00,3.11,0.49,9.30,5,White Wine
1983,6.90,1.09,0.06,2.10,0.06,12.00,31.00,0.99,3.51,0.43,11.40,4,Red Wine
88,8.00,0.39,0.30,1.90,0.07,32.00,84.00,1.00,3.39,0.61,9.00,5,Red Wine
2420,7.50,0.35,0.48,12.40,0.06,61.00,176.50,1.00,2.97,0.52,8.80,5,White Wine
2756,8.20,0.20,0.49,3.50,0.06,14.00,108.00,0.99,3.19,0.35,11.50,6,White Wine
3539,6.40,0.23,0.48,2.20,0.12,29.00,104.00,0.99,3.24,0.58,12.10,6,White Wine
4964,7.60,0.29,0.26,6.50,0.04,32.00,160.00,0.99,3.14,0.47,10.70,5,White Wine
3305,8.30,0.28,0.40,7.80,0.04,38.00,194.00,1.00,3.34,0.51,9.60,6,White Wine
1867,6.60,0.25,0.42,11.30,0.05,77.00,231.00,1.00,3.24,0.52,9.50,6,White Wine
1982,6.40,0.16,0.22,1.40,0.04,41.00,149.00,0.99,3.49,0.58,10.00,6,White Wine
3554,6.00,0.31,0.47,3.60,0.07,18.00,42.00,1.00,3.39,0.66,11.00,6,Red Wine
1564,6.70,0.61,0.21,1.65,0.12,40.00,240.00,0.99,3.11,0.57,9.30,5,White Wine
12,6.80,0.18,0.28,1.10,0.03,32.00,112.00,0.99,3.15,0.45,11.00,7,White Wine
1531,7.15,0.17,0.24,9.60,0.12,56.00,178.00,1.00,3.15,0.44,10.20,6,White Wine
5139,6.30,0.39,0.22,2.80,0.05,53.00,173.00,0.99,3.24,0.45,9.80,5,White Wine
3286,5.20,0.22,0.46,6.20,0.07,41.00,187.00,0.99,3.19,0.42,9.73,5,White Wine
2455,7.90,0.31,0.22,13.30,0.05,46.00,212.00,1.00,3.47,0.59,10.00,5,White Wine
2590,7.40,0.27,0.26,11.80,0.05,55.00,173.00,1.00,3.11,0.60,9.80,5,White Wine
5052,5.50,0.29,0.30,1.10,0.02,20.00,110.00,0.99,3.34,0.38,12.80,7,White Wine
4532,8.60,0.22,0.36,1.90,0.06,53.00,77.00,1.00,3.47,0.87,11.00,7,Red Wine
2063,7.20,0.29,0.18,8.20,0.04,41.00,180.00,1.00,3.16,0.49,9.10,5,White Wine
5792,7.50,0.13,0.38,1.10,0.02,42.00,104.00,0.99,3.28,0.53,11.80,6,White Wine
774,5.90,0.18,0.28,5.10,0.04,50.00,139.00,0.99,3.16,0.44,11.30,6,White Wine
2243,6.80,0.29,0.50,13.30,0.05,48.00,194.00,1.00,3.09,0.45,9.40,5,White Wine
6330,5.10,0.30,0.30,2.30,0.05,40.00,150.00,0.99,3.29,0.46,12.20,6,White Wine
5069,9.30,0.36,0.39,1.50,0.08,41.00,55.00,1.00,3.47,0.73,10.90,6,Red Wine
4601,6.90,0.84,0.21,4.10,0.07,16.00,65.00,1.00,3.53,0.72,9.25,6,Red Wine
113,6.00,0.17,0.33,6.00,0.04,30.00,111.00,0.99,3.32,0.58,10.13,7,White Wine
2884,7.60,0.31,0.24,1.80,0.04,39.00,150.00,0.99,3.05,0.44,11.80,7,White Wine
2393,6.40,0.19,0.35,10.20,0.04,40.00,106.00,1.00,3.16,0.50,9.70,6,White Wine
1504,7.00,0.35,0.30,6.50,0.03,27.00,87.00,0.99,3.40,0.42,11.40,7,White Wine
5546,6.70,0.15,0.38,1.70,0.04,20.00,84.00,0.99,3.09,0.53,11.40,6,White Wine
1202,7.80,0.41,0.68,1.70,0.47,18.00,69.00,1.00,3.08,1.31,9.30,5,Red Wine
3700,5.60,0.23,0.29,1.20,0.05,33.00,127.00,0.99,3.34,0.50,11.00,7,White Wine
1875,6.40,0.23,0.35,4.60,0.04,43.00,147.00,0.99,3.18,0.40,11.00,7,White Wine
4695,6.60,0.24,0.35,7.70,0.03,36.00,135.00,0.99,3.19,0.37,10.50,5,White Wine
2314,7.10,0.21,0.28,2.70,0.03,23.00,111.00,0.99,3.35,0.64,10.20,4,White Wine
862,9.30,0.39,0.40,2.60,0.07,10.00,26.00,1.00,3.34,0.75,10.20,6,Red Wine
5766,6.00,0.28,0.27,15.50,0.04,31.00,134.00,0.99,3.19,0.44,13.00,7,White Wine
695,7.50,0.38,0.33,5.00,0.04,30.00,131.00,0.99,3.32,0.44,10.90,6,White Wine
3807,5.60,0.35,0.14,5.00,0.05,48.00,198.00,0.99,3.30,0.71,10.30,5,White Wine
3119,10.10,0.38,0.50,2.40,0.10,6.00,13.00,1.00,3.22,0.65,11.60,7,Red Wine
731,7.70,0.26,0.30,1.70,0.06,20.00,38.00,0.99,3.29,0.47,10.80,6,Red Wine
2491,6.30,1.02,0.00,2.00,0.08,17.00,24.00,0.99,3.59,0.55,11.20,4,Red Wine
1843,7.10,0.14,0.40,1.20,0.05,55.00,136.00,0.99,3.30,0.96,9.80,7,White Wine
5628,7.60,0.54,0.02,1.70,0.09,17.00,31.00,1.00,3.37,0.51,10.40,6,Red Wine
4852,7.40,0.18,0.31,1.40,0.06,38.00,167.00,0.99,3.16,0.53,10.00,7,White Wine
806,5.60,0.18,0.30,10.20,0.03,28.00,131.00,1.00,3.49,0.42,10.80,7,White Wine
2728,6.70,0.18,0.30,6.40,0.05,40.00,251.00,1.00,3.29,0.52,10.00,5,White Wine
4834,7.10,0.46,0.14,2.80,0.08,15.00,37.00,1.00,3.36,0.49,10.70,5,Red Wine
2122,6.80,0.40,0.29,2.80,0.04,27.00,97.00,0.99,3.12,0.42,11.20,6,White Wine
5608,7.40,0.27,0.49,1.10,0.04,33.00,156.00,0.99,3.15,0.54,11.10,6,White Wine
2355,6.40,0.26,0.43,12.60,0.03,64.00,230.00,1.00,3.08,0.38,8.90,5,White Wine
718,7.10,0.34,0.31,5.20,0.03,36.00,140.00,0.99,3.35,0.47,12.30,7,White Wine
1839,7.30,0.25,0.41,1.80,0.04,52.00,165.00,0.99,3.29,0.39,12.20,7,White Wine
252,6.80,0.30,0.35,2.80,0.04,10.00,164.00,0.99,3.09,0.53,12.00,6,White Wine
899,10.20,0.44,0.58,4.10,0.09,11.00,24.00,1.00,3.29,0.99,12.00,7,Red Wine
5087,8.30,0.31,0.39,2.40,0.08,17.00,43.00,0.99,3.31,0.77,12.50,7,Red Wine
3287,7.70,0.49,0.26,1.90,0.06,9.00,31.00,1.00,3.39,0.64,9.60,5,Red Wine
2115,9.80,0.93,0.45,8.60,0.05,34.00,187.00,1.00,3.12,0.59,10.20,4,White Wine
142,6.90,0.43,0.28,9.40,0.06,29.00,183.00,1.00,3.17,0.43,9.40,5,White Wine
240,7.00,0.62,0.18,1.50,0.06,7.00,50.00,1.00,3.08,0.60,9.30,5,Red Wine
2259,6.40,0.68,0.26,3.40,0.07,25.00,146.00,0.99,3.18,0.40,9.30,5,White Wine
4481,7.30,0.32,0.25,7.20,0.06,47.00,180.00,1.00,3.08,0.47,8.80,5,White Wine
3615,5.80,0.33,0.20,16.05,0.05,26.00,166.00,1.00,3.09,0.46,8.90,5,White Wine
4302,6.30,0.20,0.40,1.50,0.04,35.00,107.00,0.99,3.46,0.50,11.40,6,White Wine
3476,8.50,0.21,0.26,9.25,0.03,73.00,142.00,0.99,3.05,0.37,11.40,6,White Wine
2194,9.20,0.19,0.42,2.00,0.05,16.00,104.00,1.00,3.09,0.66,10.00,4,White Wine
4908,6.30,0.29,0.40,6.50,0.04,43.00,167.00,1.00,3.15,0.44,9.30,6,White Wine
2407,7.60,0.19,0.38,10.60,0.06,48.00,174.00,1.00,3.13,0.38,10.50,6,White Wine
1318,7.20,0.50,0.00,0.80,0.03,46.00,114.00,0.99,3.19,0.34,9.20,4,White Wine
5553,7.70,0.24,0.27,1.80,0.05,52.00,190.00,0.99,3.23,0.50,10.80,6,White Wine
6002,9.40,0.69,0.26,2.40,0.08,23.00,143.00,1.00,3.28,0.55,9.40,5,Red Wine
1129,5.90,0.23,0.24,3.80,0.04,61.00,152.00,0.99,3.31,0.50,11.30,7,White Wine
1760,6.80,0.44,0.37,5.10,0.05,46.00,201.00,0.99,3.08,0.65,10.50,4,White Wine
2311,5.40,0.59,0.07,7.00,0.04,36.00,147.00,0.99,3.34,0.57,9.70,6,White Wine
710,7.40,0.60,0.26,7.30,0.07,36.00,121.00,1.00,3.37,0.49,9.40,5,Red Wine
2460,6.60,0.32,0.22,16.70,0.05,38.00,133.00,1.00,3.22,0.67,10.40,6,White Wine
2303,6.70,0.24,0.36,8.40,0.04,42.00,123.00,0.99,3.34,0.52,10.90,6,White Wine
4157,8.00,0.26,0.28,4.80,0.05,34.00,150.00,0.99,3.13,0.50,10.00,6,White Wine
4568,8.20,0.64,0.10,2.10,0.07,25.00,60.00,1.00,3.29,0.75,10.90,6,Red Wine
3756,6.80,0.22,0.36,1.20,0.05,38.00,127.00,0.99,3.04,0.54,9.20,5,White Wine
1008,6.40,0.22,0.38,9.10,0.04,35.00,127.00,0.99,2.97,0.30,11.00,7,White Wine
1952,6.60,0.42,0.33,2.80,0.03,15.00,85.00,0.99,3.28,0.51,13.40,6,White Wine
751,6.90,0.22,0.49,7.00,0.06,50.00,168.00,1.00,3.54,0.50,10.30,6,White Wine
4172,7.30,0.20,0.29,19.50,0.04,69.00,237.00,1.00,3.10,0.48,9.20,6,White Wine
5022,7.60,0.22,0.34,9.70,0.04,26.00,143.00,1.00,3.08,0.49,9.80,6,White Wine
500,6.60,0.61,0.01,1.90,0.08,8.00,25.00,1.00,3.69,0.73,10.50,5,Red Wine
2653,6.20,0.31,0.23,3.30,0.05,34.00,113.00,0.99,3.16,0.48,8.40,5,White Wine
5697,6.70,0.24,0.30,3.85,0.04,105.00,179.00,0.99,3.04,0.59,11.30,8,White Wine
690,7.40,0.19,0.31,14.50,0.04,39.00,193.00,1.00,3.10,0.50,9.20,6,White Wine
2232,6.60,0.50,0.01,1.50,0.06,17.00,26.00,1.00,3.40,0.58,9.80,6,Red Wine
346,7.80,0.27,0.35,1.20,0.05,36.00,140.00,0.99,3.09,0.45,11.20,5,White Wine
4117,5.50,0.18,0.22,5.50,0.04,10.00,86.00,0.99,3.46,0.44,12.20,5,White Wine
5301,10.00,0.23,0.27,14.10,0.03,45.00,166.00,1.00,2.72,0.43,9.70,6,White Wine
1891,13.70,0.41,0.68,2.90,0.09,17.00,43.00,1.00,3.06,0.80,10.00,6,Red Wine
1668,6.40,0.33,0.24,1.60,0.05,25.00,117.00,0.99,3.36,0.50,9.30,5,White Wine
1636,8.00,0.60,0.22,2.10,0.08,25.00,105.00,1.00,3.30,0.49,9.90,5,Red Wine
1120,8.60,0.36,0.26,11.10,0.03,43.50,171.00,0.99,3.03,0.49,12.00,5,White Wine
2645,5.70,0.18,0.36,1.20,0.05,9.00,71.00,0.99,3.70,0.68,10.90,7,White Wine
3136,8.90,0.88,0.13,3.45,0.09,4.00,14.00,1.00,3.44,0.52,11.50,5,Red Wine
3572,8.10,0.87,0.00,2.20,0.08,10.00,31.00,1.00,3.25,0.50,9.80,5,Red Wine
5325,7.50,0.28,0.33,7.70,0.05,42.00,180.00,1.00,3.37,0.59,10.10,6,White Wine
3365,6.60,0.44,0.32,3.00,0.10,13.00,75.00,0.99,3.10,0.63,12.80,6,White Wine
2401,7.00,0.14,0.41,0.90,0.04,22.00,95.00,0.99,3.25,0.43,10.90,6,White Wine
6121,7.00,0.23,0.36,13.00,0.05,72.00,177.00,1.00,3.16,0.49,9.80,5,White Wine
3171,6.90,0.33,0.31,7.70,0.04,29.00,135.00,0.99,3.11,0.57,12.30,5,White Wine
4673,6.80,0.81,0.05,2.00,0.07,6.00,14.00,1.00,3.51,0.66,10.80,6,Red Wine
607,5.90,0.50,0.05,2.60,0.05,36.00,146.00,0.99,3.43,0.50,9.20,6,White Wine
4521,6.40,0.31,0.26,13.20,0.05,57.00,205.00,1.00,3.17,0.41,9.60,5,White Wine
2399,5.70,0.15,0.47,11.40,0.04,49.00,128.00,0.99,3.03,0.34,10.50,8,White Wine
4762,7.20,0.52,0.07,1.40,0.07,5.00,20.00,1.00,3.32,0.81,9.60,6,Red Wine
3829,6.80,0.37,0.67,1.50,0.17,16.00,98.00,0.99,3.06,0.56,10.30,6,White Wine
2815,6.30,0.14,0.39,1.20,0.04,26.00,116.00,0.99,3.26,0.53,10.30,6,White Wine
3013,7.40,0.25,0.36,13.20,0.07,53.00,178.00,1.00,3.01,0.48,9.00,6,White Wine
4220,6.20,0.25,0.54,7.00,0.05,58.00,176.00,0.99,3.19,0.70,10.40,5,White Wine
1960,7.00,0.32,0.29,7.60,0.03,35.00,124.00,0.99,3.15,0.65,12.80,7,White Wine
5694,6.60,0.33,0.24,16.05,0.04,31.00,147.00,1.00,3.08,0.52,9.20,5,White Wine
5951,7.00,0.31,0.31,9.10,0.04,45.00,140.00,0.99,2.98,0.31,12.00,7,White Wine
826,6.10,0.27,0.33,2.20,0.02,26.00,117.00,0.99,3.12,0.30,12.50,6,White Wine
345,7.20,0.69,0.13,2.00,0.08,12.00,20.00,1.00,3.29,0.54,10.10,5,Red Wine
3098,6.80,0.25,0.24,4.55,0.05,41.00,211.00,1.00,3.37,0.67,9.50,6,White Wine
1246,6.90,0.16,0.37,1.80,0.03,36.00,95.00,0.99,2.93,0.59,12.00,6,White Wine
1216,7.70,0.44,0.24,11.20,0.03,41.00,167.00,0.99,3.12,0.43,11.30,7,White Wine
5890,6.90,0.38,0.38,13.10,0.11,14.00,94.00,1.00,3.02,0.48,9.20,5,White Wine
3517,7.80,0.76,0.04,2.30,0.09,15.00,54.00,1.00,3.26,0.65,9.80,5,Red Wine
3879,7.30,0.34,0.22,1.40,0.04,43.00,176.00,0.99,3.14,0.46,9.90,5,White Wine
1431,6.50,0.26,0.32,16.50,0.04,44.00,166.00,1.00,3.38,0.46,9.50,6,White Wine
2484,7.80,0.61,0.29,1.60,0.11,9.00,29.00,1.00,3.26,1.56,9.10,5,Red Wine
34,6.80,0.20,0.36,1.60,0.03,7.00,46.00,0.99,3.21,0.60,10.90,6,White Wine
1922,9.10,0.29,0.33,2.05,0.06,13.00,27.00,1.00,3.26,0.84,11.70,7,Red Wine
5476,6.00,0.33,0.20,1.80,0.03,49.00,159.00,0.99,3.41,0.53,11.00,6,White Wine
3790,9.20,0.67,0.10,3.00,0.09,12.00,48.00,1.00,3.31,0.54,9.50,6,Red Wine
2843,7.20,0.21,0.41,1.30,0.04,33.00,85.00,0.99,3.17,0.51,10.40,5,White Wine
4763,5.70,0.22,0.28,1.30,0.03,26.00,101.00,0.99,3.35,0.38,12.50,7,White Wine
6336,7.70,0.30,0.42,14.30,0.04,45.00,213.00,1.00,3.18,0.63,9.20,5,White Wine
840,7.20,0.23,0.39,14.20,0.06,49.00,192.00,1.00,2.98,0.48,9.00,7,White Wine
6054,6.90,0.40,0.43,6.20,0.07,42.00,178.00,1.00,3.11,0.53,9.40,5,White Wine
4846,7.90,0.24,0.40,1.60,0.06,11.00,25.00,1.00,3.32,0.87,8.70,6,Red Wine
2635,5.00,0.31,0.00,6.40,0.05,43.00,166.00,0.99,3.30,0.63,9.90,6,White Wine
2039,7.10,0.59,0.01,2.30,0.08,27.00,43.00,1.00,3.42,0.58,10.70,6,Red Wine
6070,5.60,0.54,0.04,1.70,0.05,5.00,13.00,0.99,3.72,0.58,11.40,5,Red Wine
4582,7.30,0.34,0.21,3.20,0.05,14.00,136.00,0.99,3.25,0.44,10.20,5,White Wine
6252,7.80,0.63,0.48,1.70,0.10,14.00,96.00,1.00,3.19,0.62,9.50,5,Red Wine
2655,7.30,0.19,0.27,13.90,0.06,45.00,155.00,1.00,2.94,0.41,8.80,8,White Wine
5556,8.40,0.56,0.04,2.00,0.08,10.00,22.00,1.00,3.22,0.44,9.60,5,Red Wine
4626,6.70,0.47,0.34,8.90,0.04,31.00,172.00,1.00,3.22,0.60,9.20,5,White Wine
191,10.60,0.42,0.48,2.70,0.07,5.00,18.00,1.00,3.21,0.87,11.30,6,Red Wine
1721,6.50,0.21,0.42,1.10,0.06,33.00,101.00,0.99,3.12,0.38,9.70,6,White Wine
2795,5.70,0.23,0.25,7.95,0.04,16.00,108.00,0.99,3.44,0.61,10.30,6,White Wine
2682,6.90,0.28,0.30,1.60,0.05,46.00,132.00,0.99,3.35,0.38,11.10,7,White Wine
3112,5.90,0.14,0.25,4.50,0.03,34.00,140.00,0.99,3.49,0.51,10.80,6,White Wine
227,7.80,0.32,0.31,1.70,0.04,46.00,195.00,0.99,3.03,0.48,10.50,5,White Wine
3616,5.90,0.34,0.31,2.00,0.03,38.00,142.00,0.99,3.40,0.41,12.90,7,White Wine
4013,6.70,0.24,0.26,12.60,0.05,44.00,182.00,1.00,3.42,0.42,9.70,5,White Wine
4912,8.90,0.28,0.45,1.70,0.07,7.00,12.00,0.99,3.25,0.55,12.30,7,Red Wine
2650,7.50,0.51,0.02,1.70,0.08,13.00,31.00,1.00,3.36,0.54,10.50,6,Red Wine
413,5.60,0.30,0.10,6.40,0.04,34.00,142.00,0.99,3.14,0.48,9.80,5,White Wine
5888,7.90,0.29,0.49,2.20,0.10,21.00,59.00,1.00,3.31,0.67,10.10,6,Red Wine
3566,7.40,0.25,0.36,13.20,0.07,53.00,178.00,1.00,3.01,0.48,9.00,6,White Wine
2566,6.00,0.29,0.41,10.80,0.05,55.00,149.00,0.99,3.09,0.59,10.97,7,White Wine
3126,6.90,0.25,0.27,9.05,0.04,37.00,128.00,0.99,3.27,0.34,11.30,8,White Wine
290,6.90,0.40,0.24,2.50,0.08,30.00,45.00,1.00,3.26,0.58,10.00,5,Red Wine
2242,9.10,0.66,0.15,3.20,0.10,9.00,59.00,1.00,3.28,0.54,9.60,5,Red Wine
4291,6.90,0.21,0.33,1.40,0.06,35.00,136.00,0.99,3.63,0.78,10.30,6,White Wine
4920,6.90,0.31,0.32,1.20,0.02,20.00,166.00,0.99,3.05,0.54,9.80,6,White Wine
900,6.80,0.32,0.23,3.30,0.03,31.00,99.00,0.99,3.10,0.40,12.40,6,White Wine
3403,5.80,0.33,0.23,5.00,0.05,29.00,106.00,0.99,3.13,0.52,9.00,5,White Wine
1050,7.00,0.15,0.29,16.40,0.06,45.00,110.00,1.00,3.15,0.37,9.70,6,White Wine
5977,7.10,0.31,0.50,14.50,0.06,6.00,148.00,1.00,2.94,0.44,9.10,5,White Wine
1865,9.80,0.30,0.39,1.70,0.06,3.00,9.00,0.99,3.14,0.57,11.50,7,Red Wine
4185,6.20,0.20,0.29,11.80,0.04,21.00,93.00,0.99,3.18,0.34,11.90,6,White Wine
2372,6.20,0.26,0.32,15.30,0.03,64.00,185.00,1.00,3.31,0.61,9.40,5,White Wine
3631,7.00,0.44,0.24,12.10,0.06,68.00,210.00,1.00,3.05,0.50,9.50,5,White Wine
5853,7.60,0.29,0.26,6.50,0.04,32.00,160.00,0.99,3.14,0.47,10.70,5,White Wine
5790,7.50,0.41,0.15,3.70,0.10,29.00,94.00,1.00,3.14,0.58,9.10,5,Red Wine
3585,6.30,0.29,0.29,3.30,0.04,32.00,140.00,0.99,3.17,0.36,12.80,7,White Wine
4798,6.10,0.34,0.46,4.70,0.03,21.00,94.00,0.99,3.29,0.62,12.30,6,White Wine
4101,6.50,0.29,0.52,1.70,0.03,41.00,193.00,0.99,3.25,0.59,10.40,6,White Wine
4750,6.80,0.22,0.31,6.90,0.04,33.00,121.00,0.99,3.02,0.39,11.90,8,White Wine
2078,6.30,0.30,0.34,1.60,0.05,14.00,132.00,0.99,3.30,0.49,9.50,6,White Wine
5783,6.60,0.40,0.46,6.20,0.06,42.00,241.00,1.00,3.50,0.60,9.90,5,White Wine
4234,6.30,0.21,0.31,1.20,0.04,30.00,117.00,0.99,3.49,0.68,11.00,6,White Wine
559,6.50,0.18,0.33,1.40,0.03,35.00,138.00,0.99,3.36,0.60,11.50,7,White Wine
912,8.80,0.20,0.28,1.10,0.02,18.00,72.00,0.99,2.97,0.35,10.40,5,White Wine
5926,7.50,0.32,0.37,1.20,0.05,22.00,184.00,0.99,3.09,0.43,9.30,5,White Wine
5284,8.80,0.20,0.43,15.00,0.05,60.00,184.00,1.00,3.28,0.79,8.80,6,White Wine
4183,7.10,0.26,0.30,2.00,0.03,13.00,128.00,0.99,3.19,0.49,11.40,5,White Wine
3651,7.10,0.33,0.25,1.60,0.03,25.00,126.00,0.99,3.22,0.34,12.10,7,White Wine
875,6.50,0.39,0.23,8.30,0.05,28.00,91.00,1.00,3.44,0.55,12.10,6,Red Wine
6436,6.80,0.21,0.27,18.15,0.04,41.00,146.00,1.00,3.30,0.36,8.70,5,White Wine
4068,9.10,0.64,0.23,3.10,0.10,13.00,38.00,1.00,3.28,0.59,9.70,5,Red Wine
5793,8.90,0.31,0.36,2.60,0.06,10.00,39.00,1.00,3.40,0.69,11.80,5,Red Wine
5032,6.80,0.24,0.29,9.50,0.04,56.00,157.00,1.00,3.11,0.51,10.10,6,White Wine
5544,8.10,0.19,0.58,16.65,0.05,48.00,181.00,1.00,3.20,0.62,9.10,6,White Wine
723,5.80,0.23,0.21,1.50,0.04,21.00,110.00,0.99,3.30,0.57,11.00,6,White Wine
287,6.80,0.37,0.47,11.20,0.07,44.00,136.00,1.00,2.98,0.88,9.20,5,White Wine
4328,6.60,0.38,0.29,2.40,0.14,15.00,93.00,0.99,3.18,0.60,9.50,5,White Wine
2823,7.20,0.39,0.54,1.40,0.16,34.00,132.00,0.99,3.11,0.53,9.00,6,White Wine
984,7.20,0.61,0.10,1.40,0.07,25.00,154.00,0.99,3.20,0.48,9.70,4,White Wine
418,6.80,0.22,0.37,15.20,0.05,68.00,178.00,1.00,3.40,0.85,9.30,6,White Wine
1814,7.80,0.18,0.46,13.60,0.05,38.00,118.00,1.00,3.15,0.50,10.00,6,White Wine
6326,6.70,0.30,0.44,18.50,0.06,65.00,224.00,1.00,3.11,0.53,9.10,5,White Wine
1642,6.60,0.38,0.36,9.20,0.06,42.00,214.00,1.00,3.31,0.56,9.40,5,White Wine
470,6.80,0.25,0.27,10.70,0.08,47.00,154.00,1.00,3.05,0.38,9.00,5,White Wine
1889,6.50,0.32,0.30,2.30,0.05,20.00,127.00,0.99,3.13,0.52,12.80,6,White Wine
6314,6.20,0.18,0.49,4.50,0.05,17.00,90.00,0.99,3.27,0.37,11.60,6,White Wine
991,7.20,0.20,0.31,10.00,0.05,49.00,165.00,1.00,3.40,0.42,9.90,6,White Wine
6485,6.00,0.17,0.29,9.70,0.04,33.00,98.00,1.00,3.12,0.36,9.20,6,White Wine
557,7.10,0.43,0.42,5.50,0.07,29.00,129.00,1.00,3.42,0.72,10.50,5,Red Wine
4598,6.60,0.32,0.34,7.70,0.04,63.00,212.00,1.00,3.22,0.48,9.70,6,White Wine
2038,10.90,0.32,0.52,1.80,0.13,17.00,44.00,1.00,3.28,0.77,11.50,6,Red Wine
4528,7.70,0.25,0.30,7.80,0.04,67.00,196.00,1.00,3.10,0.50,10.10,5,White Wine
3319,7.80,0.28,0.34,1.60,0.03,32.00,118.00,0.99,3.00,0.38,12.10,7,White Wine
917,6.60,0.32,0.47,15.60,0.06,27.00,173.00,1.00,3.18,0.56,9.00,5,White Wine
5439,11.20,0.40,0.50,2.00,0.10,19.00,50.00,1.00,3.10,0.58,10.40,5,Red Wine
2011,7.60,0.13,0.34,9.30,0.06,40.00,126.00,1.00,3.21,0.39,9.60,5,White Wine
2644,7.20,0.73,0.02,2.50,0.08,16.00,42.00,1.00,3.44,0.52,9.30,5,Red Wine
4864,8.80,0.28,0.45,6.00,0.02,14.00,49.00,0.99,3.01,0.33,11.10,7,White Wine
2067,7.20,0.24,0.28,1.90,0.03,30.00,92.00,0.99,3.10,0.39,10.90,6,White Wine
1555,7.10,0.60,0.01,2.30,0.08,24.00,37.00,1.00,3.40,0.61,10.90,6,Red Wine
5456,9.00,0.46,0.31,2.80,0.09,19.00,98.00,1.00,3.32,0.63,9.50,6,Red Wine
6415,6.50,0.19,0.27,4.90,0.04,13.00,101.00,0.99,3.17,0.41,11.80,6,White Wine
5110,6.10,0.37,0.20,7.60,0.03,49.00,170.00,1.00,3.22,0.48,9.50,5,White Wine
3865,5.80,0.24,0.26,10.05,0.04,63.00,162.00,0.99,3.33,0.50,11.20,6,White Wine
6427,6.40,0.89,0.00,2.30,0.17,6.00,12.00,1.00,3.56,0.51,10.80,5,Red Wine
1752,5.30,0.33,0.30,1.20,0.05,25.00,119.00,0.99,3.32,0.62,11.30,6,White Wine
3791,7.90,0.16,0.30,7.40,0.05,58.00,152.00,1.00,3.12,0.37,9.50,6,White Wine
4318,5.80,0.29,0.21,2.60,0.03,12.00,120.00,0.99,3.39,0.79,14.00,7,White Wine
3838,6.40,0.27,0.29,10.80,0.03,17.00,118.00,0.99,3.18,0.37,11.20,6,White Wine
2911,6.70,0.30,0.29,2.80,0.03,37.00,107.00,0.99,3.31,0.63,11.30,7,White Wine
2829,6.80,0.36,0.32,1.60,0.04,10.00,124.00,0.99,3.30,0.67,9.60,5,White Wine
880,8.00,0.20,0.36,1.20,0.03,21.00,78.00,0.99,3.08,0.37,10.40,6,White Wine
5743,11.90,0.39,0.69,2.80,0.10,17.00,35.00,1.00,3.10,0.61,10.80,6,Red Wine
3619,7.90,0.14,0.74,1.20,0.03,30.00,165.00,0.99,3.08,0.82,12.30,6,White Wine
474,7.10,0.53,0.07,1.70,0.07,15.00,24.00,1.00,3.29,0.66,10.80,6,Red Wine
3691,7.60,0.17,0.45,11.20,0.05,56.00,137.00,1.00,3.15,0.47,10.00,5,White Wine
4869,6.10,0.22,0.40,1.85,0.03,25.00,111.00,0.99,3.03,0.30,11.80,7,White Wine
6057,6.20,0.25,0.44,15.80,0.06,39.00,167.00,1.00,3.14,0.51,9.20,5,White Wine
1369,7.10,0.43,0.61,11.80,0.04,54.00,155.00,1.00,3.11,0.45,8.70,5,White Wine
3628,9.90,0.32,0.56,2.00,0.07,3.00,8.00,1.00,3.15,0.73,11.40,6,Red Wine
1705,7.00,0.54,0.00,2.10,0.08,39.00,55.00,1.00,3.39,0.84,11.40,6,Red Wine
978,6.60,0.90,0.04,2.30,0.07,7.00,13.00,1.00,3.53,0.58,10.80,6,Red Wine
5722,7.30,0.41,0.24,6.80,0.06,41.00,163.00,0.99,3.20,0.41,9.90,6,White Wine
2377,6.10,0.24,0.26,1.70,0.03,61.00,134.00,0.99,3.19,0.81,11.90,7,White Wine
194,8.20,0.26,0.33,2.60,0.05,11.00,71.00,0.99,2.89,0.49,9.50,5,White Wine
3768,5.70,1.13,0.09,1.50,0.17,7.00,19.00,0.99,3.50,0.48,9.80,4,Red Wine
4244,6.50,0.51,0.15,3.00,0.06,12.00,27.00,0.99,3.33,0.59,12.80,6,Red Wine
3874,7.40,0.22,0.26,8.80,0.03,23.00,112.00,0.99,2.98,0.41,11.40,6,White Wine
2102,6.70,0.31,0.18,7.70,0.04,57.00,200.00,1.00,3.17,0.44,9.40,6,White Wine
4016,5.10,0.25,0.36,1.30,0.04,40.00,78.00,0.99,3.23,0.64,12.10,7,White Wine
3164,5.60,0.21,0.40,1.30,0.04,81.00,147.00,0.99,3.22,0.95,11.60,8,White Wine
1119,6.10,0.20,0.25,1.20,0.04,34.00,128.00,0.99,3.24,0.44,10.10,5,White Wine
5151,6.80,0.18,0.28,9.80,0.04,29.00,113.00,0.99,3.11,0.45,10.90,7,White Wine
6178,7.70,0.35,0.49,8.65,0.03,42.00,186.00,0.99,3.14,0.38,12.40,8,White Wine
2429,6.40,0.22,0.32,12.00,0.07,57.00,158.00,1.00,3.60,0.43,9.00,6,White Wine
5186,7.70,0.64,0.21,2.20,0.08,32.00,133.00,1.00,3.27,0.45,9.90,5,Red Wine
5421,6.30,0.17,0.32,4.20,0.04,37.00,117.00,0.99,3.24,0.43,11.30,6,White Wine
2310,6.80,0.31,0.30,8.00,0.03,33.00,122.00,0.99,3.13,0.63,12.60,7,White Wine
5759,6.70,0.24,0.32,9.00,0.02,20.00,109.00,0.99,3.34,0.35,12.60,6,White Wine
5326,6.80,0.21,0.36,18.10,0.05,32.00,133.00,1.00,3.27,0.48,8.80,5,White Wine
2368,8.70,0.52,0.09,2.50,0.09,20.00,49.00,1.00,3.34,0.86,10.60,7,Red Wine
2172,7.90,0.35,0.24,15.60,0.07,44.00,229.00,1.00,3.03,0.59,10.50,6,White Wine
6141,7.20,0.20,0.38,1.00,0.04,21.00,74.00,0.99,3.21,0.37,11.00,5,White Wine
4623,6.40,0.29,0.18,15.00,0.04,21.00,116.00,1.00,3.14,0.50,9.20,5,White Wine
5560,8.00,0.48,0.34,2.20,0.07,16.00,25.00,0.99,3.28,0.66,12.40,6,Red Wine
2851,8.20,0.70,0.23,2.00,0.10,14.00,81.00,1.00,3.19,0.70,9.40,5,Red Wine
2716,10.30,0.53,0.48,2.50,0.06,6.00,25.00,1.00,3.12,0.59,9.30,6,Red Wine
3757,10.00,0.49,0.20,11.00,0.07,13.00,50.00,1.00,3.16,0.69,9.20,6,Red Wine
3281,7.00,0.24,0.36,4.90,0.08,10.00,133.00,0.99,3.33,0.37,10.80,6,White Wine
6478,7.80,0.30,0.74,1.80,0.03,33.00,156.00,0.99,3.29,0.52,12.80,6,White Wine
3262,6.60,0.22,0.34,11.60,0.05,59.00,140.00,1.00,3.22,0.40,10.80,5,White Wine
2615,9.60,0.50,0.36,2.80,0.12,26.00,55.00,1.00,3.18,0.68,10.90,5,Red Wine
2913,6.90,0.44,0.00,1.40,0.07,32.00,38.00,0.99,3.32,0.58,11.40,6,Red Wine
3614,7.90,0.20,0.49,1.60,0.05,15.00,144.00,0.99,3.16,0.47,10.50,5,White Wine
2139,4.80,0.29,0.23,1.10,0.04,38.00,180.00,0.99,3.28,0.34,11.90,6,White Wine
5646,6.50,0.29,0.26,7.00,0.04,18.00,113.00,0.99,3.17,0.38,10.20,6,White Wine
953,5.80,1.01,0.66,2.00,0.04,15.00,88.00,0.99,3.66,0.60,11.50,6,Red Wine
4987,7.40,0.25,0.37,6.90,0.02,14.00,93.00,0.99,3.00,0.48,10.70,7,White Wine
70,6.40,0.42,0.19,9.30,0.04,28.00,145.00,0.99,3.23,0.53,10.98,5,White Wine
4310,7.00,0.27,0.48,6.10,0.04,60.00,184.00,1.00,3.20,0.50,9.40,6,White Wine
1081,6.70,0.12,0.30,5.20,0.05,38.00,113.00,0.99,3.33,0.44,10.10,7,White Wine
5358,7.40,0.15,0.34,2.30,0.04,73.50,214.00,0.99,3.18,0.61,9.90,7,White Wine
1290,5.00,0.33,0.16,1.50,0.05,10.00,97.00,0.99,3.48,0.44,10.70,6,White Wine
2108,8.50,0.56,0.74,17.85,0.05,51.00,243.00,1.00,2.99,0.70,9.20,5,White Wine
4404,5.90,0.20,0.28,12.80,0.04,29.00,132.00,0.99,3.31,0.57,11.80,7,White Wine
5643,6.70,0.70,0.08,3.75,0.07,8.00,16.00,0.99,3.43,0.52,12.60,5,Red Wine
4156,7.40,0.16,0.27,15.50,0.05,25.00,135.00,1.00,2.90,0.43,8.70,7,White Wine
1413,5.80,0.22,0.30,1.10,0.05,36.00,131.00,0.99,3.26,0.45,10.40,5,White Wine
5507,9.90,0.27,0.49,5.00,0.08,9.00,17.00,0.99,3.19,0.52,12.50,7,Red Wine
3883,6.70,0.30,0.74,5.00,0.04,35.00,157.00,0.99,3.21,0.46,9.90,5,White Wine
3054,6.10,0.33,0.30,3.00,0.04,30.00,124.00,0.99,3.31,0.40,13.10,7,White Wine
4976,6.80,0.25,0.31,13.30,0.05,69.00,202.00,1.00,3.22,0.48,9.70,6,White Wine
5639,8.40,0.20,0.31,2.80,0.05,16.00,89.00,0.99,2.96,0.45,9.50,6,White Wine
4233,6.40,0.12,0.49,6.40,0.04,49.00,161.00,0.99,3.34,0.44,10.40,6,White Wine
1161,6.20,0.20,0.32,2.80,0.05,17.00,126.00,0.99,3.18,0.55,9.40,6,White Wine
5367,10.70,0.40,0.48,2.10,0.12,15.00,49.00,1.00,3.03,0.81,9.70,6,Red Wine
3063,7.40,0.35,0.24,6.00,0.04,28.00,123.00,0.99,3.14,0.44,11.30,5,White Wine
6,11.40,0.62,0.66,6.20,0.09,6.00,24.00,1.00,3.11,0.99,13.30,6,Red Wine
1800,7.80,0.19,0.32,7.40,0.01,47.00,124.00,0.99,2.99,0.39,11.00,6,White Wine
6473,7.30,0.28,0.54,12.90,0.05,62.00,152.00,1.00,3.06,0.45,9.10,6,White Wine
2345,7.00,0.19,0.23,5.70,0.12,27.00,104.00,1.00,3.04,0.54,9.40,6,White Wine
5794,7.90,0.54,0.34,2.50,0.08,8.00,17.00,0.99,3.20,0.72,13.10,8,Red Wine
6392,7.20,0.19,0.27,11.20,0.06,46.00,149.00,1.00,2.99,0.59,9.30,6,White Wine
4658,9.00,0.38,0.41,2.40,0.10,6.00,10.00,1.00,3.13,0.58,11.90,7,Red Wine
5809,7.20,0.36,0.46,2.10,0.07,24.00,44.00,1.00,3.40,0.85,11.00,7,Red Wine
4549,9.80,0.39,0.43,1.65,0.07,5.00,11.00,0.99,3.19,0.46,11.40,5,Red Wine
4298,7.00,0.22,0.30,1.40,0.04,14.00,63.00,0.99,3.20,0.33,12.00,6,White Wine
5056,9.60,0.88,0.28,2.40,0.09,30.00,147.00,1.00,3.24,0.53,9.40,5,Red Wine
5387,5.90,0.34,0.25,2.00,0.04,12.00,110.00,0.99,3.02,0.54,11.40,6,White Wine
3944,6.60,0.41,0.31,1.60,0.04,18.00,101.00,0.99,3.13,0.41,10.50,5,White Wine
5313,5.80,0.38,0.26,1.10,0.06,20.00,140.00,0.99,3.27,0.43,9.70,6,White Wine
4539,7.00,0.18,0.26,1.40,0.04,46.00,89.00,0.99,3.39,0.48,10.70,7,White Wine
2285,7.00,0.27,0.41,18.75,0.04,34.00,157.00,1.00,2.96,0.50,9.10,5,White Wine
6227,7.50,0.61,0.20,1.70,0.08,36.00,60.00,0.99,3.10,0.40,9.30,5,Red Wine
4359,10.90,0.39,0.47,1.80,0.12,6.00,14.00,1.00,3.30,0.75,9.80,6,Red Wine
5279,7.50,0.51,0.02,1.70,0.08,13.00,31.00,1.00,3.36,0.54,10.50,6,Red Wine
3332,7.90,0.55,0.06,4.00,0.09,27.00,61.00,1.00,3.36,0.67,10.70,6,Red Wine
2636,7.30,0.22,0.40,14.75,0.04,44.50,129.50,1.00,3.36,0.41,9.10,7,White Wine
4125,8.30,0.14,0.34,1.10,0.04,7.00,47.00,0.99,3.47,0.40,10.20,6,White Wine
1433,6.30,0.30,0.34,1.60,0.05,14.00,132.00,0.99,3.30,0.49,9.50,6,White Wine
6339,7.10,0.44,0.62,11.80,0.04,52.00,152.00,1.00,3.12,0.46,8.70,6,White Wine
4443,7.40,0.32,0.55,16.60,0.06,53.00,238.00,1.00,2.96,0.58,8.70,6,White Wine
4365,7.80,0.32,0.44,2.70,0.10,8.00,17.00,1.00,3.33,0.78,11.00,7,Red Wine
1114,6.50,0.22,0.45,8.00,0.05,52.00,196.00,1.00,3.23,0.48,9.10,6,White Wine
2262,5.70,0.23,0.28,9.65,0.03,26.00,121.00,0.99,3.28,0.38,11.30,6,White Wine
3891,7.80,0.30,0.29,16.85,0.05,23.00,135.00,1.00,3.16,0.38,9.00,6,White Wine
3564,6.30,0.20,0.26,4.70,0.04,108.00,168.00,0.99,3.07,0.75,10.70,7,White Wine
3617,6.80,0.91,0.06,2.00,0.06,4.00,11.00,1.00,3.53,0.64,10.90,4,Red Wine
1700,7.20,0.28,0.54,16.70,0.04,54.00,200.00,1.00,3.08,0.49,9.50,6,White Wine
2793,7.50,0.28,0.78,12.10,0.04,53.00,161.00,1.00,2.98,0.44,8.70,5,White Wine
1526,7.10,0.36,0.28,2.40,0.04,35.00,115.00,0.99,3.19,0.44,13.50,7,White Wine
3497,7.20,0.66,0.03,1.80,0.08,7.00,12.00,1.00,3.34,0.39,9.50,5,Red Wine
2026,6.70,0.86,0.07,2.00,0.10,20.00,57.00,1.00,3.60,0.74,11.70,6,Red Wine
4045,5.50,0.12,0.33,1.00,0.04,23.00,131.00,0.99,3.25,0.45,9.80,5,White Wine
891,6.50,0.28,0.33,15.70,0.05,51.00,190.00,1.00,3.22,0.51,9.70,6,White Wine
4407,5.20,0.30,0.34,1.50,0.04,18.00,96.00,0.99,3.56,0.48,13.00,8,White Wine
1442,7.10,0.16,0.36,10.70,0.04,20.00,90.00,1.00,3.16,0.44,10.90,7,White Wine
3473,5.40,0.27,0.28,7.80,0.05,27.00,91.00,0.99,3.19,0.38,10.40,6,White Wine
2065,6.80,0.28,0.35,2.30,0.04,16.00,85.00,0.99,3.19,0.56,12.40,6,White Wine
5045,7.40,0.29,0.38,1.70,0.06,9.00,30.00,1.00,3.41,0.53,9.50,6,Red Wine
502,9.40,0.29,0.55,2.20,0.05,17.00,119.00,1.00,3.12,0.69,10.30,4,White Wine
409,8.30,0.28,0.45,7.80,0.06,32.00,139.00,1.00,3.33,0.77,11.20,6,White Wine
1737,6.90,0.39,0.24,2.10,0.10,4.00,7.00,0.99,3.44,0.58,11.40,4,Red Wine
783,8.10,0.50,0.47,1.10,0.04,23.00,126.00,0.99,3.21,0.42,10.90,5,White Wine
5525,8.30,0.15,0.39,1.30,0.06,32.00,146.00,0.99,3.08,0.39,10.50,6,White Wine
6283,7.10,0.12,0.30,3.10,0.02,15.00,37.00,0.99,3.02,0.52,11.90,7,White Wine
4881,7.50,0.63,0.27,2.00,0.08,17.00,91.00,1.00,3.26,0.58,9.80,6,Red Wine
2306,6.60,0.36,0.52,10.10,0.05,29.00,140.00,1.00,3.07,0.40,9.40,5,White Wine
5917,7.00,0.15,0.28,14.70,0.05,29.00,149.00,1.00,2.96,0.39,9.00,7,White Wine
3027,6.30,0.39,0.08,1.70,0.07,3.00,20.00,1.00,3.34,0.58,9.40,5,Red Wine
687,7.30,0.26,0.53,12.70,0.05,60.50,156.00,1.00,3.06,0.45,9.10,6,White Wine
2165,6.00,0.35,0.51,1.20,0.03,10.00,102.00,0.99,3.46,0.42,11.90,6,White Wine
4479,7.00,0.12,0.28,6.30,0.06,17.00,103.00,1.00,3.50,0.44,9.60,5,White Wine
6308,6.50,0.39,0.81,1.20,0.22,14.00,74.00,0.99,3.08,0.53,9.50,5,White Wine
963,5.10,0.21,0.28,1.40,0.05,48.00,148.00,0.99,3.50,0.49,10.40,5,White Wine
1140,6.60,0.30,0.25,8.00,0.04,21.00,124.00,0.99,3.06,0.38,10.80,6,White Wine
6319,6.20,0.33,0.14,4.80,0.05,27.00,128.00,0.99,3.21,0.48,9.40,5,White Wine
1484,7.40,0.18,0.30,8.80,0.06,26.00,103.00,1.00,2.94,0.56,9.30,5,White Wine
5660,7.10,0.48,0.28,2.80,0.07,6.00,16.00,1.00,3.24,0.53,10.30,5,Red Wine
1926,7.10,0.20,0.30,0.90,0.02,4.00,28.00,0.99,3.20,0.36,12.00,6,White Wine
2488,11.00,0.20,0.48,2.00,0.34,6.00,18.00,1.00,3.30,0.71,10.50,5,Red Wine
6136,8.90,0.59,0.50,2.00,0.34,27.00,81.00,1.00,3.04,1.61,9.50,6,Red Wine
539,10.40,0.33,0.63,2.80,0.08,5.00,22.00,1.00,3.26,0.74,11.20,7,Red Wine
861,6.80,0.26,0.48,6.20,0.05,55.00,182.00,1.00,3.21,0.45,9.40,6,White Wine
2328,6.90,0.32,0.26,8.30,0.05,32.00,180.00,1.00,3.25,0.51,9.20,6,White Wine
4196,7.10,0.13,0.29,15.50,0.06,56.00,115.50,1.00,3.16,0.41,9.70,7,White Wine
3626,5.50,0.48,0.00,1.50,0.07,8.00,103.00,0.99,3.63,0.40,9.70,4,White Wine
803,8.40,0.64,0.36,2.00,0.09,15.00,55.00,1.00,3.31,0.57,10.40,4,Red Wine
533,5.60,0.12,0.33,2.90,0.04,21.00,73.00,0.99,3.17,0.32,12.90,8,White Wine
3654,7.80,0.43,0.49,13.00,0.03,37.00,158.00,1.00,3.14,0.35,11.30,6,White Wine
479,6.90,0.60,0.12,10.70,0.07,40.00,83.00,1.00,3.45,0.52,9.40,6,Red Wine
5700,9.20,0.27,0.34,10.50,0.04,49.00,228.00,1.00,3.04,0.41,10.40,6,White Wine
4871,8.70,0.41,0.41,6.20,0.08,25.00,42.00,1.00,3.24,0.77,12.60,7,Red Wine
3202,7.40,0.22,0.26,1.20,0.04,18.00,97.00,0.99,3.12,0.41,9.70,6,White Wine
1122,6.60,0.17,0.36,1.90,0.04,38.00,110.00,0.99,3.05,0.54,11.40,6,White Wine
3169,7.20,0.19,0.27,11.20,0.06,46.00,149.00,1.00,2.99,0.59,9.30,6,White Wine
4381,8.10,0.25,0.34,10.10,0.05,30.00,121.00,1.00,3.17,0.49,10.10,6,White Wine
4849,7.50,0.20,0.41,1.20,0.05,26.00,131.00,0.99,3.19,0.52,11.10,5,White Wine
2931,7.10,0.26,0.34,14.40,0.07,35.00,189.00,1.00,3.07,0.53,9.10,7,White Wine
4086,7.00,0.31,0.52,1.70,0.03,5.00,61.00,0.99,3.07,0.43,10.40,5,White Wine
1182,6.90,0.28,0.33,1.20,0.04,16.00,98.00,0.99,3.07,0.39,11.70,6,White Wine
6083,7.00,0.69,0.00,1.90,0.11,3.00,10.00,1.00,3.35,0.60,9.70,6,Red Wine
1742,9.90,0.59,0.07,3.40,0.10,32.00,71.00,1.00,3.31,0.71,9.80,5,Red Wine
4337,6.20,0.15,0.27,11.00,0.04,46.00,116.00,1.00,3.12,0.38,9.10,6,White Wine
1790,6.00,0.28,0.52,6.20,0.03,37.00,104.00,0.99,3.28,0.51,11.80,7,White Wine
3847,7.70,0.42,0.31,9.20,0.05,22.00,221.00,1.00,3.06,0.61,9.20,6,White Wine
980,6.70,0.24,0.33,12.30,0.05,31.00,145.00,1.00,3.36,0.40,9.50,5,White Wine
4412,7.80,0.28,0.31,2.10,0.05,28.00,208.00,0.99,3.23,0.64,9.80,5,White Wine
1696,5.00,0.35,0.25,7.80,0.03,24.00,116.00,0.99,3.39,0.40,11.30,6,White Wine
51,6.80,0.28,0.60,1.10,0.13,42.00,127.00,0.99,3.09,0.44,9.10,6,White Wine
6033,5.70,0.22,0.20,16.00,0.04,41.00,113.00,1.00,3.22,0.46,8.90,6,White Wine
4873,8.70,0.54,0.26,2.50,0.10,7.00,31.00,1.00,3.27,0.60,9.30,6,Red Wine
1045,5.30,0.71,0.19,1.50,0.16,7.00,62.00,0.99,3.62,0.61,11.00,5,Red Wine
2481,8.80,0.69,0.26,1.60,0.09,16.00,23.00,1.00,3.32,0.47,9.40,5,Red Wine
3335,5.10,0.47,0.02,1.30,0.03,18.00,44.00,0.99,3.90,0.62,12.80,6,Red Wine
4540,6.40,0.45,0.07,1.10,0.03,10.00,131.00,0.99,2.97,0.28,10.80,5,White Wine
5233,8.30,0.65,0.10,2.90,0.09,17.00,40.00,1.00,3.29,0.55,9.50,5,Red Wine
2761,6.70,0.26,0.30,1.80,0.04,25.00,121.00,0.99,3.44,0.61,10.20,6,White Wine
4034,7.10,0.17,0.40,14.55,0.05,47.00,156.00,1.00,3.34,0.78,9.10,6,White Wine
2703,6.70,0.19,0.36,1.10,0.03,63.00,143.00,0.99,3.27,0.48,11.00,6,White Wine
2738,8.80,0.60,0.29,2.20,0.10,5.00,15.00,1.00,3.36,0.49,9.10,5,Red Wine
933,6.70,0.54,0.27,7.10,0.05,8.00,178.00,1.00,3.16,0.38,9.40,4,White Wine
5744,6.60,0.32,0.47,15.60,0.06,27.00,173.00,1.00,3.18,0.56,9.00,5,White Wine
5255,6.10,0.41,0.00,1.60,0.06,36.00,87.00,0.99,3.27,0.67,10.80,6,White Wine
2586,9.40,0.61,0.28,3.20,0.09,18.00,72.00,1.00,3.31,0.53,9.70,5,Red Wine
5415,5.40,0.45,0.27,6.40,0.03,20.00,102.00,0.99,3.22,0.27,13.40,8,White Wine
5067,7.70,0.57,0.21,1.50,0.07,4.00,9.00,0.99,3.16,0.54,9.80,6,Red Wine
3776,7.20,0.31,0.35,7.20,0.05,45.00,178.00,1.00,3.14,0.53,9.70,5,White Wine
3182,12.90,0.35,0.49,5.80,0.07,5.00,35.00,1.00,3.20,0.66,12.00,7,Red Wine
5686,6.10,0.31,0.34,2.80,0.04,59.50,162.00,0.99,3.27,0.47,10.80,6,White Wine
2000,6.20,0.25,0.38,7.90,0.04,54.00,208.00,1.00,3.17,0.46,9.10,5,White Wine
4074,7.10,0.43,0.42,5.50,0.07,29.00,129.00,1.00,3.42,0.72,10.50,5,Red Wine
5176,6.80,0.22,0.49,0.90,0.05,26.00,128.00,0.99,3.25,0.35,11.40,6,White Wine
729,7.30,0.40,0.26,5.45,0.02,26.00,90.00,0.99,2.84,0.54,13.20,7,White Wine
4474,7.70,0.27,0.68,3.50,0.36,5.00,10.00,1.00,3.25,1.08,9.90,7,Red Wine
1329,6.70,0.76,0.02,1.80,0.08,6.00,12.00,1.00,3.55,0.63,9.95,3,Red Wine
3736,8.10,0.30,0.49,8.10,0.04,26.00,174.00,0.99,3.10,0.30,11.20,7,White Wine
4725,7.20,0.12,0.30,6.80,0.06,26.00,105.00,1.00,3.44,0.40,9.60,6,White Wine
1657,7.30,0.36,0.49,2.50,0.09,39.00,106.00,1.00,3.36,0.78,11.00,5,Red Wine
295,9.40,0.50,0.34,3.60,0.08,5.00,14.00,1.00,3.29,0.52,10.70,6,Red Wine
5348,7.60,0.30,0.25,4.30,0.05,22.00,111.00,1.00,3.12,0.49,9.20,5,White Wine
5422,8.50,0.58,0.18,2.10,0.08,5.00,30.00,1.00,3.20,0.48,9.80,6,Red Wine
5711,8.90,0.59,0.41,7.90,0.09,30.00,109.00,1.00,3.27,0.57,9.30,5,Red Wine
2717,8.00,0.29,0.29,13.20,0.05,26.00,113.00,1.00,3.25,0.37,9.70,6,White Wine
3461,7.40,0.36,0.33,1.40,0.03,27.00,55.00,0.99,3.21,0.33,11.20,6,White Wine
6123,5.50,0.32,0.13,1.30,0.04,45.00,156.00,0.99,3.26,0.38,10.70,5,White Wine
3432,6.80,0.19,0.58,14.20,0.04,51.00,164.00,1.00,3.12,0.48,9.60,6,White Wine
3740,6.50,0.17,0.54,8.50,0.08,64.00,163.00,1.00,2.89,0.39,8.80,6,White Wine
3449,7.20,0.24,0.36,2.00,0.03,21.00,63.00,0.99,3.13,0.63,12.50,6,White Wine
1185,8.90,0.33,0.34,1.40,0.06,14.00,171.00,0.99,3.13,0.47,9.70,5,White Wine
3669,7.60,0.69,0.23,2.30,0.11,20.00,84.00,1.00,3.21,0.61,9.30,5,Red Wine
3118,7.40,0.26,0.32,3.70,0.03,29.00,193.00,0.99,3.10,0.67,12.50,6,White Wine
1515,3.80,0.31,0.02,11.10,0.04,20.00,114.00,0.99,3.75,0.44,12.40,6,White Wine
4826,5.70,0.25,0.21,1.50,0.04,21.00,108.00,0.99,3.30,0.59,11.00,6,White Wine
5380,6.80,0.24,0.34,5.10,0.04,31.00,99.00,0.99,3.24,0.46,11.80,6,White Wine
5453,5.00,0.33,0.23,11.80,0.03,23.00,158.00,0.99,3.41,0.64,11.80,6,White Wine
291,6.60,0.21,0.29,5.35,0.03,43.00,106.00,0.99,2.93,0.43,11.50,7,White Wine
2693,6.30,0.24,0.29,13.70,0.04,53.00,134.00,1.00,3.17,0.38,10.60,6,White Wine
5916,6.20,0.36,0.45,10.40,0.06,22.00,184.00,1.00,3.31,0.56,9.80,6,White Wine
1234,8.10,0.36,0.59,13.60,0.05,60.00,134.00,1.00,2.96,0.39,8.70,5,White Wine
5996,8.20,0.23,0.49,0.90,0.06,15.00,73.00,0.99,3.07,0.38,10.40,6,White Wine
3680,8.50,0.25,0.31,2.80,0.03,11.00,61.00,0.99,3.06,0.44,11.50,6,White Wine
4579,6.10,0.53,0.08,1.90,0.08,24.00,45.00,1.00,3.60,0.68,10.30,6,Red Wine
5035,6.90,0.30,0.29,1.30,0.05,24.00,189.00,0.99,3.29,0.54,9.90,4,White Wine
261,7.10,0.42,0.20,2.80,0.04,28.00,109.00,0.99,3.23,0.47,13.40,6,White Wine
4110,6.80,0.24,0.29,2.00,0.04,15.00,96.00,0.99,3.23,0.64,10.40,8,White Wine
1840,7.00,0.15,0.28,14.70,0.05,29.00,149.00,1.00,2.96,0.39,9.00,7,White Wine
1225,6.60,0.31,0.37,6.20,0.05,13.00,164.00,1.00,3.24,0.39,8.80,4,White Wine
67,7.30,0.28,0.35,1.60,0.05,31.00,148.00,0.99,3.18,0.47,10.70,5,White Wine
4848,6.40,0.30,0.38,7.80,0.05,35.00,192.00,1.00,3.10,0.37,9.00,5,White Wine
5253,6.00,0.18,0.27,1.50,0.09,40.00,143.00,0.99,3.49,0.62,10.80,6,White Wine
4671,6.60,0.20,0.27,10.90,0.04,29.00,130.00,0.99,3.11,0.44,10.50,7,White Wine
200,8.50,0.28,0.56,1.80,0.09,35.00,103.00,1.00,3.30,0.75,10.50,7,Red Wine
5482,7.50,0.29,0.24,9.90,0.06,25.00,115.00,1.00,3.15,0.46,10.90,5,White Wine
1771,6.90,0.56,0.26,10.90,0.06,55.00,193.00,1.00,3.21,0.44,9.40,5,White Wine
3653,7.70,0.39,0.49,7.70,0.04,11.00,110.00,1.00,3.33,0.76,10.00,6,White Wine
4780,5.80,0.28,0.27,2.60,0.05,30.00,156.00,0.99,3.53,0.42,12.40,5,White Wine
3456,6.40,0.28,0.22,12.80,0.04,51.00,150.00,1.00,3.23,0.43,10.70,6,White Wine
3728,7.50,0.34,0.35,6.00,0.03,12.00,126.00,0.99,3.16,0.39,12.00,7,White Wine
3493,6.80,0.16,0.18,1.80,0.05,31.00,114.00,0.99,3.27,0.55,10.80,6,White Wine
527,6.90,0.61,0.42,12.00,0.07,24.00,131.00,1.00,3.19,0.34,9.30,5,White Wine
2602,8.00,0.24,0.36,1.50,0.05,17.00,129.00,0.99,3.20,0.54,10.00,6,White Wine
5359,8.10,0.79,0.52,2.00,0.12,37.00,153.00,1.00,3.21,0.69,9.30,5,Red Wine
3194,7.10,0.26,0.31,2.20,0.04,29.00,128.00,0.99,3.34,0.64,10.90,8,White Wine
3435,6.50,0.24,0.19,1.20,0.04,30.00,111.00,0.99,2.99,0.46,9.40,6,White Wine
3812,8.50,0.17,0.74,3.60,0.05,29.00,128.00,0.99,3.28,0.40,12.40,6,White Wine
1848,7.20,0.35,0.26,1.80,0.08,33.00,75.00,1.00,3.40,0.58,9.50,6,Red Wine
1277,6.40,0.57,0.12,2.30,0.12,25.00,36.00,1.00,3.47,0.71,11.30,7,Red Wine
514,7.90,0.29,0.36,11.10,0.03,43.00,208.00,1.00,3.14,0.46,10.30,5,White Wine
2339,6.80,0.20,0.38,4.70,0.04,27.00,103.00,0.99,3.37,0.58,10.70,6,White Wine
1953,7.70,0.26,0.34,6.40,0.05,36.00,163.00,0.99,3.19,0.70,11.50,6,White Wine
3950,6.10,0.24,0.32,9.00,0.03,41.00,134.00,0.99,3.25,0.26,12.30,7,White Wine
1448,7.10,0.40,0.52,1.30,0.15,45.00,149.00,0.99,3.08,0.56,8.70,5,White Wine
3222,6.10,0.28,0.27,4.70,0.03,56.00,140.00,0.99,3.16,0.42,12.50,8,White Wine
1625,8.30,0.49,0.36,1.80,0.22,6.00,16.00,1.00,3.18,0.60,9.50,6,Red Wine
217,7.10,0.28,0.19,7.80,0.04,48.00,184.00,1.00,3.16,0.50,9.40,5,White Wine
2755,6.50,0.38,0.26,5.20,0.04,33.00,112.00,0.99,3.06,0.50,12.30,7,White Wine
1977,5.70,0.15,0.28,3.70,0.04,57.00,151.00,0.99,3.22,0.27,11.20,6,White Wine
4375,8.60,0.32,0.40,2.20,0.08,3.00,6.00,1.00,3.27,0.67,11.90,6,Red Wine
2462,7.20,0.27,0.27,2.40,0.05,30.00,149.00,0.99,3.10,0.51,9.20,6,White Wine
1621,6.70,0.27,0.30,13.90,0.03,34.00,131.00,1.00,3.36,0.50,12.00,7,White Wine
700,9.20,0.23,0.35,10.70,0.04,34.00,145.00,1.00,3.09,0.32,9.70,5,White Wine
29,7.30,0.25,0.28,1.50,0.04,19.00,113.00,0.99,3.38,0.56,10.10,6,White Wine
1108,5.40,0.18,0.19,7.10,0.05,36.00,110.00,0.99,3.26,0.41,9.50,6,White Wine
2041,7.40,0.20,0.37,16.95,0.05,43.00,190.00,1.00,3.03,0.42,9.20,6,White Wine
2784,7.40,0.66,0.00,1.80,0.07,13.00,40.00,1.00,3.51,0.56,9.40,5,Red Wine
3822,6.90,0.14,0.29,9.90,0.06,30.00,91.00,1.00,3.19,0.33,9.90,6,White Wine
6254,5.50,0.42,0.09,1.60,0.02,18.00,68.00,0.99,3.33,0.51,11.40,7,White Wine
2620,6.30,0.30,0.48,7.40,0.05,34.00,149.00,0.99,3.18,0.53,9.80,5,White Wine
2505,5.40,0.41,0.19,1.60,0.04,27.00,88.00,0.99,3.54,0.41,10.00,7,White Wine
1513,6.70,0.31,0.44,6.70,0.05,29.00,160.00,1.00,3.04,0.44,9.60,5,White Wine
4613,7.60,0.27,0.33,2.00,0.06,19.00,175.00,0.99,3.22,0.56,9.90,5,White Wine
2149,7.40,0.79,0.19,5.20,0.09,19.00,98.00,1.00,3.16,0.52,9.60,6,Red Wine
829,5.30,0.31,0.38,10.50,0.03,53.00,140.00,0.99,3.34,0.46,11.70,6,White Wine
3181,6.20,0.44,0.18,7.70,0.10,28.00,210.00,1.00,3.56,0.72,9.20,5,White Wine
2769,6.20,0.35,0.25,18.40,0.05,28.00,182.00,1.00,3.13,0.62,9.30,6,White Wine
5866,7.50,0.72,0.04,1.50,0.08,8.00,15.00,1.00,3.26,0.53,9.60,5,Red Wine
5611,8.40,0.57,0.44,10.70,0.05,46.00,195.00,1.00,3.15,0.51,10.40,5,White Wine
1142,6.80,0.33,0.44,7.00,0.05,29.00,155.00,1.00,3.14,0.42,9.50,5,White Wine
872,7.40,0.16,0.32,1.40,0.07,23.00,140.00,0.99,3.06,0.47,11.40,6,White Wine
2294,7.00,0.46,0.20,16.70,0.05,50.00,184.00,1.00,3.08,0.56,9.40,5,White Wine
5676,10.10,0.43,0.40,2.60,0.09,13.00,52.00,1.00,3.22,0.64,10.00,7,Red Wine
2012,7.80,0.27,0.58,11.20,0.04,44.00,161.00,1.00,3.06,0.41,8.90,6,White Wine
2196,6.60,0.62,0.20,8.70,0.05,81.00,224.00,1.00,3.17,0.44,9.30,5,White Wine
2631,5.90,0.32,0.20,14.40,0.05,29.00,144.00,1.00,3.24,0.41,10.30,6,White Wine
4644,6.20,0.12,0.26,5.70,0.04,56.00,158.00,1.00,3.52,0.37,10.50,6,White Wine
3989,5.20,0.32,0.25,1.80,0.10,13.00,50.00,1.00,3.38,0.55,9.20,5,Red Wine
4456,9.10,0.22,0.24,2.10,0.08,1.00,28.00,1.00,3.41,0.87,10.30,6,Red Wine
72,8.50,0.66,0.49,6.10,0.12,34.00,151.00,1.00,3.31,1.14,9.30,5,Red Wine
2929,9.60,0.68,0.24,2.20,0.09,5.00,28.00,1.00,3.14,0.60,10.20,5,Red Wine
3029,9.50,0.86,0.26,1.90,0.08,13.00,28.00,1.00,3.25,0.62,10.00,5,Red Wine
3343,7.10,0.69,0.04,2.10,0.07,19.00,27.00,1.00,3.44,0.67,9.80,5,Red Wine
2381,7.30,0.40,0.30,1.70,0.08,33.00,79.00,1.00,3.41,0.65,9.50,6,Red Wine
4771,8.30,0.54,0.24,3.40,0.08,16.00,112.00,1.00,3.27,0.61,9.40,5,Red Wine
3726,6.50,0.25,0.50,7.60,0.05,54.00,184.00,1.00,3.17,0.45,9.20,5,White Wine
3433,6.30,0.22,0.43,4.55,0.04,31.00,130.00,0.99,3.35,0.33,11.50,7,White Wine
2229,6.40,0.15,0.25,7.80,0.05,13.00,68.00,0.99,3.16,0.40,9.90,6,White Wine
3895,7.10,0.43,0.17,1.80,0.08,27.00,51.00,1.00,3.49,0.64,10.40,5,Red Wine
3034,6.00,0.27,0.32,3.60,0.04,36.00,133.00,0.99,3.23,0.46,10.80,6,White Wine
1940,6.70,0.46,0.24,1.70,0.08,18.00,34.00,0.99,3.39,0.60,10.60,6,Red Wine
811,7.30,0.20,0.44,1.40,0.04,21.00,98.00,0.99,3.15,0.46,10.00,7,White Wine
5167,7.50,0.64,0.00,2.40,0.08,18.00,29.00,1.00,3.32,0.60,10.00,6,Red Wine
3987,6.10,0.17,0.21,1.90,0.09,44.00,130.00,0.99,3.07,0.41,9.70,5,White Wine
2111,8.20,0.20,0.49,3.50,0.06,14.00,108.00,0.99,3.19,0.35,11.50,6,White Wine
4978,6.80,0.18,0.28,9.80,0.04,29.00,113.00,0.99,3.11,0.45,10.90,7,White Wine
962,6.40,0.35,0.20,5.70,0.03,18.00,117.00,0.99,3.33,0.43,10.10,5,White Wine
2747,6.40,0.27,0.45,8.30,0.05,52.00,196.00,1.00,3.18,0.48,9.50,5,White Wine
2150,6.70,0.42,0.27,8.60,0.07,24.00,148.00,0.99,3.16,0.57,11.30,6,Red Wine
5355,7.20,0.21,0.34,1.10,0.05,25.00,80.00,0.99,3.25,0.40,11.30,6,White Wine
3581,7.80,0.55,0.12,2.50,0.07,11.00,35.00,1.00,3.34,0.61,11.60,6,Red Wine
3297,6.40,0.23,0.37,7.90,0.05,60.00,150.00,0.99,2.86,0.49,9.30,6,White Wine
4390,8.80,0.33,0.44,6.35,0.02,9.00,87.00,0.99,2.96,0.40,12.60,7,White Wine
1284,6.80,0.73,0.20,6.60,0.05,25.00,65.00,0.99,3.12,0.28,11.10,4,White Wine
794,6.40,0.21,0.30,5.60,0.04,43.00,160.00,0.99,3.60,0.41,10.60,6,White Wine
2796,8.00,0.74,0.21,4.00,0.05,24.00,133.00,0.99,3.06,0.38,9.70,5,White Wine
318,6.80,0.28,0.34,7.50,0.04,34.00,177.00,1.00,3.33,0.43,9.10,5,White Wine
276,5.90,0.20,0.23,1.50,0.04,38.00,93.00,0.99,3.36,0.49,12.00,6,White Wine
6351,6.30,0.35,0.30,5.70,0.04,8.00,97.00,0.99,3.27,0.41,11.00,7,White Wine
3065,6.00,0.28,0.24,17.80,0.05,42.00,111.00,1.00,3.10,0.45,8.90,6,White Wine
3261,6.80,0.22,0.30,13.60,0.06,50.00,180.00,1.00,3.44,0.39,9.80,5,White Wine
2088,5.90,0.29,0.16,7.90,0.04,48.00,197.00,1.00,3.21,0.36,9.40,5,White Wine
6087,6.60,0.23,0.29,14.45,0.06,29.00,144.00,1.00,3.33,0.54,10.20,6,White Wine
1371,8.30,0.27,0.45,1.30,0.05,8.00,72.00,0.99,3.08,0.61,10.30,4,White Wine
4766,8.20,0.35,0.40,6.30,0.04,35.00,162.00,0.99,3.15,0.34,11.90,7,White Wine
1916,6.50,0.48,0.02,0.90,0.04,32.00,99.00,0.99,3.14,0.47,9.80,4,White Wine
3682,6.20,0.38,0.18,7.40,0.10,28.00,195.00,1.00,3.53,0.71,9.20,4,White Wine
4737,7.40,0.40,0.29,5.40,0.04,31.00,122.00,0.99,3.30,0.50,11.10,8,White Wine
152,6.40,0.27,0.30,1.60,0.04,19.00,86.00,0.99,3.32,0.65,11.50,6,White Wine
642,7.30,0.19,0.68,1.50,0.05,31.00,156.00,0.99,3.32,0.64,9.40,6,White Wine
286,9.50,0.46,0.24,2.70,0.09,14.00,44.00,1.00,3.12,0.74,10.00,6,Red Wine
461,5.90,0.17,0.30,1.40,0.04,25.00,119.00,0.99,3.68,0.72,10.50,6,White Wine
5669,5.60,0.50,0.09,2.30,0.05,17.00,99.00,0.99,3.63,0.63,13.00,5,Red Wine
4418,7.60,0.28,0.39,1.90,0.05,23.00,116.00,0.99,3.25,0.40,10.40,6,White Wine
3424,6.80,0.59,0.10,1.70,0.06,34.00,53.00,1.00,3.41,0.67,9.70,5,Red Wine
3900,6.90,0.22,0.37,15.00,0.05,59.00,178.00,1.00,3.37,0.82,9.50,7,White Wine
3498,8.00,0.28,0.32,7.60,0.04,61.00,204.00,1.00,3.10,0.55,10.10,6,White Wine
3545,6.50,0.21,0.35,5.70,0.04,47.00,197.00,0.99,3.24,0.50,10.10,6,White Wine
1168,5.80,0.27,0.20,14.95,0.04,22.00,179.00,1.00,3.37,0.37,10.20,5,White Wine
2949,6.80,0.26,0.29,11.90,0.05,54.00,160.00,1.00,3.03,0.58,10.40,6,White Wine
22,9.10,0.52,0.33,1.30,0.07,9.00,30.00,1.00,3.24,0.60,9.30,5,Red Wine
172,7.30,0.34,0.33,2.50,0.06,21.00,37.00,1.00,3.35,0.77,12.10,7,Red Wine
1019,6.40,0.25,0.37,4.50,0.04,41.00,147.00,0.99,3.18,0.40,11.10,7,White Wine
4821,6.40,0.24,0.49,5.80,0.05,25.00,120.00,0.99,3.01,0.98,10.50,6,White Wine
5510,7.10,0.43,0.30,6.60,0.03,15.00,138.00,0.99,3.18,0.46,12.60,6,White Wine
3209,7.30,0.28,0.35,1.60,0.05,31.00,148.00,0.99,3.18,0.47,10.70,5,White Wine
914,6.20,0.25,0.48,10.00,0.04,78.00,240.00,1.00,3.25,0.47,9.50,6,White Wine
4941,6.70,0.34,0.31,16.40,0.05,20.00,146.00,1.00,3.06,0.54,9.10,5,White Wine
1722,6.00,0.32,0.46,1.50,0.05,56.00,189.00,0.99,3.24,0.49,9.60,5,White Wine
326,6.00,0.31,0.27,2.30,0.04,19.00,120.00,0.99,3.32,0.41,12.70,7,White Wine
5685,7.20,0.17,0.28,17.55,0.05,33.00,154.00,1.00,2.94,0.43,9.00,7,White Wine
3826,7.50,0.60,0.03,1.80,0.10,25.00,99.00,0.99,3.35,0.54,10.10,5,Red Wine
1939,7.20,0.24,0.27,11.40,0.03,40.00,174.00,1.00,3.20,0.44,9.00,5,White Wine
842,6.90,0.22,0.43,6.40,0.04,34.00,115.00,0.99,3.05,0.51,10.80,6,White Wine
311,7.20,0.16,0.49,1.30,0.04,27.00,104.00,0.99,3.23,0.57,10.60,6,White Wine
4982,7.70,0.16,0.36,5.90,0.05,25.00,148.00,1.00,3.25,0.54,10.20,6,White Wine
4847,7.80,0.24,0.38,2.10,0.06,14.00,167.00,0.99,3.21,0.55,9.90,5,White Wine
971,7.00,0.16,0.30,2.60,0.04,34.00,90.00,0.99,2.88,0.47,11.20,6,White Wine
475,9.00,0.31,0.49,6.90,0.03,26.00,91.00,0.99,2.99,0.34,11.50,5,White Wine
685,6.00,0.16,0.27,12.00,0.03,39.00,98.00,0.99,3.15,0.34,10.80,5,White Wine
3927,6.20,0.63,0.31,1.70,0.09,15.00,64.00,1.00,3.46,0.79,9.30,5,Red Wine
543,6.70,0.44,0.22,4.30,0.03,19.00,99.00,0.99,3.26,0.53,12.80,7,White Wine
1303,6.80,0.18,0.30,12.80,0.06,19.00,171.00,1.00,3.00,0.52,9.00,7,White Wine
844,6.60,0.32,0.22,16.70,0.05,38.00,133.00,1.00,3.22,0.67,10.40,6,White Wine
2577,6.60,0.44,0.09,2.20,0.06,9.00,18.00,0.99,3.42,0.69,11.30,6,Red Wine
3913,7.50,0.19,0.49,1.80,0.06,19.00,110.00,0.99,3.33,0.44,9.90,5,White Wine
5134,5.60,0.20,0.22,1.30,0.05,25.00,155.00,0.99,3.74,0.43,10.00,5,White Wine
3888,7.10,0.36,0.40,1.95,0.03,26.00,118.00,0.99,3.20,0.45,13.50,7,White Wine
5384,11.20,0.50,0.74,5.15,0.10,5.00,17.00,1.00,3.22,0.62,11.20,5,Red Wine
5617,8.40,0.74,0.11,1.90,0.09,16.00,63.00,1.00,3.19,0.82,9.60,5,Red Wine
2104,6.70,0.24,0.30,3.85,0.04,105.00,179.00,0.99,3.04,0.59,11.30,8,White Wine
4228,6.80,0.22,0.41,6.70,0.03,39.00,116.00,0.99,3.18,0.46,11.50,6,White Wine
20,9.90,0.49,0.23,2.40,0.09,19.00,115.00,0.99,2.77,0.44,9.40,6,White Wine
3069,10.40,0.41,0.55,3.20,0.08,22.00,54.00,1.00,3.15,0.89,9.90,6,Red Wine
2178,6.20,0.33,0.29,1.30,0.04,26.00,138.00,1.00,3.77,0.64,9.50,5,White Wine
2909,7.20,0.25,0.28,14.40,0.06,55.00,205.00,1.00,3.12,0.38,9.00,7,White Wine
2161,5.80,0.20,0.16,1.40,0.04,44.00,99.00,0.99,3.23,0.37,12.20,6,White Wine
3972,9.30,0.41,0.39,2.20,0.06,12.00,31.00,1.00,3.26,0.65,10.20,5,Red Wine
5554,6.50,0.41,0.24,14.00,0.05,24.00,113.00,1.00,3.44,0.53,9.80,6,White Wine
3650,8.80,0.19,0.30,5.00,0.03,34.00,120.00,0.99,2.94,0.47,11.20,5,White Wine
1691,8.30,0.26,0.37,1.40,0.08,8.00,23.00,1.00,3.26,0.70,9.60,6,Red Wine
5460,7.00,0.36,0.35,2.50,0.05,67.00,161.00,0.99,3.05,0.56,11.10,6,White Wine
2126,5.70,0.28,0.35,1.20,0.05,39.00,141.00,0.99,3.44,0.69,11.30,6,White Wine
3086,6.80,0.20,0.28,12.60,0.05,54.00,136.00,1.00,3.19,0.37,10.70,6,White Wine
1837,6.20,0.30,0.17,2.80,0.04,24.00,125.00,0.99,3.01,0.46,9.00,5,White Wine
1525,5.40,0.22,0.29,1.20,0.04,69.00,152.00,0.99,3.76,0.63,11.00,7,White Wine
6361,7.50,0.30,0.40,18.90,0.06,44.00,170.00,1.00,2.99,0.46,9.00,5,White Wine
1034,5.20,0.31,0.20,2.40,0.03,27.00,117.00,0.99,3.56,0.45,13.00,7,White Wine
5322,6.50,0.32,0.45,7.70,0.02,31.00,97.00,0.99,3.20,0.70,12.70,7,White Wine
162,9.70,0.14,0.59,1.50,0.05,23.00,142.00,1.00,2.98,0.62,9.50,5,White Wine
3524,6.00,0.41,0.21,1.90,0.05,29.00,122.00,0.99,3.42,0.52,10.50,6,White Wine
1388,6.60,0.35,0.26,2.70,0.04,19.00,129.00,0.99,3.24,0.48,13.00,7,White Wine
1013,5.80,0.28,0.30,1.50,0.03,31.00,114.00,0.99,3.32,0.60,12.50,7,White Wine
283,6.20,0.22,0.28,2.20,0.04,24.00,125.00,0.99,3.19,0.48,10.50,6,White Wine
3152,6.80,0.27,0.49,1.20,0.04,35.00,126.00,0.99,3.13,0.48,12.10,7,White Wine
4060,8.50,0.26,0.21,16.20,0.07,41.00,197.00,1.00,3.02,0.50,9.80,3,White Wine
1675,7.20,0.23,0.38,14.30,0.06,55.00,194.00,1.00,3.09,0.44,9.00,6,White Wine
3160,8.00,0.66,0.72,17.55,0.04,62.00,233.00,1.00,2.92,0.68,9.40,4,White Wine
1547,7.00,0.36,0.32,10.05,0.04,37.00,131.00,0.99,3.09,0.33,11.70,8,White Wine
5135,7.70,0.67,0.00,2.40,0.09,8.00,19.00,1.00,3.27,0.73,9.30,5,Red Wine
1314,7.90,0.17,0.32,1.60,0.05,47.00,150.00,0.99,3.29,0.76,9.60,6,White Wine
3315,5.60,0.18,0.58,1.25,0.03,29.00,129.00,0.99,3.51,0.60,12.00,7,White Wine
1633,6.60,0.25,0.33,8.50,0.04,29.00,141.00,1.00,3.28,0.60,10.40,5,White Wine
1127,13.40,0.27,0.62,2.60,0.08,6.00,21.00,1.00,3.16,0.67,9.70,6,Red Wine
156,5.10,0.58,0.00,1.70,0.04,14.00,86.00,0.99,3.56,0.94,12.90,7,Red Wine
420,8.30,0.20,0.35,0.90,0.05,12.00,74.00,0.99,3.13,0.38,10.50,6,White Wine
5075,7.20,0.52,0.07,1.40,0.07,5.00,20.00,1.00,3.32,0.81,9.60,6,Red Wine
2501,5.60,0.41,0.22,7.10,0.05,44.00,154.00,0.99,3.30,0.40,10.50,5,White Wine
4237,6.00,0.30,0.44,1.50,0.05,15.00,182.00,0.99,3.50,0.52,10.40,5,White Wine
4463,5.60,0.23,0.25,8.00,0.04,31.00,101.00,0.99,3.19,0.42,10.40,6,White Wine
2480,7.00,0.21,0.34,8.50,0.03,31.00,253.00,1.00,3.22,0.56,10.50,6,White Wine
1112,6.80,0.28,0.36,1.60,0.04,25.00,87.00,0.99,3.23,0.66,10.30,6,White Wine
4757,6.00,0.16,0.30,6.70,0.04,43.00,153.00,1.00,3.63,0.46,10.60,5,White Wine
3953,7.10,0.26,0.49,2.20,0.03,31.00,113.00,0.99,3.37,0.42,12.90,9,White Wine
3000,7.50,0.58,0.03,4.10,0.08,27.00,46.00,1.00,3.02,0.47,9.20,5,Red Wine
1888,7.20,0.30,0.26,1.50,0.04,46.00,178.00,0.99,3.19,0.56,11.30,6,White Wine
6357,9.00,0.80,0.12,2.40,0.08,8.00,28.00,1.00,3.33,0.65,10.40,6,Red Wine
1815,7.30,0.19,0.27,13.90,0.06,45.00,155.00,1.00,2.94,0.41,8.80,8,White Wine
743,7.70,0.49,1.00,19.60,0.03,28.00,135.00,1.00,3.24,0.40,12.00,6,White Wine
1755,5.10,0.33,0.22,1.60,0.03,18.00,89.00,0.99,3.51,0.38,12.50,7,White Wine
5889,7.20,0.31,0.26,7.30,0.05,37.00,157.00,1.00,3.09,0.43,9.00,5,White Wine
3977,7.20,0.17,0.34,6.40,0.04,16.00,111.00,0.99,2.99,0.40,10.80,6,White Wine
472,6.00,0.28,0.52,6.20,0.03,37.00,104.00,0.99,3.28,0.51,11.80,7,White Wine
2549,7.10,0.32,0.32,11.00,0.04,16.00,66.00,0.99,3.24,0.40,11.50,3,White Wine
5040,7.40,0.26,0.31,2.40,0.04,58.00,178.00,0.99,3.42,0.68,10.60,6,White Wine
440,8.00,0.50,0.39,2.60,0.08,12.00,46.00,1.00,3.43,0.62,10.70,6,Red Wine
2530,7.70,0.30,0.42,14.30,0.04,45.00,213.00,1.00,3.18,0.63,9.20,5,White Wine
3100,6.50,0.23,0.45,2.10,0.03,43.00,104.00,0.99,3.02,0.52,11.30,6,White Wine
4216,7.50,0.33,0.38,8.70,0.13,49.00,199.00,1.00,2.98,0.57,9.40,5,White Wine
1812,7.60,0.17,0.27,4.60,0.05,23.00,98.00,0.99,3.08,0.47,9.50,6,White Wine
5099,7.10,0.21,0.27,8.60,0.06,26.00,111.00,1.00,2.95,0.52,9.50,5,White Wine
1957,6.20,0.28,0.41,5.00,0.04,50.00,188.00,0.99,3.23,0.64,10.80,6,White Wine
496,6.40,0.18,0.31,1.60,0.05,36.00,127.00,0.99,3.60,0.67,10.40,7,White Wine
2404,5.20,0.36,0.02,1.60,0.03,24.00,104.00,0.99,3.44,0.35,12.20,6,White Wine
1086,7.20,0.29,0.40,13.60,0.04,66.00,231.00,1.00,3.08,0.59,9.60,6,White Wine
6477,7.60,0.20,0.39,2.60,0.04,30.00,180.00,0.99,3.46,0.44,10.80,7,White Wine
1774,7.60,0.28,0.17,1.60,0.05,28.00,117.00,0.99,3.08,0.43,10.00,5,White Wine
2448,6.50,0.18,0.29,1.70,0.04,39.00,144.00,0.99,3.49,0.50,10.50,6,White Wine
2678,7.00,0.36,0.32,10.05,0.04,37.00,131.00,0.99,3.09,0.33,11.70,8,White Wine
3760,8.00,0.22,0.42,14.60,0.04,45.00,163.00,1.00,3.21,0.69,8.60,7,White Wine
1037,8.40,0.52,0.22,2.70,0.08,4.00,18.00,1.00,3.26,0.57,9.90,6,Red Wine
4807,7.40,0.25,0.36,13.20,0.07,53.00,178.00,1.00,3.01,0.48,9.00,6,White Wine
1986,6.40,0.27,0.49,7.30,0.05,53.00,206.00,1.00,3.24,0.43,9.20,6,White Wine
1710,6.20,0.47,0.21,1.00,0.04,13.00,98.00,0.99,3.14,0.46,9.20,5,White Wine
6065,7.60,0.52,0.12,3.00,0.07,12.00,53.00,1.00,3.36,0.57,9.10,5,Red Wine
4917,10.50,0.24,0.47,2.10,0.07,6.00,24.00,1.00,3.15,0.90,11.00,7,Red Wine
3723,6.10,0.71,0.10,2.60,0.05,13.00,27.00,0.99,3.57,0.50,11.90,5,Red Wine
3402,9.90,0.57,0.25,2.00,0.10,12.00,89.00,1.00,3.04,0.90,10.10,5,Red Wine
6157,6.70,0.20,0.30,1.40,0.03,17.00,76.00,0.99,3.11,0.44,11.00,6,White Wine
6225,6.15,0.21,0.37,3.20,0.02,20.00,80.00,0.99,3.39,0.47,12.00,5,White Wine
4805,7.10,0.17,0.31,1.60,0.04,15.00,103.00,0.99,3.14,0.50,12.00,6,White Wine
2048,6.50,0.36,0.49,2.90,0.03,16.00,94.00,0.99,3.10,0.49,12.10,7,White Wine
6061,6.00,0.17,0.21,6.00,0.05,26.00,134.00,0.99,3.08,0.54,9.80,6,White Wine
5786,7.40,0.16,0.30,13.70,0.06,33.00,168.00,1.00,2.90,0.44,8.70,7,White Wine
1223,7.80,0.49,0.49,7.00,0.04,29.00,149.00,1.00,3.21,0.33,10.00,5,White Wine
1571,8.40,0.25,0.39,2.00,0.04,4.00,10.00,0.99,3.27,0.71,12.50,7,Red Wine
629,7.50,0.29,0.31,8.95,0.06,20.00,151.00,1.00,3.08,0.54,9.30,5,White Wine
5493,7.60,0.22,0.28,12.00,0.06,68.00,143.00,1.00,2.99,0.30,9.20,6,White Wine
5824,6.50,0.26,0.39,1.40,0.02,12.00,66.00,0.99,3.25,0.75,11.30,7,White Wine
1362,6.10,0.38,0.15,1.80,0.07,6.00,19.00,1.00,3.42,0.57,9.40,5,Red Wine
1715,6.40,0.25,0.53,6.60,0.04,59.00,234.00,1.00,3.03,0.42,8.80,5,White Wine
864,5.60,0.28,0.28,4.20,0.04,52.00,158.00,0.99,3.35,0.44,10.70,7,White Wine
896,9.90,0.50,0.50,13.80,0.20,48.00,82.00,1.00,3.16,0.75,8.80,5,Red Wine
1931,5.70,0.32,0.18,1.40,0.03,26.00,104.00,0.99,3.44,0.37,11.00,6,White Wine
5121,6.50,0.32,0.23,1.20,0.05,39.00,208.00,0.99,3.18,0.46,9.90,6,White Wine
2797,8.90,0.35,0.40,3.60,0.11,12.00,24.00,1.00,3.23,0.70,12.00,7,Red Wine
1116,7.00,0.26,0.46,15.55,0.04,61.00,171.00,1.00,2.94,0.35,8.80,6,White Wine
1955,8.00,0.14,0.49,1.50,0.04,42.00,120.00,0.99,3.26,0.40,10.60,7,White Wine
4033,7.80,0.24,0.18,6.70,0.05,33.00,160.00,1.00,3.20,0.56,9.80,6,White Wine
147,6.90,0.32,0.13,7.80,0.04,11.00,117.00,1.00,3.23,0.37,9.20,5,White Wine
867,6.60,0.18,0.26,17.30,0.05,17.00,149.00,1.00,3.00,0.43,9.40,6,White Wine
5575,5.10,0.29,0.28,8.30,0.03,27.00,107.00,0.99,3.36,0.37,11.00,6,White Wine
4178,6.80,0.20,0.27,1.20,0.03,19.00,68.00,0.99,3.14,0.37,11.70,4,White Wine
1917,10.80,0.32,0.44,1.60,0.06,16.00,37.00,1.00,3.22,0.78,10.00,6,Red Wine
3326,6.90,0.31,0.34,7.40,0.06,36.00,174.00,1.00,3.46,0.62,11.10,7,White Wine
5841,6.30,0.30,0.48,1.80,0.07,18.00,61.00,1.00,3.44,0.78,10.30,6,Red Wine
2570,6.20,0.30,0.26,13.40,0.05,57.00,206.00,1.00,3.17,0.43,9.50,6,White Wine
2706,6.80,0.59,0.06,6.00,0.06,11.00,18.00,1.00,3.41,0.59,10.80,7,Red Wine
3453,11.40,0.46,0.50,2.70,0.12,4.00,17.00,1.00,3.13,0.70,10.20,5,Red Wine
6150,13.20,0.46,0.52,2.20,0.07,12.00,35.00,1.00,3.10,0.56,9.00,6,Red Wine
4076,15.60,0.65,0.49,4.20,0.10,10.00,23.00,1.00,2.92,0.74,11.10,5,Red Wine
376,5.90,0.54,0.00,0.80,0.03,12.00,82.00,0.99,3.25,0.36,8.80,5,White Wine
6179,6.80,0.47,0.33,3.95,0.05,16.00,81.00,0.99,3.23,0.53,13.40,7,White Wine
5724,7.00,0.22,0.31,2.70,0.03,41.00,136.00,0.99,3.16,0.37,12.70,7,White Wine
6403,6.70,0.28,0.28,2.40,0.01,36.00,100.00,0.99,3.26,0.39,11.70,7,White Wine
435,7.00,0.22,0.24,11.00,0.04,75.00,167.00,1.00,2.98,0.56,10.50,6,White Wine
863,6.40,0.55,0.26,9.60,0.03,20.00,104.00,0.99,3.22,0.73,13.10,6,White Wine
1733,6.10,0.26,0.25,2.90,0.05,289.00,440.00,0.99,3.44,0.64,10.50,3,White Wine
5258,6.20,0.33,0.14,4.80,0.05,27.00,128.00,0.99,3.21,0.48,9.40,5,White Wine
185,7.70,0.28,0.35,15.30,0.06,31.00,117.00,1.00,3.27,0.50,9.60,5,White Wine
4299,7.20,0.69,0.13,2.00,0.08,12.00,20.00,1.00,3.29,0.54,10.10,5,Red Wine
3637,5.90,0.32,0.33,2.10,0.03,35.00,138.00,0.99,3.37,0.42,12.70,6,White Wine
2983,6.70,0.35,0.32,9.00,0.03,29.00,113.00,0.99,3.13,0.65,12.90,7,White Wine
3553,6.40,0.69,0.09,7.60,0.04,34.00,144.00,0.99,3.26,0.38,10.10,6,White Wine
4696,6.20,0.23,0.35,0.70,0.05,24.00,111.00,0.99,3.37,0.43,11.00,3,White Wine
2044,6.70,0.24,0.29,14.90,0.05,55.00,136.00,1.00,3.03,0.52,9.00,5,White Wine
4622,10.40,0.44,0.73,6.55,0.07,38.00,76.00,1.00,3.17,0.85,12.00,7,Red Wine
1768,6.30,0.21,0.33,13.90,0.05,68.00,179.00,1.00,3.36,0.50,10.40,6,White Wine
4367,6.50,0.46,0.31,5.00,0.03,15.00,72.00,0.99,3.26,0.60,11.50,7,White Wine
3410,7.20,0.49,0.24,2.20,0.07,5.00,36.00,1.00,3.33,0.48,9.40,5,Red Wine
2608,8.60,0.38,0.36,3.00,0.08,30.00,119.00,1.00,3.20,0.56,9.40,5,Red Wine
2899,7.10,0.30,0.46,1.50,0.07,29.00,133.00,0.99,3.12,0.54,12.70,6,White Wine
3842,5.90,0.26,0.25,12.50,0.03,38.00,152.00,1.00,3.33,0.43,9.40,5,White Wine
916,5.20,0.41,0.15,1.45,0.04,10.00,44.00,0.99,3.52,0.40,11.60,4,White Wine
4490,6.90,0.15,0.28,4.40,0.03,14.00,107.00,0.99,3.24,0.46,10.40,8,White Wine
4017,6.20,0.30,0.32,1.20,0.05,32.00,185.00,0.99,3.28,0.44,10.10,5,White Wine
6468,6.60,0.28,0.41,7.00,0.05,59.00,194.00,1.00,3.14,0.48,9.40,5,White Wine
747,8.70,0.30,0.34,4.80,0.02,23.00,127.00,0.99,3.12,0.49,11.20,7,White Wine
1336,7.60,0.39,0.22,2.80,0.04,19.00,113.00,0.99,3.03,0.29,10.20,5,White Wine
3844,7.00,0.36,0.25,5.70,0.01,14.00,73.00,0.99,2.82,0.59,13.20,6,White Wine
2293,8.00,0.25,0.27,9.70,0.04,15.00,85.00,0.99,2.99,0.36,11.20,6,White Wine
3766,8.30,0.54,0.28,1.90,0.08,11.00,40.00,1.00,3.39,0.61,10.00,6,Red Wine
158,6.80,0.59,0.06,6.00,0.06,11.00,18.00,1.00,3.41,0.59,10.80,7,Red Wine
1326,6.30,0.76,0.00,2.90,0.07,26.00,52.00,0.99,3.51,0.60,11.50,6,Red Wine
5601,6.80,0.31,0.09,1.40,0.04,56.00,145.00,0.99,3.19,0.46,10.00,5,White Wine
5690,7.40,0.31,0.74,10.70,0.04,51.00,147.00,1.00,3.02,0.43,8.70,5,White Wine
866,6.70,0.21,0.37,2.50,0.03,35.00,89.00,0.99,3.25,0.50,11.00,7,White Wine
6030,5.90,0.17,0.28,0.70,0.03,5.00,28.00,0.99,3.13,0.32,10.60,5,White Wine
4512,6.40,0.14,0.49,5.40,0.05,54.00,164.00,0.99,3.56,0.44,10.80,6,White Wine
388,8.50,0.28,0.34,13.80,0.04,32.00,161.00,1.00,3.13,0.40,9.90,6,White Wine
1189,6.60,0.21,0.49,18.15,0.04,41.00,158.00,1.00,3.28,0.39,8.70,6,White Wine
1065,6.60,0.21,0.30,9.90,0.04,64.00,174.00,0.99,3.07,0.50,10.10,6,White Wine
6258,7.20,0.17,0.37,6.90,0.06,47.00,128.00,0.99,3.08,0.46,11.00,7,White Wine
3443,6.40,0.16,0.28,2.20,0.04,33.00,93.00,0.99,3.31,0.43,11.10,6,White Wine
137,8.30,0.16,0.37,7.90,0.03,38.00,107.00,0.99,2.93,0.37,11.90,6,White Wine
2453,6.90,0.31,0.33,12.70,0.04,33.00,116.00,1.00,3.04,0.65,10.40,6,White Wine
317,7.70,0.34,0.58,11.10,0.04,41.00,151.00,1.00,3.06,0.49,8.60,5,White Wine
1456,6.20,0.29,0.26,13.10,0.05,55.00,204.00,1.00,3.16,0.41,9.60,6,White Wine
5468,7.40,0.36,0.34,1.80,0.07,18.00,38.00,0.99,3.38,0.88,13.60,7,Red Wine
4656,7.20,0.19,0.31,1.40,0.05,37.00,135.00,0.99,3.34,0.57,10.20,7,White Wine
1332,7.30,0.30,0.33,2.30,0.04,28.00,125.00,0.99,3.34,0.44,12.60,7,White Wine
2279,14.00,0.41,0.63,3.80,0.09,6.00,47.00,1.00,3.01,0.81,10.80,6,Red Wine
6296,6.80,0.26,0.34,13.90,0.03,39.00,134.00,0.99,3.33,0.53,12.00,6,White Wine
4148,8.70,0.49,0.57,17.80,0.05,34.00,243.00,1.00,2.98,0.82,9.00,5,White Wine
6491,6.90,0.19,0.35,13.50,0.04,49.00,118.00,1.00,3.00,0.63,10.70,6,White Wine
4400,7.30,0.49,0.10,2.60,0.07,4.00,14.00,1.00,3.30,0.47,10.50,5,Red Wine
831,6.20,0.10,0.41,1.00,0.04,17.00,76.00,0.99,3.14,0.56,11.40,7,White Wine
3348,6.70,0.25,0.26,13.50,0.06,50.00,156.00,1.00,3.39,0.46,9.90,6,White Wine
2189,6.80,0.23,0.33,1.90,0.05,20.00,101.00,0.99,3.10,0.46,11.10,6,White Wine
2939,8.50,0.22,0.34,0.70,0.04,5.00,25.00,0.99,3.04,0.37,10.50,4,White Wine
4348,6.30,0.34,0.33,4.60,0.03,19.00,80.00,0.99,3.38,0.58,12.00,7,White Wine
5716,6.40,0.16,0.44,1.20,0.05,39.00,122.00,0.99,3.11,0.75,11.30,7,White Wine
6433,6.80,0.19,0.34,1.90,0.04,41.00,108.00,0.99,3.25,0.45,12.90,6,White Wine
5582,6.70,0.18,0.37,1.30,0.03,42.00,125.00,0.99,3.24,0.37,12.80,7,White Wine
1831,7.70,0.26,0.31,1.30,0.04,47.00,155.00,0.99,3.42,0.50,10.10,6,White Wine
2516,9.80,0.34,0.39,1.40,0.07,3.00,7.00,0.99,3.19,0.55,11.40,7,Red Wine
6451,7.00,0.58,0.12,1.90,0.09,34.00,124.00,1.00,3.44,0.48,10.50,5,Red Wine
3663,11.50,0.41,0.52,3.00,0.08,29.00,55.00,1.00,3.26,0.88,11.00,5,Red Wine
2268,6.00,0.34,0.32,3.80,0.04,13.00,116.00,0.99,3.39,0.44,11.80,7,White Wine
1824,6.20,0.58,0.00,1.60,0.07,8.00,18.00,1.00,3.56,0.84,9.40,5,Red Wine
4434,4.80,0.21,0.21,10.20,0.04,17.00,112.00,0.99,3.66,0.48,12.20,7,White Wine
1044,5.50,0.21,0.25,1.20,0.04,18.00,75.00,0.99,3.31,0.56,11.30,6,White Wine
1804,8.80,0.39,0.34,5.90,0.06,33.00,128.00,0.99,2.95,0.51,11.80,6,White Wine
2434,9.60,0.33,0.52,2.20,0.07,13.00,25.00,1.00,3.36,0.76,12.40,7,Red Wine
4476,7.10,0.18,0.74,15.60,0.04,44.00,176.00,1.00,3.38,0.67,9.00,6,White Wine
1285,5.70,0.22,0.20,16.00,0.04,41.00,113.00,1.00,3.22,0.46,8.90,6,White Wine
5378,7.80,0.28,0.34,1.60,0.03,32.00,118.00,0.99,3.00,0.38,12.10,7,White Wine
4001,10.70,0.43,0.39,2.20,0.11,8.00,32.00,1.00,2.89,0.50,9.60,5,Red Wine
143,7.60,0.51,0.24,2.40,0.09,8.00,38.00,1.00,3.47,0.66,9.60,6,Red Wine
3464,6.40,0.38,0.19,4.50,0.04,36.00,119.00,0.99,3.07,0.42,11.20,6,White Wine
1123,6.50,0.33,0.32,1.00,0.04,39.00,120.00,0.99,3.06,0.37,12.20,6,White Wine
878,6.80,0.21,0.36,18.10,0.05,32.00,133.00,1.00,3.27,0.48,8.80,5,White Wine
4162,7.10,0.33,0.64,13.20,0.06,12.00,105.00,1.00,3.05,0.39,9.20,5,White Wine
5915,7.60,0.17,0.46,0.90,0.04,63.00,147.00,0.99,3.02,0.41,10.70,6,White Wine
3986,5.60,0.35,0.37,1.00,0.04,6.00,72.00,0.99,3.37,0.34,11.40,5,White Wine
1141,6.40,0.10,0.29,1.10,0.04,44.00,140.00,0.99,3.17,0.55,10.70,7,White Wine
4986,7.50,0.43,0.30,2.20,0.06,6.00,12.00,0.99,3.44,0.72,11.50,7,Red Wine
825,8.40,0.40,0.70,13.10,0.04,29.00,197.00,1.00,3.06,0.64,9.70,5,White Wine
895,6.50,0.41,0.64,11.80,0.07,65.00,225.00,1.00,3.12,0.51,8.90,5,White Wine
3184,6.90,0.22,0.39,6.00,0.04,44.00,141.00,0.99,3.11,0.33,12.50,6,White Wine
4401,5.90,0.26,0.30,1.00,0.04,38.00,114.00,0.99,3.58,0.48,9.40,5,White Wine
2958,6.60,0.25,0.51,8.00,0.05,61.00,189.00,1.00,3.22,0.49,9.20,5,White Wine
6328,6.30,0.28,0.22,11.50,0.04,27.00,150.00,0.99,3.00,0.33,10.60,6,White Wine
667,7.10,0.09,0.30,6.20,0.03,24.00,134.00,0.99,2.99,0.39,10.90,6,White Wine
5519,11.00,0.26,0.68,2.55,0.09,10.00,25.00,1.00,3.18,0.61,11.80,5,Red Wine
3925,6.40,0.13,0.28,0.90,0.04,32.00,87.00,0.99,3.47,0.52,11.20,6,White Wine
5257,7.60,0.22,0.34,9.70,0.04,26.00,143.00,1.00,3.08,0.49,9.80,6,White Wine
3696,6.90,0.29,0.23,8.60,0.06,56.00,215.00,1.00,3.17,0.44,8.80,5,White Wine
1536,8.60,0.55,0.09,3.30,0.07,8.00,17.00,1.00,3.23,0.44,10.00,5,Red Wine
2853,6.20,0.30,0.17,2.80,0.04,24.00,125.00,0.99,3.01,0.46,9.00,5,White Wine
444,6.60,0.85,0.02,2.40,0.06,15.00,23.00,1.00,3.54,0.60,11.00,6,Red Wine
5762,6.80,0.29,0.22,3.40,0.04,40.00,122.00,0.99,3.09,0.47,12.30,6,White Wine
65,6.30,0.26,0.49,1.50,0.05,34.00,134.00,0.99,2.99,0.61,9.80,6,White Wine
6230,7.40,0.27,0.31,2.40,0.01,15.00,143.00,0.99,3.03,0.65,12.00,4,White Wine
38,6.70,0.36,0.28,8.30,0.03,29.00,81.00,0.99,2.96,0.39,12.50,6,White Wine
49,7.90,0.32,0.51,1.80,0.34,17.00,56.00,1.00,3.04,1.08,9.20,6,Red Wine
2036,8.50,0.34,0.40,4.70,0.06,3.00,9.00,1.00,3.38,0.66,11.60,7,Red Wine
1995,6.90,0.19,0.33,1.60,0.04,63.00,149.00,0.99,3.44,0.52,10.80,5,White Wine
3753,7.10,0.30,0.36,6.80,0.06,44.50,234.00,1.00,3.49,0.64,10.20,6,White Wine
1066,11.50,0.18,0.51,4.00,0.10,4.00,23.00,1.00,3.28,0.97,10.10,6,Red Wine
4406,9.00,0.47,0.31,2.70,0.08,24.00,125.00,1.00,3.31,0.61,9.40,5,Red Wine
4347,6.50,0.16,0.34,1.40,0.03,29.00,133.00,0.99,3.33,0.64,11.50,7,White Wine
3594,5.80,0.29,0.33,3.70,0.03,30.00,88.00,0.99,3.25,0.42,12.30,6,White Wine
3646,6.60,0.21,0.60,1.10,0.14,61.00,144.00,0.99,3.12,0.39,9.30,7,White Wine
1644,5.80,0.19,0.33,4.20,0.04,49.00,133.00,0.99,3.16,0.42,11.30,7,White Wine
1247,8.20,0.42,0.29,4.10,0.03,31.00,100.00,0.99,3.00,0.32,12.80,7,White Wine
5976,5.80,0.25,0.28,11.10,0.06,45.00,175.00,1.00,3.42,0.43,9.50,5,White Wine
5561,9.40,0.41,0.48,4.60,0.07,10.00,20.00,1.00,3.34,0.79,12.20,7,Red Wine
2250,6.70,0.27,0.69,1.20,0.18,36.00,106.00,0.99,2.96,0.43,9.20,6,White Wine
3656,6.60,0.50,0.26,11.30,0.03,32.00,110.00,0.99,3.27,0.78,12.90,8,White Wine
5420,5.00,0.46,0.18,1.90,0.04,33.00,106.00,0.99,3.21,0.83,14.00,7,White Wine
456,6.70,0.39,0.24,2.70,0.02,22.00,80.00,0.99,3.03,0.37,11.50,5,White Wine
5423,5.70,0.39,0.04,12.60,0.03,22.00,115.00,1.00,3.28,0.63,9.90,6,White Wine
5296,6.60,0.16,0.35,1.80,0.04,26.00,105.00,0.99,3.19,0.75,12.40,7,White Wine
3200,8.70,0.69,0.31,3.00,0.09,23.00,81.00,1.00,3.48,0.74,11.60,6,Red Wine
6098,6.40,0.15,0.40,1.50,0.04,23.00,87.00,0.99,3.11,0.46,12.20,7,White Wine
771,5.80,0.20,0.27,1.40,0.03,12.00,77.00,0.99,3.25,0.36,10.90,7,White Wine
263,6.90,0.15,0.29,2.30,0.03,14.00,82.00,0.99,3.10,0.58,11.20,7,White Wine
5148,6.60,0.25,0.30,14.40,0.05,40.00,183.00,1.00,3.02,0.50,9.10,6,White Wine
4585,7.30,0.43,0.37,4.60,0.03,17.00,114.00,0.99,3.23,0.43,13.20,6,White Wine
1422,6.30,0.23,0.21,5.10,0.04,29.00,142.00,0.99,3.36,0.33,10.10,7,White Wine
5644,5.90,0.24,0.26,12.30,0.05,34.00,134.00,1.00,3.34,0.45,9.50,6,White Wine
4731,7.40,0.41,0.66,10.80,0.05,77.00,194.00,1.00,3.05,0.46,8.70,5,White Wine
1900,6.00,0.26,0.50,2.20,0.05,59.00,153.00,0.99,3.08,0.61,9.80,5,White Wine
2734,9.70,0.24,0.49,4.90,0.03,3.00,18.00,0.99,2.85,0.54,10.00,6,White Wine
1791,6.10,0.60,0.00,1.30,0.04,24.00,79.00,0.99,3.31,0.38,9.40,4,White Wine
2075,6.90,0.21,0.33,1.80,0.03,48.00,136.00,0.99,3.25,0.41,12.60,7,White Wine
2872,6.70,0.30,0.50,12.10,0.04,38.00,127.00,1.00,3.04,0.53,8.90,6,White Wine
5452,7.00,0.21,0.31,6.00,0.05,29.00,108.00,0.99,3.26,0.50,10.80,6,White Wine
6003,7.10,0.60,0.00,1.80,0.07,16.00,34.00,1.00,3.47,0.70,9.90,6,Red Wine
5373,6.70,0.17,0.42,10.40,0.04,85.00,182.00,1.00,3.04,0.44,8.90,6,White Wine
4238,6.90,0.25,0.47,8.40,0.04,36.00,156.00,1.00,3.15,0.55,9.40,6,White Wine
3705,8.30,0.36,0.57,15.00,0.05,35.00,256.00,1.00,2.93,0.64,8.60,5,White Wine
2055,6.20,0.37,0.30,6.60,0.35,79.00,200.00,1.00,3.29,0.58,9.60,5,White Wine
5585,6.60,0.23,0.37,8.50,0.04,46.00,153.00,1.00,3.20,0.48,9.40,6,White Wine
2639,5.90,0.44,0.00,1.60,0.04,3.00,11.00,0.99,3.48,0.85,11.70,6,Red Wine
6134,7.00,0.31,0.26,7.40,0.07,28.00,160.00,1.00,3.13,0.46,9.80,6,White Wine
5489,6.60,0.16,0.57,1.10,0.13,58.00,140.00,0.99,3.12,0.39,9.30,7,White Wine
384,10.00,0.48,0.24,2.70,0.10,13.00,32.00,1.00,3.28,0.56,10.00,6,Red Wine
1833,7.00,0.23,0.28,2.70,0.05,16.00,92.00,0.99,3.18,0.56,9.30,5,White Wine
2972,6.20,0.21,0.29,1.60,0.04,24.00,92.00,0.99,3.27,0.50,11.20,6,White Wine
6290,7.70,0.39,0.34,10.00,0.06,35.00,178.00,1.00,3.26,0.60,10.20,5,White Wine
3910,7.70,0.28,0.30,1.00,0.04,19.00,75.00,0.99,3.01,0.56,10.70,5,White Wine
3240,11.80,0.38,0.55,2.10,0.07,5.00,19.00,1.00,3.11,0.62,10.80,6,Red Wine
342,5.70,0.20,0.24,13.80,0.05,44.00,112.00,1.00,2.97,0.66,8.80,6,White Wine
2623,7.90,0.28,0.32,3.60,0.04,9.00,76.00,0.99,3.05,0.31,11.70,4,White Wine
2223,8.70,0.68,0.10,1.60,0.09,4.00,11.00,1.00,3.31,0.65,9.55,5,Red Wine
85,6.80,0.46,0.26,6.30,0.15,49.00,159.00,0.99,3.14,0.47,10.00,5,White Wine
4475,6.20,0.70,0.15,5.10,0.08,13.00,27.00,1.00,3.54,0.60,11.90,6,Red Wine
394,8.50,0.40,0.40,6.30,0.05,3.00,10.00,1.00,3.28,0.56,12.00,4,Red Wine
2890,6.10,0.17,0.27,1.50,0.06,45.00,135.00,0.99,3.20,0.43,10.20,6,White Wine
3376,8.30,0.85,0.14,2.50,0.09,13.00,54.00,1.00,3.36,0.54,10.10,5,Red Wine
5788,7.50,0.18,0.31,6.50,0.03,53.00,160.00,0.99,3.03,0.38,10.90,6,White Wine
6174,10.00,0.35,0.47,2.00,0.06,6.00,11.00,1.00,3.23,0.52,12.00,6,Red Wine
422,8.40,1.03,0.15,6.00,0.07,11.00,54.00,1.00,3.37,0.49,9.90,5,Red Wine
6043,5.20,0.36,0.08,13.50,0.04,37.00,142.00,1.00,3.46,0.39,9.90,6,White Wine
5579,6.80,0.21,0.31,2.90,0.05,40.00,121.00,0.99,3.07,0.65,10.90,7,White Wine
5961,7.80,0.59,0.33,2.00,0.07,24.00,120.00,1.00,3.25,0.54,9.40,5,Red Wine
3981,5.80,0.33,0.23,5.00,0.05,29.00,106.00,0.99,3.13,0.52,9.00,5,White Wine
6053,8.10,0.40,0.32,7.90,0.03,23.00,118.00,0.99,3.05,0.46,13.30,7,White Wine
4858,7.30,0.17,0.23,6.30,0.05,35.00,240.00,1.00,3.36,0.54,10.00,6,White Wine
1203,6.80,0.32,0.34,1.20,0.04,14.00,67.00,0.99,3.05,0.47,10.60,4,White Wine
1398,6.50,0.23,0.39,1.90,0.04,41.00,98.00,0.99,3.19,0.43,11.90,7,White Wine
4170,6.20,0.18,0.38,1.50,0.03,36.00,117.00,0.99,3.47,0.54,9.70,6,White Wine
3140,7.40,0.96,0.00,2.20,0.09,16.00,32.00,1.00,3.58,0.67,10.20,5,Red Wine
1176,6.80,0.26,0.22,4.80,0.04,110.00,198.00,0.99,3.29,0.67,10.60,5,White Wine
4088,7.40,0.27,0.28,1.80,0.04,45.00,121.00,0.99,3.02,0.40,11.90,5,White Wine
2212,8.30,0.56,0.22,2.40,0.08,10.00,86.00,1.00,3.37,0.62,9.50,5,Red Wine
5292,6.40,0.80,0.00,2.20,0.07,28.00,52.00,0.99,3.49,0.52,11.60,5,Red Wine
5964,5.90,0.45,0.26,1.40,0.03,23.00,109.00,0.99,3.30,0.36,10.50,6,White Wine
4697,8.10,0.33,0.22,5.20,0.05,24.00,151.00,1.00,3.22,0.47,10.30,5,White Wine
3810,8.90,0.40,0.32,5.60,0.09,10.00,47.00,1.00,3.38,0.77,10.50,7,Red Wine
2580,6.80,0.23,0.29,15.40,0.07,56.00,173.00,1.00,3.06,0.41,8.70,6,White Wine
6220,9.70,0.24,0.49,4.90,0.03,3.00,18.00,0.99,2.85,0.54,10.00,6,White Wine
1887,7.70,0.23,0.31,10.70,0.04,59.00,186.00,1.00,3.12,0.55,9.50,6,White Wine
5158,6.10,0.28,0.27,4.70,0.03,56.00,140.00,0.99,3.16,0.42,12.50,8,White Wine
1213,5.70,0.31,0.29,7.30,0.05,33.00,143.00,0.99,3.31,0.50,11.07,6,White Wine
4732,7.00,0.30,0.51,13.60,0.05,40.00,168.00,1.00,3.07,0.52,9.60,7,White Wine
5221,7.70,0.28,0.24,2.40,0.04,29.00,157.00,0.99,3.27,0.56,10.60,6,White Wine
5894,7.90,0.26,0.26,2.00,0.03,40.00,190.00,0.99,3.04,0.39,11.20,6,White Wine
4085,5.20,0.44,0.04,1.40,0.04,43.00,119.00,0.99,3.36,0.33,12.10,8,White Wine
3327,6.50,0.42,0.40,13.10,0.04,59.00,241.00,1.00,3.23,0.57,9.00,5,White Wine
15,6.70,0.28,0.34,8.90,0.05,32.00,111.00,0.99,3.25,0.54,11.00,7,White Wine
1380,8.00,0.57,0.23,3.20,0.07,17.00,119.00,1.00,3.26,0.57,9.30,5,Red Wine
6106,5.90,0.55,0.10,2.20,0.06,39.00,51.00,1.00,3.52,0.76,11.20,6,Red Wine
3855,7.50,0.57,0.08,2.60,0.09,14.00,27.00,1.00,3.30,0.59,10.40,6,Red Wine
2933,8.90,0.24,0.39,1.60,0.07,3.00,10.00,1.00,3.12,0.59,9.50,6,Red Wine
3501,10.50,0.51,0.64,2.40,0.11,6.00,15.00,1.00,3.09,0.66,11.80,7,Red Wine
6041,6.90,0.20,0.36,1.50,0.03,38.00,147.00,0.99,3.35,0.56,11.00,6,White Wine
3655,8.20,0.31,0.40,2.20,0.06,6.00,10.00,1.00,3.31,0.68,11.20,7,Red Wine
1893,7.80,0.27,0.33,2.40,0.05,36.00,175.00,0.99,3.20,0.55,11.00,6,White Wine
4543,6.40,0.34,0.23,6.30,0.04,37.00,143.00,0.99,3.19,0.65,10.00,6,White Wine
5138,6.20,0.25,0.38,7.90,0.04,54.00,208.00,1.00,3.17,0.46,9.10,5,White Wine
2183,6.80,0.27,0.30,13.00,0.05,69.00,160.00,1.00,3.16,0.50,9.60,6,White Wine
3724,9.20,0.18,0.49,1.50,0.04,39.00,130.00,0.99,3.04,0.49,9.80,7,White Wine
3220,6.20,0.25,0.28,8.50,0.04,28.00,108.00,0.99,3.40,0.42,10.40,6,White Wine
2032,5.90,0.32,0.26,1.50,0.06,17.00,141.00,0.99,3.24,0.36,10.70,5,White Wine
2029,10.60,0.28,0.39,15.50,0.07,6.00,23.00,1.00,3.12,0.66,9.20,5,Red Wine
1197,6.90,0.41,0.22,4.20,0.03,10.00,102.00,0.99,3.00,0.86,11.60,4,White Wine
5873,8.70,0.82,0.02,1.20,0.07,36.00,48.00,1.00,3.20,0.58,9.80,5,Red Wine
4379,7.00,0.58,0.28,4.80,0.09,12.00,69.00,1.00,3.32,0.70,11.00,6,Red Wine
1490,6.40,0.57,0.02,1.80,0.07,4.00,11.00,1.00,3.46,0.68,9.50,5,Red Wine
4372,5.90,0.22,0.45,22.60,0.12,55.00,122.00,1.00,3.10,0.35,12.80,5,White Wine
2667,7.20,0.37,0.15,2.00,0.03,27.00,87.00,0.99,3.30,0.59,12.60,7,White Wine
1577,7.40,0.19,0.30,12.80,0.05,48.50,212.00,1.00,3.14,0.49,9.10,7,White Wine
2071,5.30,0.76,0.03,2.70,0.04,27.00,93.00,0.99,3.34,0.38,9.20,5,White Wine
3482,6.80,0.25,0.34,4.70,0.03,34.00,134.00,0.99,3.21,0.38,10.60,6,White Wine
5281,5.60,0.54,0.04,1.70,0.05,5.00,13.00,0.99,3.72,0.58,11.40,5,Red Wine
5366,6.90,0.30,0.21,15.70,0.06,49.00,159.00,1.00,3.11,0.48,9.00,5,White Wine
737,8.80,0.46,0.45,2.60,0.07,7.00,18.00,0.99,3.32,0.79,14.00,6,Red Wine
1835,7.60,0.18,0.28,7.10,0.04,29.00,110.00,1.00,3.20,0.42,9.20,6,White Wine
1411,8.10,0.55,0.18,1.90,0.08,13.00,35.00,1.00,3.30,0.59,9.00,6,Red Wine
3124,7.30,0.33,0.40,6.85,0.04,32.00,138.00,0.99,3.03,0.30,11.90,7,White Wine
4100,8.30,0.49,0.23,6.65,0.03,6.00,158.00,0.99,3.05,0.48,11.20,5,White Wine
4634,9.30,0.49,0.36,1.70,0.08,3.00,14.00,1.00,3.27,0.78,10.90,6,Red Wine
415,7.60,0.47,0.49,13.00,0.24,42.00,220.00,1.00,2.96,0.51,9.20,5,White Wine
2921,6.10,0.40,0.16,1.80,0.07,11.00,25.00,1.00,3.42,0.74,10.10,7,Red Wine
2357,7.00,0.24,0.35,1.50,0.05,51.00,128.00,0.99,3.41,0.59,10.40,7,White Wine
3896,7.30,0.25,0.29,7.50,0.05,38.00,158.00,1.00,3.43,0.38,9.60,5,White Wine
5480,6.50,0.38,0.53,1.40,0.14,5.00,69.00,0.99,3.14,0.52,10.10,4,White Wine
735,6.20,0.36,0.14,8.90,0.04,38.00,155.00,1.00,3.27,0.50,9.40,5,White Wine
4320,6.30,0.27,0.38,0.90,0.05,7.00,140.00,0.99,3.45,0.50,10.50,7,White Wine
3304,7.80,0.26,0.31,3.60,0.03,22.00,100.00,0.99,2.99,0.47,12.10,7,White Wine
5198,7.20,0.53,0.14,2.10,0.06,15.00,29.00,0.99,3.35,0.61,12.10,6,Red Wine
4426,7.60,0.20,0.30,14.20,0.06,53.00,212.50,1.00,3.14,0.46,8.90,8,White Wine
3518,6.00,0.40,0.30,1.60,0.05,30.00,117.00,0.99,3.17,0.48,10.10,6,White Wine
3583,6.60,0.24,0.38,12.75,0.03,8.00,74.00,0.99,3.10,0.57,12.90,6,White Wine
170,9.90,0.63,0.24,2.40,0.08,6.00,33.00,1.00,3.09,0.57,9.40,5,Red Wine
1255,6.40,0.18,0.32,9.60,0.05,24.00,90.00,1.00,3.35,0.49,9.40,6,White Wine
2962,7.10,0.29,0.34,7.80,0.04,49.00,128.00,0.99,3.21,0.40,10.70,6,White Wine
3519,6.90,0.17,0.30,2.00,0.05,13.00,117.00,0.99,3.16,0.51,11.60,6,White Wine
1455,6.20,0.22,0.30,12.40,0.05,108.00,152.00,1.00,3.10,0.47,9.50,6,White Wine
1014,6.30,0.98,0.01,2.00,0.06,15.00,33.00,0.99,3.60,0.46,11.20,6,Red Wine
5923,6.80,0.25,0.30,11.80,0.04,53.00,133.00,1.00,3.03,0.58,10.40,6,White Wine
1519,8.10,0.87,0.00,2.20,0.08,10.00,31.00,1.00,3.25,0.50,9.80,5,Red Wine
704,6.40,0.50,0.20,2.40,0.06,19.00,112.00,0.99,3.18,0.40,9.20,6,White Wine
2967,7.40,0.32,0.22,1.70,0.05,50.00,179.00,1.00,3.28,0.69,8.90,5,White Wine
5998,7.40,0.67,0.12,1.60,0.19,5.00,21.00,1.00,3.39,0.54,9.50,5,Red Wine
4477,7.00,0.35,0.24,1.90,0.04,21.00,144.00,0.99,3.35,0.38,11.00,5,White Wine
2936,9.70,0.66,0.34,2.60,0.09,12.00,88.00,1.00,3.26,0.66,10.10,5,Red Wine
2731,7.90,0.37,0.31,2.85,0.04,5.00,24.00,0.99,3.19,0.36,11.90,6,White Wine
4141,6.90,0.29,0.40,19.45,0.04,36.00,156.00,1.00,2.93,0.47,8.90,5,White Wine
1382,8.20,0.52,0.34,1.20,0.04,18.00,167.00,0.99,3.24,0.39,10.60,5,White Wine
4133,9.40,0.30,0.56,2.80,0.08,6.00,17.00,1.00,3.15,0.92,11.70,8,Red Wine
1361,6.00,0.20,0.26,14.70,0.04,53.00,125.00,1.00,2.99,0.69,9.40,6,White Wine
4677,6.40,0.20,0.15,6.60,0.05,26.00,113.00,0.99,2.99,0.58,9.90,6,White Wine
2632,7.30,0.40,0.28,6.50,0.04,26.00,97.00,0.99,3.16,0.58,12.60,7,White Wine
2648,7.60,0.39,0.46,11.70,0.08,55.00,170.00,1.00,2.91,0.51,9.00,5,White Wine
4906,8.00,0.24,0.30,17.45,0.06,43.00,184.00,1.00,3.05,0.50,9.20,6,White Wine
4266,6.20,0.32,0.45,2.90,0.03,37.00,94.00,0.99,3.25,0.60,12.40,6,White Wine
6422,6.40,0.23,0.35,10.30,0.04,54.00,140.00,1.00,3.23,0.47,9.20,5,White Wine
3207,9.70,0.69,0.32,2.50,0.09,22.00,91.00,1.00,3.29,0.62,10.10,5,Red Wine
3156,11.10,0.39,0.54,2.70,0.10,21.00,101.00,1.00,3.13,0.51,9.50,5,Red Wine
410,7.30,0.19,0.25,1.40,0.05,41.00,107.00,0.99,3.53,0.66,10.50,7,White Wine
6419,6.60,0.36,0.47,1.40,0.14,26.00,124.00,0.99,3.09,0.56,10.10,6,White Wine
6207,11.90,0.58,0.66,2.50,0.07,6.00,37.00,1.00,3.05,0.56,10.00,5,Red Wine
4140,6.70,0.21,0.48,14.80,0.05,31.00,195.00,1.00,2.95,0.75,8.80,6,White Wine
3170,6.30,0.31,0.30,10.00,0.05,49.00,212.00,1.00,3.74,0.55,11.90,6,White Wine
1041,7.40,0.21,0.27,7.30,0.03,41.00,144.00,0.99,3.15,0.38,11.80,7,White Wine
1315,8.00,0.45,0.23,2.20,0.09,16.00,29.00,1.00,3.21,0.49,10.20,6,Red Wine
693,6.40,0.26,0.22,5.10,0.04,23.00,131.00,0.99,3.29,0.32,10.10,5,White Wine
4488,8.30,0.43,0.30,3.40,0.08,7.00,34.00,1.00,3.36,0.61,10.50,5,Red Wine
2735,6.90,0.26,0.27,4.20,0.03,20.00,80.00,0.99,3.12,0.39,11.50,6,White Wine
5091,8.40,0.20,0.27,6.30,0.05,30.00,143.00,1.00,3.25,0.50,9.10,6,White Wine
6162,7.20,0.39,0.62,11.00,0.05,66.00,178.00,1.00,3.16,0.50,8.70,5,White Wine
1132,7.00,0.17,0.42,1.00,0.07,19.00,71.00,0.99,3.32,0.62,11.40,6,White Wine
463,7.60,0.21,0.44,1.90,0.04,10.00,119.00,0.99,3.01,0.70,12.80,6,White Wine
5443,6.90,0.25,0.26,5.20,0.02,36.00,135.00,0.99,3.16,0.72,10.70,7,White Wine
5119,7.00,0.35,0.17,1.10,0.05,7.00,119.00,0.99,3.13,0.36,9.70,6,White Wine
36,6.40,0.32,0.27,4.90,0.03,18.00,122.00,0.99,3.36,0.71,12.50,6,White Wine
234,7.70,0.34,0.28,11.00,0.04,31.00,117.00,1.00,3.27,0.29,9.20,6,White Wine
224,7.10,0.44,0.27,8.40,0.06,60.00,160.00,0.99,3.16,0.36,11.80,6,White Wine
1151,6.30,0.43,0.32,8.80,0.04,18.00,106.00,0.99,3.28,0.33,12.90,7,White Wine
4665,7.70,0.30,0.42,14.30,0.04,45.00,213.00,1.00,3.18,0.63,9.20,5,White Wine
4779,8.90,0.12,0.45,1.80,0.07,10.00,21.00,1.00,3.41,0.76,11.90,7,Red Wine
5573,6.70,0.24,0.35,13.10,0.05,64.00,205.00,1.00,3.15,0.50,9.50,5,White Wine
3580,7.00,0.38,0.49,2.50,0.10,33.00,85.00,1.00,3.39,0.77,11.40,6,Red Wine
2661,6.20,0.31,0.26,4.80,0.04,36.00,148.00,0.99,3.21,0.41,10.40,6,White Wine
23,8.40,0.71,0.20,2.40,0.08,10.00,38.00,1.00,3.31,0.64,9.40,5,Red Wine
6163,7.30,0.23,0.37,1.80,0.03,60.00,156.00,0.99,3.11,0.35,11.10,6,White Wine
5567,5.90,0.18,0.29,4.60,0.03,68.00,137.00,0.99,3.21,0.38,11.30,6,White Wine
4127,9.80,0.44,0.47,2.50,0.06,9.00,28.00,1.00,3.24,0.65,10.80,6,Red Wine
635,5.20,0.15,0.33,1.60,0.03,13.00,59.00,0.99,3.30,0.84,11.90,8,White Wine
1928,6.70,0.26,0.29,7.70,0.04,40.00,179.00,0.99,3.23,0.56,10.40,6,White Wine
202,7.40,0.18,0.30,10.40,0.04,44.00,174.00,1.00,3.11,0.57,9.70,6,White Wine
4340,7.10,0.18,0.36,1.40,0.04,31.00,87.00,0.99,3.26,0.37,12.70,7,White Wine
5342,8.60,0.37,0.65,6.40,0.08,3.00,8.00,1.00,3.27,0.58,11.00,5,Red Wine
5275,6.40,0.25,0.74,7.80,0.04,52.00,209.00,1.00,3.21,0.42,9.20,6,White Wine
2740,6.90,0.54,0.04,3.00,0.08,7.00,27.00,1.00,3.69,0.91,9.40,6,Red Wine
2412,6.00,0.42,0.19,2.00,0.07,22.00,47.00,1.00,3.39,0.78,10.00,6,Red Wine
2836,5.80,0.29,0.26,1.70,0.06,3.00,11.00,0.99,3.39,0.54,13.50,6,Red Wine
4527,6.50,0.26,0.31,3.60,0.03,36.00,92.00,0.99,3.22,0.62,12.60,8,White Wine
5369,9.00,0.48,0.32,2.80,0.08,21.00,122.00,1.00,3.32,0.62,9.40,5,Red Wine
4772,8.20,0.57,0.26,2.20,0.06,28.00,65.00,1.00,3.30,0.43,10.10,5,Red Wine
2571,6.30,0.18,0.22,1.50,0.04,45.00,155.00,0.99,3.19,0.48,10.20,5,White Wine
5970,6.60,0.22,0.28,4.90,0.04,51.00,180.00,1.00,3.30,0.75,9.50,6,White Wine
1712,8.20,0.20,0.36,8.10,0.04,60.00,163.00,1.00,3.05,0.30,10.30,6,White Wine
390,7.40,0.31,0.26,8.60,0.05,47.00,206.00,1.00,3.26,0.36,9.10,5,White Wine
4344,6.40,0.25,0.32,5.50,0.05,41.00,176.00,0.99,3.19,0.68,9.20,6,White Wine
683,6.50,0.23,0.36,16.30,0.04,43.00,133.00,1.00,3.26,0.41,8.80,5,White Wine
5341,5.90,0.28,0.39,1.40,0.03,47.00,147.00,0.99,3.08,0.64,12.90,7,White Wine
5030,6.20,0.28,0.57,1.00,0.04,50.00,92.00,0.99,3.17,0.36,11.50,6,White Wine
587,5.80,0.17,0.34,1.80,0.04,96.00,170.00,0.99,3.38,0.90,11.80,8,White Wine
4668,6.50,0.27,0.19,6.60,0.04,98.00,175.00,0.99,3.16,0.34,10.10,6,White Wine
520,6.60,0.22,0.23,17.30,0.05,37.00,118.00,1.00,3.08,0.46,8.80,6,White Wine
5147,7.00,0.24,0.26,1.70,0.04,31.00,110.00,0.99,3.20,0.53,11.00,6,White Wine
244,6.50,0.19,0.26,5.20,0.04,31.00,140.00,0.99,3.26,0.68,9.50,6,White Wine
4160,6.80,0.29,0.56,11.90,0.04,66.00,230.00,1.00,3.02,0.63,9.30,5,White Wine
1788,5.90,0.34,0.30,3.80,0.04,57.00,135.00,0.99,3.09,0.34,12.00,6,White Wine
3066,6.50,0.28,0.27,5.20,0.04,44.00,179.00,0.99,3.19,0.69,9.40,6,White Wine
1813,7.20,0.28,0.26,12.50,0.05,48.00,179.00,1.00,3.10,0.52,9.00,6,White Wine
1149,7.80,0.30,0.74,1.80,0.03,33.00,156.00,0.99,3.29,0.52,12.80,6,White Wine
5927,6.60,0.18,0.28,3.30,0.04,18.00,91.00,0.99,3.42,0.64,10.80,6,White Wine
3320,6.80,0.23,0.48,1.50,0.04,35.00,165.00,0.99,3.18,0.45,11.30,6,White Wine
2888,7.70,0.75,0.27,3.80,0.11,34.00,89.00,1.00,3.24,0.45,9.30,5,Red Wine
3743,6.60,0.16,0.32,1.40,0.04,49.00,186.00,0.99,3.35,0.64,12.40,8,White Wine
3101,7.90,0.22,0.45,14.20,0.04,53.00,141.00,1.00,3.03,0.46,9.20,6,White Wine
5602,7.10,0.31,0.25,11.20,0.05,32.00,136.00,1.00,3.14,0.40,9.50,5,White Wine
1022,7.60,0.43,0.40,2.70,0.08,6.00,11.00,1.00,3.44,0.54,12.20,6,Red Wine
4581,7.00,0.27,0.32,6.80,0.05,47.00,193.00,0.99,3.23,0.39,11.40,6,White Wine
1946,8.00,0.30,0.36,11.00,0.03,8.00,70.00,0.99,3.05,0.41,12.20,6,White Wine
4008,6.20,0.28,0.27,10.30,0.03,26.00,108.00,0.99,3.20,0.36,10.70,6,White Wine
3431,5.20,0.25,0.23,1.40,0.05,20.00,77.00,0.99,3.32,0.62,11.40,5,White Wine
4153,7.00,0.22,0.30,1.80,0.07,16.00,20.00,1.00,3.61,0.82,10.00,6,Red Wine
3073,7.80,0.27,0.28,1.80,0.05,21.00,127.00,0.99,3.15,0.44,9.90,5,White Wine
2613,8.70,0.54,0.26,2.50,0.10,7.00,31.00,1.00,3.27,0.60,9.30,6,Red Wine
2131,6.30,0.28,0.34,8.10,0.04,44.00,129.00,0.99,3.26,0.29,12.10,6,White Wine
4713,7.40,0.55,0.22,2.20,0.11,12.00,72.00,1.00,3.05,0.63,9.20,5,Red Wine
3381,8.00,0.55,0.17,8.20,0.04,13.00,60.00,1.00,3.09,0.30,9.50,4,White Wine
2350,5.60,0.31,0.37,1.40,0.07,12.00,96.00,1.00,3.32,0.58,9.20,5,Red Wine
5470,7.20,0.34,0.24,2.00,0.07,30.00,52.00,1.00,3.44,0.58,10.10,5,Red Wine
4761,7.80,0.43,0.49,13.00,0.03,37.00,158.00,1.00,3.14,0.35,11.30,6,White Wine
4654,7.90,0.20,0.39,1.00,0.04,37.00,154.00,0.99,3.08,0.43,11.90,5,White Wine
3149,7.00,0.28,0.26,1.70,0.04,34.00,130.00,0.99,3.43,0.50,10.70,8,White Wine
3090,6.90,0.84,0.21,4.10,0.07,16.00,65.00,1.00,3.53,0.72,9.23,6,Red Wine
6413,6.90,0.39,0.40,4.60,0.02,5.00,19.00,0.99,3.31,0.37,12.60,3,White Wine
4556,7.30,0.28,0.42,1.20,0.03,29.00,142.00,0.99,3.17,0.43,10.70,4,White Wine
2847,7.40,0.30,0.22,1.40,0.05,16.00,135.00,0.99,3.08,0.77,10.40,7,White Wine
2315,5.10,0.29,0.28,8.30,0.03,27.00,107.00,0.99,3.36,0.37,11.00,6,White Wine
2838,5.00,0.26,0.22,2.70,0.04,46.00,153.00,0.99,3.75,0.76,11.30,6,White Wine
2103,8.20,0.23,0.42,1.90,0.07,9.00,17.00,0.99,3.21,0.54,12.30,6,Red Wine
3698,8.30,0.61,0.30,2.10,0.08,11.00,50.00,1.00,3.40,0.61,10.20,6,Red Wine
4770,7.90,0.44,0.26,4.45,0.03,23.00,100.00,0.99,3.17,0.52,12.70,6,White Wine
4015,7.00,0.15,0.28,14.70,0.05,29.00,149.00,1.00,2.96,0.39,9.00,7,White Wine
1294,8.00,0.27,0.24,1.20,0.04,20.00,102.00,0.99,3.28,0.42,10.90,5,White Wine
4792,7.20,0.23,0.38,14.30,0.06,55.00,194.00,1.00,3.09,0.44,9.00,6,White Wine
1718,6.80,0.26,0.24,1.90,0.04,70.00,154.00,0.99,3.18,0.52,10.50,5,White Wine
3664,10.00,0.43,0.33,2.70,0.10,28.00,89.00,1.00,3.22,0.68,10.00,5,Red Wine
1912,6.40,0.16,0.37,1.50,0.04,27.00,109.00,0.99,3.38,0.50,9.80,6,White Wine
5656,6.70,0.22,0.33,1.20,0.04,36.00,86.00,0.99,3.10,0.76,11.40,6,White Wine
2588,5.90,0.44,0.36,2.50,0.03,12.00,73.00,0.99,3.22,0.48,10.80,6,White Wine
2009,6.60,0.21,0.50,8.70,0.04,41.00,191.00,0.99,2.96,0.56,11.00,6,White Wine
3166,5.90,0.20,0.40,1.30,0.05,23.00,92.00,0.99,3.20,0.45,10.00,6,White Wine
2932,6.60,0.26,0.56,15.40,0.05,32.00,141.00,1.00,3.11,0.49,9.30,5,White Wine
5386,5.00,0.27,0.40,1.20,0.08,42.00,124.00,0.99,3.32,0.47,10.10,6,White Wine
684,7.60,0.20,0.26,4.80,0.03,26.00,76.00,0.99,2.98,0.49,12.30,7,White Wine
189,6.60,0.26,0.25,11.60,0.04,45.00,178.00,1.00,3.33,0.43,9.80,6,White Wine
5143,6.40,0.25,0.33,1.70,0.04,35.00,113.00,0.99,3.23,0.66,10.60,6,White Wine
2846,6.60,0.33,0.49,7.70,0.05,53.00,217.00,1.00,3.16,0.40,9.30,5,White Wine
987,9.00,0.79,0.24,1.70,0.08,10.00,21.00,1.00,3.29,0.67,10.00,5,Red Wine
5365,6.30,0.16,0.40,1.60,0.03,59.00,148.00,0.99,3.44,0.53,11.40,5,White Wine
1163,5.60,0.26,0.50,11.40,0.03,25.00,93.00,0.99,3.23,0.49,10.50,6,White Wine
2521,7.20,0.72,0.05,4.65,0.09,4.00,11.00,1.00,3.41,0.39,10.90,5,Red Wine
1461,7.30,0.30,0.39,1.20,0.06,7.00,11.00,0.99,3.29,0.52,11.50,6,Red Wine
4152,7.10,0.14,0.33,4.60,0.05,33.00,131.00,0.99,3.28,0.40,9.60,6,White Wine
5464,5.20,0.34,0.20,1.70,0.03,17.00,74.00,0.99,3.34,0.48,12.30,6,White Wine
4948,7.60,0.20,0.30,14.20,0.06,53.00,212.50,1.00,3.14,0.46,8.90,8,White Wine
3059,6.40,0.29,0.20,15.60,0.04,20.00,142.00,1.00,3.10,0.54,10.60,5,White Wine
4548,7.70,0.38,0.40,2.00,0.04,28.00,152.00,0.99,3.18,0.32,12.90,6,White Wine
2563,6.80,0.32,0.37,3.40,0.02,19.00,87.00,0.99,3.14,0.53,12.70,6,White Wine
210,6.20,0.46,0.29,2.10,0.07,32.00,98.00,1.00,3.33,0.62,9.80,5,Red Wine
2290,6.80,0.23,0.29,15.40,0.07,56.00,173.00,1.00,3.06,0.41,8.70,6,White Wine
2443,6.70,0.22,0.39,1.20,0.05,26.00,152.00,0.99,3.50,0.47,10.00,6,White Wine
2016,6.40,0.22,0.49,7.50,0.05,42.00,151.00,0.99,3.27,0.52,10.10,6,White Wine
2265,7.10,0.38,0.29,13.60,0.04,30.00,137.00,0.99,3.02,0.96,12.10,6,White Wine
979,7.20,0.20,0.22,1.60,0.04,17.00,101.00,0.99,3.37,0.53,10.00,5,White Wine
3774,6.60,0.43,0.38,9.20,0.06,66.00,243.00,1.00,3.23,0.54,9.10,6,White Wine
5175,6.50,0.89,0.00,2.30,0.17,6.00,12.00,1.00,3.56,0.51,10.80,5,Red Wine
1507,6.90,0.19,0.49,6.60,0.04,49.00,172.00,0.99,3.20,0.27,11.50,6,White Wine
5842,5.90,0.22,0.30,1.30,0.05,42.00,86.00,0.99,3.31,0.47,11.55,6,White Wine
4413,6.40,0.25,0.33,1.40,0.04,42.00,115.00,0.99,3.19,0.48,11.30,7,White Wine
3263,5.80,0.18,0.37,1.20,0.04,19.00,74.00,0.99,3.09,0.49,12.70,7,White Wine
289,8.30,0.42,0.38,2.50,0.09,24.00,60.00,1.00,3.31,0.70,10.80,6,Red Wine
6239,7.00,0.34,0.39,6.90,0.07,43.00,162.00,1.00,3.11,0.53,9.50,5,White Wine
2543,6.50,0.14,0.33,7.60,0.05,53.00,189.00,1.00,3.25,0.49,8.60,5,White Wine
883,7.90,0.31,0.32,1.90,0.07,14.00,36.00,0.99,3.41,0.56,12.60,6,Red Wine
1855,7.70,0.43,0.28,4.50,0.05,33.00,102.00,0.99,3.16,0.56,12.20,7,White Wine
3658,9.00,0.20,0.33,3.50,0.05,10.00,40.00,0.99,3.14,0.36,9.80,6,White Wine
5622,8.10,0.78,0.23,2.60,0.06,5.00,15.00,1.00,3.37,0.56,11.30,5,Red Wine
1278,7.00,0.16,0.32,8.30,0.04,38.00,126.00,1.00,3.21,0.34,9.20,5,White Wine
4892,6.70,0.11,0.26,14.80,0.05,44.00,95.00,1.00,3.20,0.35,9.80,6,White Wine
3652,11.10,0.45,0.73,3.20,0.07,6.00,22.00,1.00,3.17,0.66,11.20,6,Red Wine
1942,7.70,0.51,0.28,2.10,0.09,23.00,54.00,1.00,3.42,0.74,9.20,5,Red Wine
4252,6.40,0.17,0.27,9.90,0.05,26.00,101.00,1.00,3.34,0.50,9.90,6,White Wine
6404,6.00,0.26,0.33,4.35,0.04,15.00,80.00,0.99,3.29,0.50,12.70,6,White Wine
6012,7.90,0.33,0.26,1.20,0.04,23.00,103.00,0.99,3.19,0.54,10.50,6,White Wine
4561,6.40,0.28,0.17,8.30,0.04,61.00,195.00,1.00,3.22,0.46,9.40,5,White Wine
3270,8.90,0.32,0.49,1.60,0.05,17.00,131.00,1.00,3.13,0.34,9.40,5,White Wine
2378,7.70,0.28,0.58,12.10,0.05,60.00,177.00,1.00,3.08,0.46,8.90,5,White Wine
4126,7.00,0.33,0.78,9.90,0.04,21.00,251.00,0.99,3.01,0.55,11.00,6,White Wine
4706,7.10,0.27,0.24,12.60,0.04,48.00,118.00,1.00,3.04,0.56,10.00,7,White Wine
1666,6.70,0.48,0.32,1.40,0.02,22.00,121.00,0.99,3.15,0.53,12.70,7,White Wine
4339,5.90,0.21,0.24,12.10,0.04,53.00,165.00,1.00,3.25,0.39,9.50,5,White Wine
3954,6.90,0.41,0.33,10.10,0.04,28.00,152.00,1.00,3.20,0.52,9.40,5,White Wine
4823,7.30,0.25,0.26,7.20,0.05,52.00,207.00,1.00,3.12,0.37,9.20,5,White Wine
800,8.00,0.42,0.17,2.00,0.07,6.00,18.00,1.00,3.29,0.61,9.20,6,Red Wine
4589,6.80,0.25,0.37,3.10,0.03,29.00,93.00,0.99,3.14,0.45,12.20,6,White Wine
4894,7.00,0.47,0.07,1.10,0.04,17.00,151.00,0.99,3.02,0.34,10.50,5,White Wine
1533,7.40,0.64,0.47,14.15,0.17,42.00,185.00,1.00,2.90,0.49,9.30,5,White Wine
5254,8.00,0.25,0.43,1.70,0.07,22.00,50.00,0.99,3.38,0.60,11.90,6,Red Wine
3243,7.00,0.20,0.30,6.10,0.04,31.00,120.00,0.99,3.24,0.51,10.80,5,White Wine
3955,5.90,0.35,0.47,2.20,0.11,14.00,138.00,0.99,3.09,0.50,9.10,5,White Wine
5559,6.50,0.12,0.29,1.95,0.04,73.00,166.00,0.99,3.12,0.25,12.90,7,White Wine
818,6.40,0.25,0.57,1.00,0.06,21.00,122.00,0.99,3.00,0.40,9.50,5,White Wine
3828,6.70,0.20,0.24,6.50,0.04,28.00,100.00,0.99,3.12,0.33,10.20,6,White Wine
4499,7.50,0.70,0.24,1.80,0.36,15.00,63.00,1.00,3.00,1.59,9.50,5,Red Wine
3858,6.00,0.26,0.32,3.50,0.03,29.00,113.00,0.99,3.40,0.71,12.30,7,White Wine
1051,6.30,0.13,0.42,1.10,0.04,63.00,146.00,0.99,3.13,0.72,11.20,7,White Wine
3848,6.80,0.21,0.26,11.70,0.04,61.00,152.00,1.00,3.02,0.56,10.50,7,White Wine
1906,7.30,0.59,0.26,2.00,0.08,17.00,104.00,1.00,3.28,0.52,9.90,5,Red Wine
2179,6.60,0.19,0.33,1.80,0.04,42.00,148.00,0.99,3.15,0.36,10.20,5,White Wine
4324,6.90,0.49,0.24,1.20,0.05,13.00,125.00,0.99,3.17,0.51,9.40,5,White Wine
5352,7.60,0.29,0.42,1.30,0.04,18.00,86.00,0.99,2.99,0.39,11.30,5,White Wine
593,8.30,0.60,0.13,2.60,0.09,6.00,24.00,1.00,3.31,0.59,9.20,6,Red Wine
229,6.60,0.35,0.34,4.90,0.03,9.00,125.00,0.99,3.32,0.81,12.00,5,White Wine
5316,10.90,0.53,0.49,4.60,0.12,10.00,17.00,1.00,3.07,0.56,11.70,6,Red Wine
6168,6.50,0.90,0.00,1.60,0.05,9.00,17.00,0.99,3.50,0.63,10.90,6,Red Wine
1421,6.40,0.29,0.32,2.40,0.01,34.00,89.00,0.99,3.24,0.66,12.50,7,White Wine
2902,9.80,0.16,0.46,1.80,0.05,23.00,130.00,1.00,3.04,0.67,9.60,5,White Wine
277,12.30,0.39,0.63,2.30,0.09,6.00,18.00,1.00,3.16,0.49,9.50,5,Red Wine
2154,6.40,0.28,0.23,6.00,0.05,50.00,162.00,0.99,3.15,0.52,10.20,5,White Wine
4782,6.80,0.29,0.49,1.40,0.14,52.00,148.00,0.99,3.08,0.49,9.00,6,White Wine
4445,9.30,0.50,0.36,1.80,0.08,6.00,17.00,1.00,3.27,0.77,10.80,6,Red Wine
5741,6.00,0.28,0.49,6.80,0.05,61.00,222.00,1.00,3.19,0.47,9.30,5,White Wine
3007,6.80,0.33,0.31,7.40,0.04,34.00,143.00,0.99,3.06,0.55,12.20,6,White Wine
4565,7.10,0.21,0.27,8.60,0.06,26.00,111.00,1.00,2.95,0.52,9.50,5,White Wine
6073,5.90,0.28,0.34,3.60,0.04,50.00,194.00,0.99,3.31,0.52,11.60,6,White Wine
3960,7.70,0.67,0.23,2.10,0.09,17.00,96.00,1.00,3.32,0.48,9.50,5,Red Wine
3426,10.40,0.24,0.46,1.80,0.07,6.00,21.00,1.00,3.25,1.02,10.80,7,Red Wine
3779,6.50,0.19,0.28,1.40,0.05,22.00,90.00,0.99,3.18,0.51,11.70,7,White Wine
1063,6.00,0.17,0.29,5.00,0.03,25.00,108.00,0.99,3.14,0.34,12.30,6,White Wine
3789,5.00,0.42,0.24,2.00,0.06,19.00,50.00,0.99,3.72,0.74,14.00,8,Red Wine
5797,6.50,0.15,0.55,5.90,0.04,75.00,162.00,0.99,2.97,0.40,9.30,5,White Wine
5877,8.30,0.22,0.38,14.80,0.05,32.00,126.00,1.00,3.22,0.50,9.70,5,White Wine
2782,8.00,0.38,0.06,1.80,0.08,12.00,49.00,1.00,3.37,0.52,9.90,6,Red Wine
3429,7.70,0.25,0.49,2.50,0.05,31.00,169.00,0.99,3.07,0.57,10.60,6,White Wine
4105,7.90,0.28,0.41,2.00,0.04,50.00,152.00,0.99,3.45,0.49,10.70,8,White Wine
4519,6.50,0.25,0.35,12.00,0.06,47.00,179.00,1.00,3.58,0.47,10.00,5,White Wine
2640,9.30,0.43,0.44,1.90,0.09,9.00,22.00,1.00,3.28,0.55,9.50,5,Red Wine
5798,7.30,0.22,0.49,9.40,0.03,29.00,134.00,0.99,2.99,0.32,11.00,7,White Wine
3046,7.00,0.17,0.36,6.40,0.06,42.00,123.00,0.99,3.11,0.50,11.00,8,White Wine
4576,6.60,0.56,0.15,10.00,0.04,38.00,157.00,1.00,3.28,0.52,9.40,5,White Wine
2539,6.40,0.23,0.35,4.60,0.04,43.00,147.00,0.99,3.18,0.40,11.00,7,White Wine
1765,6.70,0.41,0.24,5.40,0.04,33.00,115.00,0.99,3.12,0.44,12.89,7,White Wine
773,6.80,0.19,0.32,7.60,0.05,37.00,107.00,0.99,3.12,0.44,10.70,7,White Wine
1299,7.90,0.34,0.51,15.30,0.05,54.00,171.00,1.00,3.09,0.51,9.10,5,White Wine
5629,7.40,0.19,0.42,6.40,0.07,39.00,212.00,1.00,3.30,0.33,9.60,6,White Wine
4448,6.30,0.26,0.37,1.10,0.04,37.00,114.00,0.99,3.00,0.39,10.90,6,White Wine
298,7.20,0.32,0.47,5.10,0.04,19.00,65.00,0.99,3.03,0.41,12.60,4,White Wine
462,6.20,0.20,0.25,15.00,0.06,8.00,120.00,1.00,3.19,0.53,9.60,6,White Wine
1738,6.40,0.26,0.35,7.70,0.06,45.00,191.00,1.00,3.16,0.50,9.50,5,White Wine
558,6.50,0.52,0.17,1.40,0.05,5.00,26.00,0.99,3.26,0.32,10.00,4,White Wine
3931,6.50,0.43,0.31,3.60,0.05,19.00,143.00,0.99,3.15,0.34,12.00,8,White Wine
2701,9.90,0.72,0.55,1.70,0.14,24.00,52.00,1.00,3.35,0.94,10.00,5,Red Wine
1089,7.40,0.70,0.00,1.90,0.08,11.00,34.00,1.00,3.51,0.56,9.40,5,Red Wine
3448,6.80,0.18,0.37,1.50,0.03,37.00,93.00,0.99,3.30,0.45,10.80,6,White Wine
4265,7.10,0.46,0.20,1.90,0.08,28.00,54.00,1.00,3.37,0.64,10.40,6,Red Wine
3042,7.50,0.28,0.41,1.30,0.04,11.00,126.00,0.99,3.28,0.45,10.30,5,White Wine
4174,6.80,0.15,0.41,12.90,0.04,79.50,183.00,1.00,3.24,0.78,10.20,6,White Wine
994,9.90,0.53,0.57,2.40,0.09,30.00,52.00,1.00,3.19,0.76,11.60,7,Red Wine
4915,6.40,0.17,0.34,1.50,0.09,42.00,135.00,0.99,3.25,0.49,9.60,7,White Wine
2423,11.90,0.69,0.53,3.40,0.13,7.00,21.00,1.00,3.17,0.84,12.20,7,Red Wine
5667,6.50,0.61,0.00,2.20,0.10,48.00,59.00,1.00,3.61,0.70,11.50,6,Red Wine
3885,6.60,0.23,0.30,14.90,0.05,33.00,118.00,1.00,3.04,0.54,9.00,6,White Wine
1029,6.30,0.13,0.42,1.10,0.04,63.00,146.00,0.99,3.13,0.72,11.20,7,White Wine
5189,7.60,0.16,0.44,1.40,0.04,25.00,109.00,0.99,3.11,0.75,10.30,6,White Wine
4411,7.10,0.84,0.02,4.40,0.10,5.00,13.00,1.00,3.41,0.57,11.00,4,Red Wine
6291,7.80,0.53,0.04,1.70,0.08,17.00,31.00,1.00,3.33,0.56,10.00,6,Red Wine
6024,12.80,0.30,0.74,2.60,0.10,9.00,28.00,1.00,3.20,0.77,10.80,7,Red Wine
6367,7.10,0.47,0.29,14.80,0.02,22.00,142.00,1.00,3.12,0.48,12.00,8,White Wine
98,7.20,0.37,0.32,2.00,0.06,15.00,28.00,0.99,3.23,0.73,11.30,7,Red Wine
938,5.20,0.24,0.45,3.80,0.03,21.00,128.00,0.99,3.55,0.49,11.20,8,White Wine
4687,8.90,0.12,0.45,1.80,0.07,10.00,21.00,1.00,3.41,0.76,11.90,7,Red Wine
3706,7.40,0.10,0.34,12.20,0.05,57.00,146.00,1.00,3.16,0.37,9.00,6,White Wine
2217,6.80,0.11,0.27,8.60,0.04,45.00,104.00,0.99,3.20,0.37,9.90,6,White Wine
2652,9.60,0.66,0.21,2.00,0.04,21.00,120.00,0.99,3.00,1.00,12.60,6,White Wine
3379,6.00,0.29,0.21,1.30,0.06,42.00,168.00,0.99,3.32,0.43,11.10,6,White Wine
5242,7.30,0.18,0.29,1.20,0.04,12.00,143.00,0.99,3.20,0.48,11.30,7,White Wine
1118,6.80,0.21,0.27,18.15,0.04,41.00,146.00,1.00,3.30,0.36,8.70,5,White Wine
4774,11.90,0.39,0.69,2.80,0.10,17.00,35.00,1.00,3.10,0.61,10.80,6,Red Wine
5306,7.00,0.30,0.51,13.60,0.05,40.00,168.00,1.00,3.07,0.52,9.60,7,White Wine
1852,6.70,0.23,0.33,8.10,0.05,45.00,176.00,0.99,3.11,0.52,10.10,6,White Wine
4197,7.10,0.12,0.32,9.60,0.05,64.00,162.00,1.00,3.40,0.41,9.40,5,White Wine
3172,8.30,0.84,0.01,2.20,0.07,5.00,14.00,1.00,3.32,0.58,11.00,4,Red Wine
6071,7.80,0.62,0.05,2.30,0.08,6.00,18.00,1.00,3.29,0.63,9.30,5,Red Wine
2768,6.80,0.28,0.36,8.00,0.04,28.00,123.00,0.99,3.02,0.37,11.40,6,White Wine
451,7.10,0.24,0.34,1.20,0.04,6.00,132.00,0.99,3.16,0.46,11.20,4,White Wine
1830,7.40,0.40,0.41,14.10,0.05,37.00,194.00,1.00,3.20,0.63,9.40,6,White Wine
839,8.00,0.25,0.26,14.00,0.04,41.00,248.00,1.00,3.03,0.57,8.70,6,White Wine
6277,7.20,0.24,0.29,2.20,0.04,37.00,102.00,0.99,3.27,0.64,11.00,7,White Wine
3447,8.00,0.59,0.71,17.35,0.04,61.00,228.00,1.00,2.95,0.75,9.30,5,White Wine
1997,11.90,0.38,0.49,2.70,0.10,12.00,42.00,1.00,3.16,0.61,10.30,5,Red Wine
273,9.00,0.66,0.17,3.00,0.08,5.00,13.00,1.00,3.29,0.55,10.40,5,Red Wine
2754,8.00,0.31,0.45,2.10,0.22,5.00,16.00,0.99,3.15,0.81,12.50,7,Red Wine
2579,5.90,0.24,0.30,2.00,0.03,28.00,92.00,0.99,3.39,0.69,10.90,7,White Wine
1914,7.30,0.27,0.37,9.70,0.04,36.00,130.00,1.00,3.48,0.75,9.90,6,White Wine
3212,6.20,0.26,0.19,3.40,0.05,47.00,172.00,0.99,3.14,0.43,10.40,6,White Wine
3597,8.80,0.35,0.49,1.00,0.04,14.00,56.00,0.99,2.96,0.33,10.50,4,White Wine
4053,6.70,0.19,0.23,6.20,0.05,36.00,117.00,0.99,3.34,0.43,9.60,6,White Wine
4643,6.40,0.31,0.38,2.90,0.04,19.00,102.00,0.99,3.17,0.35,11.00,7,White Wine
1359,7.40,0.29,0.50,1.80,0.04,35.00,127.00,0.99,3.45,0.50,10.20,7,White Wine
2664,5.90,0.22,0.38,1.30,0.05,24.00,90.00,0.99,3.20,0.47,10.00,6,White Wine
3408,6.70,0.41,0.43,2.80,0.08,22.00,54.00,1.00,3.42,1.16,10.60,6,Red Wine
2301,6.70,0.24,0.41,9.40,0.04,49.00,166.00,1.00,3.12,0.61,9.90,6,White Wine
1343,6.80,0.22,0.35,5.50,0.04,21.00,114.00,0.99,3.30,0.53,10.70,7,White Wine
5407,7.60,0.30,0.22,10.20,0.05,57.00,191.00,1.00,3.08,0.40,9.30,6,White Wine
2545,7.60,0.20,0.34,1.80,0.04,42.00,148.00,0.99,3.35,0.66,11.10,6,White Wine
779,6.00,0.27,0.30,14.70,0.04,15.00,144.00,1.00,3.12,0.53,10.30,6,White Wine
4937,8.30,0.66,0.12,2.30,0.08,15.00,113.00,1.00,3.17,0.66,9.80,5,Red Wine
5193,8.20,0.61,0.45,5.40,0.03,15.00,118.00,1.00,3.14,0.34,9.60,5,White Wine
728,7.60,0.10,0.33,1.00,0.03,33.00,93.00,0.99,3.06,0.68,11.20,6,White Wine
4070,6.80,0.27,0.32,1.50,0.04,19.00,142.00,0.99,3.10,0.43,9.90,6,White Wine
2140,6.60,0.45,0.43,7.20,0.06,31.00,186.00,1.00,3.12,0.44,9.40,5,White Wine
464,5.60,0.16,0.27,1.40,0.04,53.00,168.00,0.99,3.28,0.37,10.10,6,White Wine
2923,7.20,0.34,0.28,10.40,0.11,43.00,187.00,1.00,2.96,0.57,9.40,5,White Wine
3850,7.10,0.34,0.28,2.00,0.08,31.00,68.00,1.00,3.45,0.48,9.40,5,Red Wine
893,7.60,0.63,0.03,2.00,0.08,27.00,43.00,1.00,3.44,0.64,10.90,6,Red Wine
5855,6.60,0.34,0.34,2.60,0.05,40.50,210.00,0.99,3.15,0.61,10.00,5,White Wine
1607,7.20,0.66,0.03,2.30,0.08,16.00,86.00,1.00,3.53,0.57,9.70,5,Red Wine
5706,7.30,0.20,0.31,1.70,0.06,34.00,110.00,1.00,3.72,0.69,10.50,6,White Wine
1386,7.70,0.46,0.18,3.30,0.05,18.00,143.00,0.99,3.12,0.51,10.80,6,White Wine
4304,9.20,0.28,0.46,3.20,0.06,39.00,133.00,1.00,3.14,0.58,9.50,5,White Wine
3761,8.30,0.27,0.39,2.40,0.06,16.00,107.00,1.00,3.28,0.59,10.30,5,White Wine
5862,8.90,0.75,0.14,2.50,0.09,9.00,30.00,1.00,3.34,0.64,10.50,5,Red Wine
3697,7.00,0.17,0.74,12.80,0.04,24.00,126.00,0.99,3.26,0.38,12.20,8,White Wine
3009,6.00,0.33,0.27,0.80,0.18,12.00,188.00,0.99,3.12,0.62,9.40,5,White Wine
6322,5.60,0.29,0.26,1.10,0.04,40.00,102.00,0.99,3.47,0.56,10.60,6,White Wine
2475,8.20,0.42,0.29,4.10,0.03,31.00,100.00,0.99,3.00,0.32,12.80,7,White Wine
140,6.10,0.30,0.56,2.70,0.05,46.00,184.00,0.99,3.31,0.57,10.90,6,White Wine
2550,6.40,0.64,0.21,1.80,0.08,14.00,31.00,1.00,3.59,0.66,9.80,5,Red Wine
148,6.40,0.17,0.32,2.40,0.05,41.00,200.00,0.99,3.50,0.50,9.70,6,White Wine
621,7.00,0.22,0.32,1.60,0.04,40.00,120.00,0.99,2.98,0.44,10.50,6,White Wine
2081,6.80,0.26,0.40,7.50,0.05,45.00,179.00,1.00,3.20,0.49,9.30,5,White Wine
4927,8.30,0.31,0.39,2.40,0.08,17.00,43.00,0.99,3.31,0.77,12.50,7,Red Wine
3039,6.80,0.15,0.41,12.90,0.04,79.50,183.00,1.00,3.24,0.78,10.20,6,White Wine
1643,8.70,0.31,0.46,1.40,0.06,11.00,25.00,1.00,3.36,0.76,10.10,6,Red Wine
4678,6.80,0.32,0.37,3.40,0.02,19.00,87.00,0.99,3.14,0.53,12.70,6,White Wine
5396,7.20,0.41,0.36,2.00,0.08,13.00,45.00,1.00,3.48,0.64,9.20,5,Red Wine
2707,6.60,0.15,0.32,6.00,0.03,59.00,128.00,0.99,3.19,0.71,12.10,8,White Wine
226,6.50,0.23,0.39,1.90,0.04,41.00,98.00,0.99,3.19,0.43,11.90,7,White Wine
2278,7.10,0.75,0.01,2.20,0.06,11.00,18.00,0.99,3.39,0.40,12.80,6,Red Wine
1139,6.80,0.63,0.07,2.10,0.09,11.00,44.00,1.00,3.47,0.55,10.40,6,Red Wine
655,7.00,0.62,0.08,1.80,0.08,8.00,24.00,1.00,3.48,0.53,9.00,5,Red Wine
882,10.70,0.22,0.56,8.20,0.04,37.00,181.00,1.00,2.87,0.68,9.50,6,White Wine
1364,7.00,0.34,0.30,1.80,0.04,44.00,142.00,0.99,2.99,0.45,10.80,6,White Wine
5160,6.20,0.16,0.32,1.10,0.04,74.00,184.00,0.99,3.22,0.41,11.00,6,White Wine
32,5.20,0.65,0.00,2.15,0.08,15.00,28.00,0.99,3.78,0.61,12.50,6,Red Wine
2774,7.80,0.17,0.50,1.30,0.04,35.00,140.00,0.99,3.16,0.40,12.00,6,White Wine
2804,6.20,0.56,0.09,1.70,0.05,24.00,32.00,0.99,3.54,0.60,11.30,5,Red Wine
2892,10.80,0.29,0.42,1.60,0.08,19.00,27.00,1.00,3.28,0.73,11.90,6,Red Wine
4398,7.80,0.22,0.38,10.30,0.06,28.00,99.00,1.00,3.12,0.47,10.00,6,White Wine
3021,7.00,0.28,0.36,1.00,0.04,8.00,70.00,0.99,3.09,0.46,12.10,6,White Wine
5578,9.60,0.60,0.50,2.30,0.08,28.00,71.00,1.00,3.50,0.57,9.70,5,Red Wine
6202,6.00,0.23,0.15,9.70,0.05,101.00,207.00,1.00,3.05,0.30,9.10,5,White Wine
5820,5.60,0.27,0.37,0.90,0.03,11.00,49.00,0.99,3.29,0.33,13.10,6,White Wine
4121,7.60,0.23,0.34,1.60,0.04,24.00,129.00,0.99,3.12,0.70,10.40,5,White Wine
6268,6.40,0.29,0.18,15.00,0.04,21.00,116.00,1.00,3.14,0.50,9.20,5,White Wine
6196,9.10,0.60,0.00,1.90,0.06,5.00,10.00,1.00,3.18,0.63,10.40,6,Red Wine
3071,6.30,0.40,0.24,5.10,0.04,43.00,131.00,0.99,3.24,0.44,11.30,6,White Wine
4004,6.80,0.51,0.01,2.10,0.07,9.00,25.00,1.00,3.33,0.56,9.50,6,Red Wine
4929,7.00,0.23,0.42,18.05,0.05,35.00,144.00,1.00,3.22,0.42,8.80,5,White Wine
247,6.20,0.35,0.29,3.90,0.04,22.00,79.00,0.99,3.10,0.59,12.07,6,White Wine
3916,5.80,0.26,0.18,1.20,0.03,40.00,114.00,0.99,3.42,0.40,11.00,7,White Wine
2263,7.20,0.54,0.27,2.60,0.08,12.00,78.00,1.00,3.39,0.71,11.00,5,Red Wine
5094,9.70,0.24,0.45,1.20,0.03,11.00,59.00,0.99,2.74,0.47,10.80,6,White Wine
1590,6.20,0.26,0.27,1.30,0.04,30.00,86.00,0.99,3.05,0.59,12.90,7,White Wine
3355,7.10,0.12,0.30,3.10,0.02,15.00,37.00,0.99,3.02,0.52,11.90,7,White Wine
3754,6.10,0.41,0.20,12.60,0.03,54.00,136.00,1.00,2.91,0.43,10.60,6,White Wine
6104,6.20,0.32,0.16,7.00,0.04,30.00,136.00,0.99,3.18,0.47,9.60,6,White Wine
3083,6.00,0.20,0.71,1.60,0.15,10.00,54.00,0.99,3.12,0.47,9.80,5,White Wine
4799,7.60,0.23,0.64,12.90,0.03,54.00,170.00,1.00,3.00,0.53,8.80,5,White Wine
3683,8.50,0.46,0.59,1.40,0.41,16.00,45.00,1.00,3.03,1.34,9.20,5,Red Wine
2587,7.10,0.37,0.32,1.40,0.04,27.00,126.00,0.99,3.19,0.62,12.00,5,White Wine
3043,6.00,0.28,0.27,15.50,0.04,31.00,134.00,0.99,3.19,0.44,13.00,7,White Wine
5813,6.60,0.27,0.41,1.30,0.05,16.00,142.00,1.00,3.42,0.47,10.00,6,White Wine
3975,9.90,0.50,0.24,2.30,0.10,6.00,14.00,1.00,3.34,0.52,10.00,4,Red Wine
4813,6.40,0.44,0.26,2.00,0.05,20.00,180.00,1.00,3.58,0.57,10.00,5,White Wine
1892,7.00,0.32,0.31,6.40,0.03,38.00,115.00,0.99,3.38,0.58,12.20,7,White Wine
4727,7.60,0.41,0.24,1.80,0.08,4.00,11.00,1.00,3.28,0.59,9.50,5,Red Wine
1237,8.30,0.18,0.30,1.10,0.03,20.00,57.00,0.99,3.02,0.51,11.00,6,White Wine
3234,7.70,0.43,0.37,10.00,0.17,22.00,210.00,1.00,3.02,0.64,9.50,5,White Wine
633,8.40,0.19,0.42,1.60,0.05,9.00,101.00,0.99,3.06,0.65,11.10,4,White Wine
2470,7.40,0.16,0.31,6.85,0.06,31.00,131.00,1.00,3.29,0.34,9.70,5,White Wine
4942,7.00,0.65,0.02,2.10,0.07,8.00,25.00,1.00,3.47,0.67,9.50,6,Red Wine
5194,5.50,0.34,0.26,2.20,0.02,31.00,119.00,0.99,3.55,0.49,13.00,8,White Wine
4240,7.40,0.30,0.30,5.20,0.05,45.00,163.00,0.99,3.12,0.45,10.30,6,White Wine
2940,7.40,0.24,0.31,8.40,0.04,52.00,183.00,1.00,3.09,0.32,8.80,5,White Wine
4827,8.40,0.31,0.31,0.95,0.02,52.00,148.00,0.99,2.93,0.32,11.50,5,White Wine
2529,7.10,0.22,0.74,2.70,0.04,42.00,144.00,0.99,3.31,0.41,12.20,6,White Wine
3744,7.50,0.21,0.34,1.20,0.06,26.00,111.00,0.99,3.51,0.47,10.70,6,White Wine
1351,8.00,0.27,0.33,1.20,0.05,41.00,103.00,0.99,3.00,0.45,12.40,6,White Wine
1478,6.60,0.15,0.34,1.00,0.04,45.00,79.00,0.99,2.96,0.50,11.70,6,White Wine
238,5.50,0.16,0.31,1.20,0.03,31.00,68.00,0.99,3.33,0.44,11.63,6,White Wine
3803,6.80,0.41,0.31,8.80,0.08,26.00,45.00,1.00,3.38,0.64,10.10,6,Red Wine
552,7.90,0.35,0.28,12.90,0.03,13.00,63.00,0.99,2.99,0.43,13.00,6,White Wine
5013,6.50,0.16,0.33,4.80,0.04,45.00,114.00,0.99,3.18,0.44,11.20,6,White Wine
898,6.30,0.19,0.28,1.80,0.02,28.00,158.00,0.99,3.20,0.64,11.40,6,White Wine
2531,6.20,0.30,0.30,2.50,0.04,29.00,82.00,0.99,3.31,0.61,11.80,7,White Wine
4209,7.90,0.28,0.49,7.70,0.04,48.00,195.00,1.00,3.04,0.55,11.00,6,White Wine
958,7.10,0.46,0.14,2.80,0.08,15.00,37.00,1.00,3.36,0.49,10.70,5,Red Wine
4624,6.70,0.26,0.39,1.10,0.04,45.00,147.00,0.99,3.32,0.58,9.60,8,White Wine
3771,10.00,0.69,0.11,1.40,0.08,8.00,24.00,1.00,2.88,0.47,9.70,5,Red Wine
5634,7.40,0.20,0.35,6.10,0.03,10.00,40.00,0.99,2.79,0.52,10.90,5,White Wine
347,12.80,0.84,0.63,2.40,0.09,13.00,35.00,1.00,3.10,0.60,10.40,6,Red Wine
2308,7.70,0.71,0.01,2.10,0.06,31.00,43.00,0.99,3.41,0.57,11.80,6,Red Wine
1662,9.20,0.63,0.21,2.70,0.10,29.00,65.00,1.00,3.28,0.58,9.60,5,Red Wine
2369,6.70,0.28,0.28,4.50,0.05,14.00,92.00,0.99,3.36,0.58,11.90,6,White Wine
572,9.30,0.61,0.26,3.40,0.09,25.00,87.00,1.00,3.24,0.62,9.70,5,Red Wine
5530,7.60,0.32,0.58,16.75,0.05,43.00,163.00,1.00,3.15,0.54,9.20,5,White Wine
3709,6.30,0.24,0.55,8.10,0.04,67.00,216.00,1.00,3.24,0.50,9.20,5,White Wine
4214,6.80,0.39,0.34,7.40,0.02,38.00,133.00,0.99,3.18,0.44,12.00,7,White Wine
6271,11.30,0.36,0.66,2.40,0.12,3.00,8.00,1.00,3.20,0.53,11.90,6,Red Wine
1656,7.00,0.39,0.24,1.00,0.05,8.00,119.00,0.99,3.00,0.31,10.10,4,White Wine
1811,4.80,0.33,0.00,6.50,0.03,34.00,163.00,0.99,3.35,0.61,9.90,5,White Wine
4382,6.10,0.34,0.29,2.20,0.04,25.00,100.00,0.99,3.06,0.44,11.80,6,White Wine
5095,4.90,0.47,0.17,1.90,0.04,60.00,148.00,0.99,3.27,0.35,11.50,6,White Wine
1516,6.80,0.25,0.38,8.10,0.05,24.00,155.00,1.00,3.33,0.59,10.20,6,White Wine
2070,7.20,0.36,0.46,2.10,0.07,24.00,44.00,1.00,3.40,0.85,11.00,7,Red Wine
6366,8.00,0.24,0.48,6.80,0.05,13.00,134.00,1.00,3.23,0.70,10.00,5,White Wine
2379,7.50,0.26,0.38,5.70,0.02,23.00,125.00,0.99,3.13,0.62,11.10,6,White Wine
1593,8.80,0.17,0.38,1.80,0.04,39.00,148.00,0.99,3.16,0.67,10.20,6,White Wine
1573,7.20,0.33,0.33,1.70,0.06,3.00,13.00,1.00,3.23,1.10,10.00,8,Red Wine
3367,6.10,0.22,0.49,1.50,0.05,18.00,87.00,0.99,3.30,0.46,9.60,5,White Wine
3345,9.00,0.20,0.33,3.50,0.05,10.00,40.00,0.99,3.14,0.36,9.80,6,White Wine
4447,6.80,0.41,0.31,8.80,0.08,26.00,45.00,1.00,3.38,0.64,10.10,6,Red Wine
6045,6.70,0.56,0.09,2.90,0.08,7.00,22.00,1.00,3.46,0.61,10.20,5,Red Wine
3635,7.80,0.52,0.25,1.90,0.08,14.00,38.00,1.00,3.43,0.65,9.00,6,Red Wine
2943,7.20,0.66,0.03,1.80,0.08,7.00,12.00,1.00,3.34,0.39,9.50,5,Red Wine
6148,6.80,0.25,0.28,5.00,0.04,42.00,126.00,0.99,3.12,0.38,12.60,7,White Wine
1585,7.50,0.26,0.52,13.20,0.05,64.00,179.00,1.00,3.10,0.46,9.00,5,White Wine
4734,6.40,0.64,0.21,1.80,0.08,14.00,31.00,1.00,3.59,0.66,9.80,5,Red Wine
487,6.90,0.24,0.39,1.30,0.06,18.00,136.00,0.99,3.31,0.48,10.40,7,White Wine
4138,6.90,0.38,0.29,13.65,0.05,52.00,189.00,1.00,3.00,0.60,9.50,6,White Wine
1941,8.20,0.20,0.43,2.50,0.08,31.00,51.00,1.00,3.53,0.81,10.40,6,Red Wine
5356,6.20,0.20,0.26,1.10,0.05,42.00,119.00,0.99,3.48,0.60,11.00,7,White Wine
1275,5.70,0.37,0.30,1.10,0.03,24.00,88.00,0.99,3.18,0.39,11.70,6,White Wine
3471,8.40,0.56,0.08,2.10,0.10,16.00,44.00,1.00,3.13,0.52,11.00,5,Red Wine
2513,6.70,0.24,0.41,8.70,0.04,29.00,148.00,1.00,3.22,0.62,9.90,6,White Wine
1766,8.20,0.60,0.17,2.30,0.07,11.00,73.00,1.00,3.20,0.45,9.30,5,Red Wine
3978,10.60,0.36,0.57,2.30,0.09,6.00,20.00,1.00,3.14,0.72,11.10,7,Red Wine
4901,9.80,0.36,0.46,10.50,0.04,4.00,83.00,1.00,2.89,0.30,10.10,4,White Wine
5728,10.00,0.26,0.54,1.90,0.08,42.00,74.00,0.99,2.98,0.63,11.80,8,Red Wine
1067,6.90,0.21,0.24,1.80,0.02,17.00,80.00,0.99,3.15,0.46,12.30,7,White Wine
294,6.70,0.48,0.08,2.10,0.06,18.00,34.00,1.00,3.33,0.64,9.70,5,Red Wine
5633,7.20,0.15,0.33,1.10,0.03,16.00,63.00,0.99,3.37,0.40,9.90,5,White Wine
5406,7.20,0.38,0.30,1.80,0.07,31.00,70.00,1.00,3.42,0.59,9.50,6,Red Wine
3378,7.30,0.25,0.36,13.10,0.05,35.00,200.00,1.00,3.04,0.46,8.90,7,White Wine
1467,7.50,0.26,0.26,18.35,0.08,33.00,139.00,1.00,3.17,0.39,8.80,5,White Wine
3223,7.10,0.23,0.24,5.40,0.04,60.00,196.00,0.99,3.19,0.78,10.00,4,White Wine
1109,6.00,0.28,0.24,17.80,0.05,42.00,111.00,1.00,3.10,0.45,8.90,6,White Wine
3535,8.70,0.78,0.51,1.70,0.41,12.00,66.00,1.00,3.00,1.17,9.20,5,Red Wine
39,6.80,0.24,0.37,7.45,0.04,59.00,188.00,1.00,3.20,0.50,9.40,6,White Wine
1240,6.10,0.21,0.38,1.50,0.04,37.00,122.00,0.99,3.20,0.43,12.00,6,White Wine
1529,6.80,0.64,0.00,2.70,0.12,15.00,33.00,1.00,3.44,0.63,11.30,6,Red Wine
1869,7.80,0.28,0.49,1.30,0.05,27.00,142.00,0.99,3.09,0.59,10.20,5,White Wine
1376,6.00,0.36,0.16,6.30,0.04,36.00,191.00,0.99,3.17,0.62,9.80,5,White Wine
5931,6.90,0.27,0.25,7.50,0.03,18.00,117.00,0.99,3.09,0.38,13.00,6,White Wine
2898,5.50,0.17,0.23,2.90,0.04,10.00,108.00,0.99,3.28,0.50,10.00,5,White Wine
4111,5.80,0.61,0.01,8.40,0.04,31.00,104.00,0.99,3.26,0.72,14.05,7,White Wine
1259,6.20,0.21,0.38,6.80,0.04,64.00,245.00,1.00,3.06,0.36,9.30,6,White Wine
2017,5.90,0.25,0.19,12.40,0.05,50.00,162.00,1.00,3.35,0.38,9.50,5,White Wine
982,7.10,0.35,0.29,2.50,0.10,20.00,53.00,1.00,3.42,0.65,11.00,6,Red Wine
5571,11.90,0.38,0.51,2.00,0.12,7.00,20.00,1.00,3.24,0.76,10.40,6,Red Wine
1678,6.40,0.33,0.31,5.50,0.05,42.00,173.00,1.00,3.19,0.66,9.30,6,White Wine
4991,7.60,0.31,0.24,1.80,0.04,39.00,150.00,0.99,3.05,0.44,11.80,7,White Wine
6346,6.00,0.28,0.29,19.30,0.05,36.00,174.00,1.00,3.14,0.50,9.00,5,White Wine
5589,6.40,0.32,0.27,4.90,0.03,18.00,122.00,0.99,3.36,0.71,12.50,6,White Wine
5965,5.80,0.28,0.35,2.30,0.05,36.00,114.00,0.99,3.28,0.50,10.20,4,White Wine
4936,7.80,0.34,0.37,2.00,0.08,24.00,58.00,1.00,3.34,0.59,9.40,6,Red Wine
378,6.70,0.31,0.09,1.40,0.04,53.00,141.00,0.99,3.12,0.44,10.10,5,White Wine
2875,6.60,0.16,0.36,1.10,0.03,27.00,93.00,0.99,3.23,0.34,13.20,8,White Wine
4578,7.00,0.23,0.42,1.10,0.06,35.00,100.00,0.99,3.04,0.40,9.20,5,White Wine
5354,6.20,0.24,0.27,16.80,0.04,48.00,129.00,1.00,3.23,0.38,10.50,6,White Wine
3294,7.80,0.59,0.18,2.30,0.08,17.00,54.00,1.00,3.43,0.59,10.00,5,Red Wine
14,8.30,0.26,0.37,1.40,0.08,8.00,23.00,1.00,3.26,0.70,9.60,6,Red Wine
3673,6.50,0.33,0.30,3.80,0.04,34.00,88.00,0.99,3.25,0.63,12.50,7,White Wine
4995,6.50,0.18,0.26,1.40,0.04,40.00,141.00,0.99,3.34,0.72,9.50,6,White Wine
983,6.30,0.32,0.35,11.10,0.04,29.00,198.00,1.00,3.36,0.50,9.40,7,White Wine
4258,7.40,0.49,0.27,2.10,0.07,14.00,25.00,0.99,3.35,0.63,12.00,6,Red Wine
4534,5.80,0.14,0.15,6.10,0.04,27.00,123.00,0.99,3.06,0.60,9.90,6,White Wine
5925,7.20,0.23,0.46,6.40,0.04,17.00,85.00,0.99,3.10,0.78,11.70,6,White Wine
1043,6.40,0.36,0.53,2.20,0.23,19.00,35.00,0.99,3.37,0.93,12.40,6,Red Wine
5771,6.50,0.28,0.26,8.80,0.04,44.00,139.00,1.00,3.32,0.37,10.20,6,White Wine
3412,8.00,0.23,0.35,9.20,0.04,53.00,186.00,1.00,3.09,0.56,9.50,7,White Wine
865,6.60,0.26,0.22,18.15,0.05,23.00,139.00,1.00,3.06,0.50,9.20,5,White Wine
3485,6.20,0.22,0.20,20.80,0.04,58.00,184.00,1.00,3.11,0.53,9.00,6,White Wine
3814,7.50,0.28,0.39,10.20,0.04,59.00,209.00,1.00,3.16,0.63,9.60,6,White Wine
439,5.40,0.22,0.35,6.50,0.03,26.00,87.00,0.99,3.29,0.44,12.50,7,White Wine
1509,7.60,0.27,0.29,2.50,0.06,37.00,115.00,0.99,3.09,0.37,9.80,5,White Wine
2164,6.10,0.32,0.33,10.70,0.04,27.00,98.00,1.00,3.34,0.52,10.20,6,White Wine
2177,5.40,0.50,0.13,5.00,0.03,12.00,107.00,0.99,3.48,0.88,13.50,7,White Wine
4424,6.80,0.18,0.30,12.80,0.06,19.00,171.00,1.00,3.00,0.52,9.00,7,White Wine
1559,6.80,0.19,0.71,17.50,0.04,21.00,114.00,1.00,2.85,0.50,9.50,6,White Wine
90,7.40,0.34,0.42,1.10,0.03,17.00,171.00,0.99,3.12,0.53,11.30,6,White Wine
125,6.90,0.32,0.26,2.30,0.03,11.00,103.00,0.99,3.06,0.42,11.10,6,White Wine
274,7.80,0.29,0.36,7.00,0.04,38.00,161.00,0.99,3.26,0.37,11.20,8,White Wine
2849,7.60,0.28,0.39,1.20,0.04,21.00,115.00,0.99,3.16,0.67,10.00,6,White Wine
5636,6.20,0.37,0.22,8.30,0.03,36.00,216.00,1.00,3.33,0.60,9.60,6,White Wine
1414,5.20,0.34,0.00,1.80,0.05,27.00,63.00,0.99,3.68,0.79,14.00,6,Red Wine
2730,8.80,0.33,0.36,2.10,0.03,19.00,125.00,0.99,2.96,0.98,12.70,6,White Wine
2137,6.70,0.21,0.36,8.55,0.02,20.00,86.00,0.99,3.19,0.22,13.40,7,White Wine
1170,6.80,0.19,0.71,17.50,0.04,21.00,114.00,1.00,2.85,0.50,9.50,6,White Wine
5057,7.60,0.43,0.31,2.10,0.07,13.00,74.00,1.00,3.26,0.54,9.90,6,Red Wine
4943,6.80,0.26,0.32,7.00,0.04,38.00,118.00,0.99,3.25,0.52,10.80,6,White Wine
396,6.60,0.41,0.27,10.70,0.11,20.00,103.00,1.00,3.08,0.41,9.00,6,White Wine
144,6.00,0.32,0.32,4.80,0.04,40.00,186.00,0.99,3.22,0.54,11.00,6,White Wine
1220,6.30,0.27,0.18,7.70,0.05,45.00,186.00,1.00,3.23,0.47,9.00,5,White Wine
4430,7.40,0.74,0.07,1.70,0.09,15.00,48.00,1.00,3.12,0.48,10.00,5,Red Wine
2975,6.80,0.29,0.32,1.80,0.03,18.00,130.00,0.99,3.05,0.62,11.20,6,White Wine
5772,6.40,0.15,0.44,1.20,0.04,67.00,150.00,0.99,3.14,0.73,11.20,7,White Wine
6284,6.90,0.22,0.32,9.30,0.04,22.00,110.00,1.00,3.34,0.54,10.70,7,White Wine
692,8.80,0.24,0.35,1.70,0.06,13.00,27.00,0.99,3.14,0.59,11.30,7,Red Wine
5606,6.70,0.31,0.34,6.80,0.06,51.00,215.00,1.00,3.33,0.56,10.30,5,White Wine
3648,6.60,0.19,0.28,11.80,0.04,54.00,137.00,0.99,3.18,0.37,10.80,6,White Wine
1683,10.70,0.52,0.38,2.60,0.07,29.00,56.00,1.00,3.15,0.79,12.10,7,Red Wine
5946,7.40,0.34,0.28,12.10,0.05,31.00,149.00,1.00,3.22,0.49,10.30,5,White Wine
2364,6.10,0.20,0.40,1.90,0.03,32.00,138.00,0.99,3.26,0.72,11.70,5,White Wine
6450,5.90,0.41,0.13,1.40,0.04,11.00,64.00,0.99,3.29,0.52,10.50,5,White Wine
398,6.50,0.35,0.38,7.40,0.04,20.00,196.00,1.00,3.47,0.48,9.10,6,White Wine
4055,6.40,0.22,0.38,9.10,0.04,35.00,127.00,0.99,2.97,0.30,11.00,7,White Wine
5018,7.30,0.24,0.41,13.60,0.05,41.00,178.00,1.00,3.37,0.43,9.70,5,White Wine
2182,8.00,0.19,0.30,2.00,0.05,48.00,140.00,0.99,3.18,0.49,9.60,6,White Wine
597,7.30,0.35,0.67,8.30,0.05,10.00,100.00,1.00,3.19,0.50,10.90,5,White Wine
2406,6.30,0.48,0.04,1.10,0.05,30.00,99.00,0.99,3.24,0.36,9.60,6,White Wine
5822,8.00,0.22,0.42,14.60,0.04,45.00,163.00,1.00,3.21,0.69,8.60,7,White Wine
4041,7.60,0.71,0.00,2.10,0.07,30.00,35.00,1.00,3.48,0.65,11.40,6,Red Wine
2134,7.10,0.20,0.31,7.40,0.05,32.00,211.00,1.00,3.31,0.59,10.40,6,White Wine
4482,6.90,0.54,0.32,13.20,0.05,53.00,236.00,1.00,3.20,0.50,9.60,5,White Wine
3699,6.40,0.30,0.51,5.50,0.05,62.00,172.00,0.99,3.08,0.45,9.10,6,White Wine
2417,7.30,0.29,0.29,4.60,0.03,27.00,155.00,0.99,3.07,0.26,10.60,6,White Wine
2554,6.70,0.25,0.31,1.35,0.06,30.50,218.00,0.99,3.16,0.53,9.50,5,White Wine
6075,5.90,0.32,0.28,4.70,0.04,34.00,94.00,0.99,3.22,0.57,13.10,7,White Wine
5843,10.60,0.36,0.60,2.20,0.15,7.00,18.00,1.00,3.04,1.06,9.40,5,Red Wine
1282,7.40,0.18,0.27,1.30,0.05,26.00,105.00,0.99,3.52,0.66,10.60,6,White Wine
2819,6.00,0.34,0.24,5.40,0.06,23.00,126.00,1.00,3.25,0.44,9.00,7,White Wine
3353,7.30,0.22,0.30,8.20,0.05,42.00,207.00,1.00,3.33,0.46,9.50,6,White Wine
3180,6.40,0.29,0.44,3.60,0.20,75.00,183.00,0.99,3.01,0.38,9.10,5,White Wine
2519,7.20,0.32,0.33,1.40,0.03,29.00,109.00,0.99,3.15,0.51,12.80,7,White Wine
42,7.40,0.60,0.26,2.10,0.08,17.00,91.00,1.00,3.29,0.56,9.80,6,Red Wine
1580,9.40,0.30,0.32,10.70,0.03,14.00,111.00,1.00,2.85,0.42,10.60,5,White Wine
253,6.50,0.36,0.36,6.70,0.18,51.50,151.00,1.00,3.17,0.42,9.30,5,White Wine
138,7.00,0.44,0.24,12.10,0.06,68.00,210.00,1.00,3.05,0.50,9.50,5,White Wine
2228,7.00,0.16,0.26,7.30,0.05,30.00,220.00,1.00,3.38,0.58,10.10,6,White Wine
6226,6.40,0.29,0.24,3.20,0.04,31.00,95.00,0.99,2.90,0.66,12.60,7,White Wine
3992,8.00,0.71,0.22,2.30,0.07,13.00,81.00,1.00,3.24,0.54,9.50,6,Red Wine
296,6.90,0.32,0.17,7.60,0.04,69.00,219.00,1.00,3.13,0.40,8.90,5,White Wine
2946,7.00,0.39,0.31,5.30,0.17,32.00,162.00,1.00,3.20,0.48,9.40,5,White Wine
6183,6.50,0.43,0.28,11.25,0.03,31.00,87.00,0.99,3.02,0.38,12.40,6,White Wine
3662,8.80,0.24,0.23,10.30,0.03,12.00,97.00,1.00,3.13,0.40,10.70,6,White Wine
3831,6.80,0.22,0.37,1.70,0.04,38.00,195.00,0.99,3.35,0.72,12.50,6,White Wine
4428,6.00,0.23,0.34,1.30,0.03,23.00,111.00,0.99,3.36,0.37,12.70,6,White Wine
5807,5.60,0.19,0.47,4.50,0.03,19.00,112.00,0.99,3.56,0.45,11.20,6,White Wine
3964,7.30,0.19,0.24,6.30,0.05,34.00,231.00,1.00,3.36,0.54,10.00,6,White Wine
722,7.40,0.26,0.29,3.70,0.05,14.00,73.00,0.99,3.06,0.45,11.40,6,White Wine
532,7.50,0.33,0.28,4.90,0.04,21.00,155.00,0.99,3.36,0.57,10.90,6,White Wine
1270,6.70,0.25,0.36,8.60,0.04,63.00,206.00,1.00,3.18,0.50,9.60,5,White Wine
1750,9.70,0.29,0.40,1.50,0.07,14.00,21.00,1.00,3.14,0.51,10.90,6,Red Wine
1238,7.10,0.25,0.49,3.00,0.03,30.00,96.00,0.99,3.13,0.39,12.30,7,White Wine
2643,6.20,0.66,0.48,1.20,0.03,29.00,75.00,0.99,3.33,0.39,12.80,8,White Wine
2584,8.30,0.28,0.48,2.10,0.09,6.00,12.00,0.99,3.26,0.62,12.40,7,Red Wine
2411,8.40,0.35,0.56,13.80,0.05,55.00,190.00,1.00,3.07,0.58,9.40,6,White Wine
1654,6.30,0.27,0.49,1.20,0.06,35.00,92.00,0.99,3.38,0.42,12.20,6,White Wine
2101,6.70,0.31,0.18,7.70,0.04,57.00,200.00,1.00,3.17,0.44,9.40,6,White Wine
4323,8.10,0.57,0.22,2.10,0.08,12.00,65.00,1.00,3.29,0.51,9.20,5,Red Wine
2916,7.90,0.18,0.40,1.80,0.06,7.00,20.00,0.99,3.28,0.70,11.10,5,Red Wine
4097,7.10,0.39,0.79,1.40,0.19,23.00,90.00,0.99,3.17,0.46,10.50,6,White Wine
5350,5.90,0.23,0.30,12.90,0.05,57.00,170.00,1.00,3.28,0.39,9.40,5,White Wine
4284,5.80,0.26,0.24,9.20,0.04,55.00,152.00,1.00,3.31,0.38,9.40,5,White Wine
2630,6.40,0.24,0.25,20.20,0.08,35.00,157.00,1.00,3.17,0.50,9.10,5,White Wine
3368,5.80,0.28,0.34,4.00,0.03,40.00,99.00,0.99,3.39,0.39,12.80,7,White Wine
6390,7.00,0.97,0.04,2.00,0.09,12.00,67.00,1.00,3.35,0.60,9.40,4,Red Wine
1387,6.70,0.17,0.27,1.40,0.03,39.00,149.00,0.99,3.40,0.52,10.50,5,White Wine
5875,6.80,0.13,0.39,1.40,0.03,19.00,102.00,0.99,3.23,0.60,11.30,7,White Wine
3311,6.60,0.17,0.35,2.60,0.03,33.00,78.00,0.99,3.22,0.72,11.30,6,White Wine
3032,6.10,0.32,0.25,1.80,0.09,5.00,32.00,0.99,3.36,0.44,10.10,5,Red Wine
1856,6.40,0.18,0.35,1.00,0.04,39.00,108.00,0.99,3.31,0.35,10.90,6,White Wine
3667,6.90,0.52,0.25,2.60,0.08,10.00,37.00,1.00,3.46,0.50,11.00,5,Red Wine
1095,8.30,0.19,0.49,1.20,0.05,11.00,137.00,0.99,3.06,0.46,11.00,6,White Wine
2152,7.60,1.58,0.00,2.10,0.14,5.00,9.00,0.99,3.50,0.40,10.90,3,Red Wine
3930,5.90,0.27,0.32,2.00,0.03,31.00,102.00,0.99,3.16,0.56,12.30,6,White Wine
2994,6.50,0.24,0.28,1.10,0.03,26.00,83.00,0.99,3.25,0.33,12.30,6,White Wine
1098,8.10,0.87,0.00,3.30,0.10,26.00,61.00,1.00,3.60,0.72,9.80,4,Red Wine
1761,5.70,0.31,0.28,4.10,0.03,22.00,86.00,0.99,3.31,0.38,11.70,7,White Wine
5073,7.80,0.43,0.49,13.00,0.03,37.00,158.00,1.00,3.14,0.35,11.30,6,White Wine
6084,5.60,0.34,0.25,2.50,0.05,47.00,182.00,0.99,3.21,0.40,11.30,5,White Wine
3558,8.80,0.30,0.38,2.30,0.06,19.00,72.00,1.00,3.39,0.72,11.80,6,Red Wine
1292,7.90,0.43,0.21,1.60,0.11,10.00,37.00,1.00,3.17,0.91,9.50,5,Red Wine
5967,6.00,0.50,0.04,2.20,0.09,13.00,26.00,1.00,3.46,0.47,10.00,5,Red Wine
1961,6.10,0.34,0.21,5.00,0.04,17.00,133.00,0.99,3.02,0.53,9.40,5,White Wine
2247,6.20,0.46,0.25,4.40,0.07,62.00,207.00,0.99,3.25,0.52,9.80,5,White Wine
4631,6.80,0.32,0.18,7.50,0.04,71.00,223.00,1.00,3.14,0.41,8.90,5,White Wine
2560,8.30,0.20,0.74,4.45,0.04,33.00,130.00,0.99,3.25,0.42,12.20,6,White Wine
3538,6.60,0.16,0.34,1.10,0.04,41.00,115.00,0.99,3.01,0.68,12.00,6,White Wine
1789,7.10,0.49,0.22,2.00,0.05,146.50,307.50,0.99,3.24,0.37,11.00,3,White Wine
3598,6.60,0.18,0.28,1.70,0.04,53.00,161.00,0.99,3.13,0.45,10.20,6,White Wine
5963,6.70,0.13,0.45,4.20,0.04,52.00,131.00,0.99,3.06,0.54,11.30,6,White Wine
1567,8.40,0.23,0.49,7.80,0.04,22.00,95.00,0.99,3.04,0.34,12.00,6,White Wine
4542,7.10,0.88,0.05,5.70,0.08,3.00,14.00,1.00,3.40,0.52,10.20,3,Red Wine
1357,6.30,0.34,0.52,6.30,0.05,63.00,186.00,0.99,3.18,0.44,9.60,5,White Wine
613,6.00,0.22,0.25,11.10,0.06,112.00,177.00,1.00,3.08,0.36,9.40,6,White Wine
4194,6.30,0.55,0.15,1.80,0.08,26.00,35.00,0.99,3.32,0.82,11.60,6,Red Wine
3784,10.30,0.17,0.47,1.40,0.04,5.00,33.00,0.99,2.89,0.28,9.60,3,White Wine
3884,6.30,0.22,0.34,5.00,0.03,36.00,93.00,0.99,3.27,0.36,13.50,7,White Wine
5338,9.20,0.46,0.23,2.60,0.09,18.00,77.00,1.00,3.15,0.51,9.40,5,Red Wine
5178,6.90,0.38,0.28,8.30,0.06,22.00,166.00,1.00,3.16,0.72,10.60,5,White Wine
3350,5.80,0.30,0.12,1.60,0.04,57.00,163.00,0.99,3.38,0.59,10.50,6,White Wine
133,7.20,0.64,0.07,2.60,0.08,16.00,86.00,1.00,3.51,0.54,9.70,5,Red Wine
5303,7.30,0.58,0.18,2.40,0.08,15.00,60.00,1.00,3.31,0.54,9.80,5,Red Wine
4627,7.80,0.29,0.22,9.50,0.06,44.00,213.00,1.00,3.08,0.61,9.30,6,White Wine
1363,5.60,0.18,0.27,1.70,0.03,31.00,103.00,0.99,3.35,0.37,12.90,6,White Wine
491,7.40,0.32,0.27,12.90,0.04,60.00,221.00,1.00,3.05,0.66,9.40,5,White Wine
265,6.50,0.33,0.24,14.50,0.05,20.00,96.00,0.99,3.06,0.30,11.50,8,White Wine
733,10.00,0.29,0.40,2.90,0.10,10.00,26.00,1.00,3.48,0.91,9.70,5,Red Wine
634,6.90,0.19,0.31,19.25,0.04,38.00,167.00,1.00,2.93,0.52,9.10,7,White Wine
304,10.20,0.33,0.46,1.90,0.08,6.00,9.00,1.00,3.10,0.48,10.40,6,Red Wine
2270,7.30,0.25,0.36,13.10,0.05,35.00,200.00,1.00,3.04,0.46,8.90,7,White Wine
5740,6.30,0.22,0.27,4.50,0.04,81.00,157.00,0.99,3.05,0.76,10.70,7,White Wine
1615,10.40,0.41,0.55,3.20,0.08,22.00,54.00,1.00,3.15,0.89,9.90,6,Red Wine
3050,10.20,0.54,0.37,15.40,0.21,55.00,95.00,1.00,3.18,0.77,9.00,6,Red Wine
5845,7.00,0.15,0.28,14.70,0.05,29.00,149.00,1.00,2.96,0.39,9.00,7,White Wine
509,12.70,0.60,0.65,2.30,0.06,6.00,25.00,1.00,3.03,0.57,9.90,5,Red Wine
6368,5.50,0.16,0.22,4.50,0.03,30.00,102.00,0.99,3.24,0.36,9.40,6,White Wine
2141,7.70,0.27,0.34,1.80,0.03,26.00,168.00,0.99,2.99,0.48,12.10,7,White Wine
1597,7.40,0.36,0.30,1.80,0.07,17.00,24.00,0.99,3.24,0.70,11.40,8,Red Wine
4659,5.50,0.15,0.32,14.00,0.03,16.00,99.00,0.99,3.26,0.38,11.50,8,White Wine
50,5.30,0.30,0.30,1.20,0.03,25.00,93.00,0.99,3.31,0.40,13.60,7,White Wine
5357,6.70,0.34,0.31,16.40,0.05,20.00,146.00,1.00,3.06,0.54,9.10,5,White Wine
541,5.50,0.24,0.32,8.70,0.06,19.00,102.00,0.99,3.27,0.31,10.40,5,White Wine
526,7.50,0.58,0.56,3.10,0.15,5.00,14.00,0.99,3.21,1.03,11.60,6,Red Wine
3689,5.20,0.38,0.26,7.70,0.05,20.00,103.00,0.99,3.27,0.45,12.20,6,White Wine
1453,7.90,0.53,0.24,2.00,0.07,15.00,105.00,1.00,3.27,0.54,9.40,6,Red Wine
4900,7.30,0.48,0.32,2.10,0.06,31.00,54.00,1.00,3.30,0.65,10.00,7,Red Wine
1775,6.90,0.19,0.28,3.00,0.05,33.00,99.00,0.99,3.16,0.40,10.80,6,White Wine
5124,7.80,0.65,0.00,2.00,0.08,8.00,16.00,1.00,3.38,0.59,9.80,6,Red Wine
834,5.90,0.24,0.12,1.40,0.04,60.00,247.00,0.99,3.34,0.44,9.60,6,White Wine
5481,8.50,0.25,0.27,4.70,0.03,31.00,92.00,0.99,3.01,0.33,12.00,6,White Wine
3523,6.60,0.32,0.24,1.30,0.06,42.50,204.00,1.00,3.59,0.51,9.20,5,White Wine
4433,6.30,0.15,0.34,11.40,0.05,25.00,96.00,1.00,3.21,0.49,10.00,6,White Wine
4003,8.30,0.36,0.57,15.00,0.05,35.00,256.00,1.00,2.93,0.64,8.60,5,White Wine
5609,5.00,0.24,0.21,2.20,0.04,31.00,100.00,0.99,3.69,0.62,11.70,6,White Wine
242,6.00,0.24,0.41,1.30,0.04,42.00,118.00,0.99,3.04,0.64,11.75,6,White Wine
2915,8.70,0.52,0.09,2.50,0.09,20.00,49.00,1.00,3.34,0.86,10.60,7,Red Wine
5548,10.90,0.53,0.49,4.60,0.12,10.00,17.00,1.00,3.07,0.56,11.70,6,Red Wine
5687,7.50,0.38,0.57,2.30,0.11,5.00,12.00,1.00,3.36,0.55,11.40,6,Red Wine
5164,6.90,0.35,0.39,2.40,0.05,25.00,157.00,0.99,3.20,0.54,11.10,7,White Wine
4606,5.60,0.18,0.19,7.10,0.05,36.00,110.00,0.99,3.26,0.41,9.50,6,White Wine
2617,6.90,0.28,0.22,10.00,0.05,36.00,131.00,1.00,3.08,0.46,9.60,5,White Wine
1091,7.00,0.35,0.30,6.50,0.03,27.00,87.00,0.99,3.40,0.42,11.40,7,White Wine
3993,7.90,0.22,0.38,8.00,0.04,46.00,152.00,0.99,3.12,0.32,11.50,7,White Wine
1669,8.10,0.34,0.28,7.50,0.04,70.00,230.00,1.00,3.14,0.55,9.80,6,White Wine
187,6.20,0.34,0.27,10.10,0.06,38.00,187.00,0.99,3.31,0.56,10.60,5,White Wine
1570,5.90,0.29,0.25,13.40,0.07,72.00,160.00,1.00,3.33,0.54,10.30,6,Red Wine
2799,7.30,0.17,0.24,8.10,0.12,32.00,162.00,1.00,3.17,0.38,10.40,8,White Wine
206,6.30,0.49,0.22,1.80,0.05,31.00,140.00,0.99,3.39,0.54,10.40,6,White Wine
1978,6.00,0.28,0.52,5.00,0.08,30.00,139.00,0.99,3.10,0.36,9.00,6,White Wine
2604,7.20,0.37,0.40,11.60,0.03,34.00,214.00,1.00,3.10,0.51,9.80,6,White Wine
3037,7.10,0.39,0.12,2.10,0.07,14.00,24.00,0.99,3.30,0.53,13.30,6,Red Wine
2686,8.90,0.29,0.35,1.90,0.07,25.00,57.00,1.00,3.18,1.36,10.30,6,Red Wine
3380,6.90,0.19,0.35,6.90,0.04,51.00,125.00,0.99,3.10,0.44,10.70,7,White Wine
1595,7.40,0.44,0.20,11.50,0.05,44.00,157.00,1.00,3.27,0.44,9.00,5,White Wine
313,7.80,0.43,0.32,2.80,0.08,29.00,58.00,1.00,3.31,0.64,10.30,5,Red Wine
4954,7.30,0.66,0.20,10.20,0.07,28.00,212.00,1.00,2.96,0.58,9.20,6,White Wine
2828,5.30,0.43,0.11,1.10,0.03,6.00,51.00,0.99,3.51,0.48,11.20,4,White Wine
4752,6.40,0.29,0.57,1.00,0.06,15.00,120.00,0.99,3.06,0.41,9.50,5,White Wine
3099,7.70,0.39,0.30,5.20,0.04,29.00,131.00,0.99,3.38,0.44,11.00,6,White Wine
639,6.40,0.69,0.09,7.60,0.04,34.00,144.00,0.99,3.26,0.38,10.10,6,White Wine
1085,13.30,0.34,0.52,3.20,0.09,17.00,53.00,1.00,3.05,0.81,9.50,6,Red Wine
3701,7.20,0.37,0.15,2.00,0.03,27.00,87.00,0.99,3.30,0.59,12.60,7,White Wine
1267,5.90,0.40,0.32,6.00,0.03,50.00,127.00,0.99,3.51,0.58,12.50,7,White Wine
5613,8.20,0.21,0.32,10.65,0.05,53.00,145.00,1.00,3.17,0.48,10.20,6,White Wine
2865,6.90,0.32,0.13,7.80,0.04,11.00,117.00,1.00,3.23,0.37,9.20,5,White Wine
2033,8.50,0.32,0.42,2.30,0.07,12.00,19.00,0.99,3.14,0.71,11.80,7,Red Wine
3932,6.50,0.18,0.34,1.60,0.04,43.00,148.00,0.99,3.32,0.59,11.50,8,White Wine
4507,5.20,0.34,0.37,6.20,0.03,42.00,133.00,0.99,3.25,0.41,12.50,6,White Wine
5508,6.70,0.13,0.32,3.70,0.02,32.00,99.00,0.99,3.12,0.44,10.00,6,White Wine
843,7.70,0.28,0.35,15.30,0.06,31.00,117.00,1.00,3.27,0.50,9.60,5,White Wine
2260,5.90,0.19,0.21,1.70,0.04,57.00,135.00,0.99,3.32,0.44,9.50,5,White Wine
1687,7.60,0.21,0.44,1.90,0.04,10.00,119.00,0.99,3.01,0.70,12.80,6,White Wine
2456,6.80,0.69,0.00,5.60,0.12,21.00,58.00,1.00,3.46,0.72,10.20,5,Red Wine
1454,7.50,0.29,0.36,15.70,0.05,29.00,124.00,1.00,3.06,0.54,10.40,5,White Wine
2873,7.80,0.25,0.34,13.70,0.04,66.00,184.00,1.00,3.22,0.75,8.90,5,White Wine
3018,6.70,0.51,0.24,2.10,0.04,14.00,155.00,0.99,3.22,0.60,13.00,6,White Wine
3735,7.60,0.38,0.20,3.40,0.05,9.00,116.00,0.99,3.15,0.41,9.40,5,White Wine
5187,6.60,0.24,0.27,15.80,0.04,46.00,188.00,1.00,3.24,0.51,9.20,5,White Wine
3991,7.60,0.39,0.32,3.60,0.04,22.00,93.00,0.99,3.08,0.60,12.50,7,White Wine
620,6.80,0.36,0.24,4.60,0.04,24.00,124.00,0.99,3.27,0.34,12.60,7,White Wine
2175,6.00,0.21,0.38,0.80,0.02,22.00,98.00,0.99,3.26,0.32,11.80,6,White Wine
776,6.30,0.23,0.30,1.80,0.03,16.00,91.00,0.99,3.28,0.40,11.80,6,White Wine
5065,7.10,0.69,0.08,2.10,0.06,42.00,52.00,1.00,3.42,0.60,10.20,6,Red Wine
2861,6.90,0.31,0.32,1.20,0.02,20.00,166.00,0.99,3.05,0.54,9.80,6,White Wine
5433,8.00,0.13,0.25,1.10,0.03,15.00,86.00,0.99,2.98,0.39,11.20,8,White Wine
4974,6.90,0.45,0.11,2.40,0.04,6.00,12.00,0.99,3.30,0.65,11.40,6,Red Wine
121,6.80,0.22,0.26,1.20,0.04,29.00,182.00,0.99,3.04,0.35,11.20,5,White Wine
3921,8.10,0.34,0.28,7.50,0.04,70.00,230.00,1.00,3.14,0.55,9.80,6,White Wine
3943,7.40,0.60,0.26,2.10,0.08,17.00,91.00,1.00,3.29,0.56,9.80,6,Red Wine
5747,6.20,0.21,0.27,1.70,0.04,41.00,150.00,0.99,3.49,0.71,10.50,7,White Wine
4639,5.90,0.30,0.29,1.10,0.04,23.00,56.00,0.99,3.19,0.38,11.30,5,White Wine
5459,7.70,0.27,0.49,1.80,0.04,23.00,86.00,0.99,3.16,0.42,12.50,6,White Wine
5702,7.40,0.25,0.29,6.80,0.02,31.00,113.00,0.99,3.13,0.29,10.80,6,White Wine
5428,6.20,0.30,0.32,1.70,0.03,30.00,130.00,0.99,3.28,0.41,11.20,7,White Wine
4410,7.40,0.41,0.66,10.80,0.05,77.00,194.00,1.00,3.05,0.46,8.70,5,White Wine
5206,7.10,0.45,0.24,2.70,0.04,24.00,87.00,0.99,2.94,0.38,13.40,8,White Wine
176,6.90,0.23,0.35,6.90,0.03,45.00,116.00,0.99,2.80,0.54,11.00,6,White Wine
4024,8.80,0.27,0.25,5.00,0.02,52.00,99.00,0.99,2.87,0.49,11.40,5,White Wine
6270,6.30,0.24,0.22,11.90,0.05,65.00,179.00,1.00,3.06,0.58,9.30,6,White Wine
4029,5.90,0.27,0.27,5.00,0.04,14.00,97.00,0.99,3.10,0.33,11.80,7,White Wine
3055,7.20,0.46,0.65,10.40,0.05,76.00,192.00,1.00,3.16,0.42,8.70,5,White Wine
2551,8.30,0.30,0.49,3.80,0.09,11.00,24.00,0.99,3.27,0.64,12.10,7,Red Wine
1250,6.60,0.39,0.39,11.90,0.06,51.00,221.00,1.00,3.26,0.51,8.90,6,White Wine
2578,7.00,0.60,0.12,2.20,0.08,13.00,28.00,1.00,3.52,0.62,10.20,7,Red Wine
4612,7.20,0.26,0.44,7.10,0.03,25.00,126.00,0.99,3.02,0.34,11.10,8,White Wine
2876,8.20,0.35,0.33,2.40,0.08,11.00,47.00,1.00,3.27,0.81,11.00,6,Red Wine
476,11.40,0.60,0.49,2.70,0.09,10.00,41.00,1.00,3.15,0.63,10.50,6,Red Wine
2869,9.40,0.23,0.56,16.45,0.06,52.50,282.00,1.00,3.10,0.51,9.30,5,White Wine
2030,6.90,0.63,0.02,1.90,0.08,18.00,30.00,1.00,3.40,0.75,9.80,5,Red Wine
5426,7.80,0.56,0.12,2.00,0.08,7.00,28.00,1.00,3.37,0.50,9.40,6,Red Wine
6244,10.10,0.37,0.34,2.40,0.09,5.00,17.00,1.00,3.17,0.65,10.60,7,Red Wine
2004,6.60,0.36,0.24,0.90,0.04,15.00,72.00,0.99,3.23,0.39,11.00,5,White Wine
1121,7.50,0.18,0.37,6.20,0.05,21.00,138.00,1.00,3.20,0.55,10.50,6,White Wine
3030,8.20,0.40,0.31,1.90,0.08,8.00,24.00,1.00,3.24,0.69,10.60,6,Red Wine
3025,6.60,0.38,0.15,4.60,0.04,25.00,78.00,0.99,3.11,0.38,10.20,6,White Wine
5034,8.00,0.33,0.32,4.60,0.04,31.00,180.00,0.99,2.92,0.74,12.20,6,White Wine
5770,7.90,0.50,0.33,2.00,0.08,15.00,143.00,1.00,3.20,0.55,9.50,5,Red Wine
3214,7.00,0.24,0.35,1.00,0.03,42.00,104.00,0.99,3.16,0.37,11.70,7,White Wine
4938,7.50,0.76,0.00,1.90,0.08,6.00,12.00,1.00,3.34,0.49,9.70,4,Red Wine
4145,6.70,0.34,0.40,2.10,0.03,34.00,111.00,0.99,2.97,0.48,12.20,7,White Wine
1652,8.40,0.28,0.40,8.90,0.05,33.00,146.00,1.00,3.40,0.46,9.30,5,White Wine
725,6.80,0.28,0.44,9.30,0.03,35.00,137.00,0.99,3.16,0.36,10.40,6,White Wine
5286,7.00,0.24,0.51,11.00,0.03,55.00,227.00,1.00,3.03,0.61,9.50,5,White Wine
3411,6.10,0.36,0.16,6.40,0.04,36.00,198.00,0.99,3.17,0.62,9.90,6,White Wine
2572,7.10,0.21,0.32,2.20,0.04,28.00,141.00,0.99,3.20,0.57,10.00,7,White Wine
3714,5.40,0.31,0.47,3.00,0.05,46.00,144.00,0.99,3.29,0.76,10.00,5,White Wine
3725,5.50,0.49,0.03,1.80,0.04,28.00,87.00,0.99,3.50,0.82,14.00,8,Red Wine
2224,11.50,0.59,0.59,2.60,0.09,13.00,49.00,1.00,3.18,0.65,11.00,6,Red Wine
3028,6.30,0.34,0.27,2.50,0.02,40.00,152.00,0.99,3.35,0.60,11.90,7,White Wine
4446,7.00,0.20,0.33,4.70,0.03,25.00,76.00,0.99,2.88,0.54,10.50,6,White Wine
4842,9.20,0.41,0.50,2.50,0.06,12.00,25.00,1.00,3.34,0.79,13.30,7,Red Wine
4855,7.80,0.53,0.33,2.40,0.08,24.00,144.00,1.00,3.30,0.60,9.50,5,Red Wine
852,6.80,0.45,0.30,11.80,0.09,23.00,97.00,1.00,3.09,0.44,9.60,5,White Wine
6335,9.80,0.31,0.49,15.40,0.05,13.00,119.00,1.00,3.18,0.45,9.50,5,White Wine
944,6.00,0.56,0.26,4.50,0.05,17.00,126.00,0.99,3.24,0.46,9.10,5,White Wine
2658,6.70,0.62,0.24,1.10,0.04,6.00,62.00,0.99,3.41,0.32,10.40,5,White Wine
4874,7.10,0.21,0.33,1.20,0.04,34.00,97.00,0.99,3.11,0.75,11.20,6,White Wine
3638,5.60,0.20,0.66,10.20,0.04,78.00,175.00,0.99,2.98,0.43,10.40,7,White Wine
9,6.20,0.15,0.27,1.40,0.04,51.00,117.00,0.99,3.28,0.38,11.20,6,White Wine
5183,6.50,0.22,0.25,17.10,0.05,44.00,138.00,1.00,3.30,0.37,8.80,5,White Wine
454,7.00,0.78,0.08,2.00,0.09,10.00,19.00,1.00,3.40,0.47,10.00,5,Red Wine
6488,6.90,0.19,0.40,1.40,0.04,14.00,55.00,0.99,3.08,0.68,11.50,7,White Wine
5677,7.40,0.44,0.20,11.50,0.05,44.00,157.00,1.00,3.27,0.44,9.00,5,White Wine
2252,7.50,0.24,0.29,1.10,0.05,34.00,84.00,0.99,3.04,0.39,11.45,6,White Wine
4392,7.00,0.19,0.23,5.70,0.12,27.00,104.00,1.00,3.04,0.54,9.40,6,White Wine
5953,7.10,0.18,0.42,1.40,0.04,47.00,157.00,0.99,2.95,0.31,10.50,6,White Wine
5475,6.30,0.27,0.46,11.75,0.04,61.00,212.00,1.00,3.25,0.53,9.50,6,White Wine
356,7.80,0.17,0.23,1.70,0.03,39.00,128.00,0.99,3.37,0.41,10.70,7,White Wine
3750,8.20,0.15,0.48,2.70,0.05,24.00,190.00,0.99,3.50,0.45,10.90,7,White Wine
2006,6.90,0.40,0.17,12.90,0.03,59.00,186.00,1.00,3.08,0.49,9.40,5,White Wine
976,7.80,0.25,0.34,13.70,0.04,66.00,184.00,1.00,3.22,0.75,8.90,5,White Wine
4629,12.40,0.42,0.49,4.60,0.07,19.00,43.00,1.00,3.02,0.61,9.50,5,Red Wine
3132,6.10,0.41,0.00,1.60,0.06,36.00,87.00,0.99,3.27,0.67,10.80,6,White Wine
2528,7.80,0.30,0.29,16.85,0.05,23.00,135.00,1.00,3.16,0.38,9.00,6,White Wine
4676,6.40,0.22,0.34,1.40,0.02,56.00,115.00,0.99,3.18,0.70,11.70,6,White Wine
1578,6.60,0.96,0.00,1.80,0.08,5.00,16.00,0.99,3.50,0.44,11.90,6,Red Wine
828,7.80,0.28,0.25,3.40,0.02,27.00,99.00,0.99,2.98,0.37,13.00,6,White Wine
3260,6.30,0.40,0.24,5.10,0.04,43.00,131.00,0.99,3.24,0.44,11.30,6,White Wine
628,6.00,0.17,0.36,1.70,0.04,14.00,61.00,0.99,3.22,0.54,10.80,6,White Wine
4235,8.20,0.33,0.39,2.50,0.07,29.00,48.00,1.00,3.32,0.88,12.40,7,Red Wine
5033,7.10,0.34,0.49,1.50,0.03,26.00,126.00,0.99,3.30,0.33,12.20,7,White Wine
4030,5.90,0.22,0.29,4.20,0.04,69.00,144.00,0.99,3.13,0.74,10.80,7,White Wine
2351,5.00,0.27,0.32,4.50,0.03,58.00,178.00,0.99,3.45,0.31,12.60,7,White Wine
5879,8.10,0.20,0.28,0.90,0.02,49.00,87.00,0.99,2.92,0.36,11.10,6,White Wine
2343,7.60,0.25,0.34,1.30,0.06,34.00,176.00,0.99,3.10,0.51,9.50,5,White Wine
5006,7.30,0.34,0.30,9.40,0.06,34.00,178.00,1.00,3.15,0.44,10.40,6,White Wine
5276,5.30,0.23,0.56,0.90,0.04,46.00,141.00,0.99,3.16,0.62,9.70,5,White Wine
3472,6.70,0.17,0.37,2.00,0.04,34.00,125.00,0.99,3.26,0.60,10.80,7,White Wine
5863,6.10,0.28,0.35,12.80,0.05,63.00,229.00,1.00,3.08,0.40,8.90,5,White Wine
2476,7.60,0.34,0.39,7.60,0.04,45.00,215.00,1.00,3.11,0.53,9.20,6,White Wine
6338,6.60,0.36,0.29,1.60,0.02,24.00,85.00,0.99,3.41,0.61,12.40,9,White Wine
874,9.10,0.21,0.37,1.60,0.07,6.00,10.00,1.00,3.23,0.58,11.10,7,Red Wine
1231,6.60,0.19,0.43,10.90,0.04,53.00,154.00,1.00,3.52,0.77,10.40,6,White Wine
5270,5.30,0.57,0.01,1.70,0.05,5.00,27.00,0.99,3.57,0.84,12.50,7,Red Wine
1399,7.20,0.60,0.20,9.90,0.07,21.00,174.00,1.00,3.03,0.54,9.10,5,White Wine
4129,8.40,0.22,0.28,18.80,0.03,55.00,130.00,1.00,2.96,0.35,11.60,5,White Wine
2267,7.80,0.30,0.29,16.85,0.05,23.00,135.00,1.00,3.16,0.38,9.00,6,White Wine
6189,6.80,0.28,0.40,22.00,0.05,48.00,167.00,1.00,2.93,0.50,8.70,5,White Wine
4919,9.60,0.29,0.46,1.45,0.04,77.50,223.00,0.99,2.92,0.46,9.50,6,White Wine
1082,8.60,0.23,0.40,4.20,0.04,17.00,109.00,0.99,3.14,0.53,9.70,5,White Wine
4230,6.60,0.22,0.29,14.40,0.05,39.00,118.00,1.00,3.05,0.50,9.10,6,White Wine
2805,6.20,0.22,0.27,1.50,0.06,20.00,132.00,0.99,3.22,0.46,9.20,6,White Wine
4399,6.30,0.25,0.27,6.60,0.05,40.00,158.00,0.99,3.20,0.48,10.30,5,White Wine
4221,6.40,0.28,0.19,5.40,0.04,67.00,181.00,0.99,3.31,0.35,10.20,6,White Wine
31,9.10,0.29,0.33,2.05,0.06,13.00,27.00,1.00,3.26,0.84,11.70,7,Red Wine
521,10.60,0.83,0.37,2.60,0.09,26.00,70.00,1.00,3.16,0.52,9.90,5,Red Wine
5564,7.00,0.12,0.29,10.30,0.04,41.00,98.00,1.00,3.19,0.38,9.80,8,White Wine
2076,6.00,0.26,0.24,1.30,0.05,66.00,150.00,0.99,3.21,0.62,10.40,6,White Wine
598,8.30,0.60,0.25,2.20,0.12,9.00,38.00,1.00,3.15,0.53,9.80,5,Red Wine
3341,7.20,0.21,0.28,2.70,0.03,38.00,94.00,0.99,2.99,0.43,11.80,7,White Wine
5274,6.20,0.66,0.48,1.20,0.03,29.00,75.00,0.99,3.33,0.39,12.80,8,White Wine
190,6.90,0.34,0.30,4.70,0.03,34.00,148.00,0.99,3.36,0.49,12.30,7,White Wine
1070,6.60,0.28,0.23,10.40,0.05,45.00,190.00,1.00,3.12,0.51,8.80,5,White Wine
3277,5.30,0.47,0.11,2.20,0.05,16.00,89.00,0.99,3.54,0.88,13.60,7,Red Wine
2760,6.30,0.27,0.51,7.60,0.05,35.00,200.00,1.00,3.16,0.54,9.40,4,White Wine
6492,7.00,0.20,0.34,5.70,0.04,32.00,83.00,0.99,3.19,0.46,11.50,6,White Wine
1568,6.50,0.26,0.43,8.90,0.08,50.00,171.00,1.00,2.85,0.50,9.00,5,White Wine
2284,6.20,0.28,0.51,7.90,0.06,49.00,206.00,1.00,3.18,0.52,9.40,5,White Wine
122,6.00,0.42,0.41,12.40,0.03,50.00,179.00,1.00,3.14,0.60,9.70,5,White Wine
6274,6.60,0.25,0.30,1.60,0.05,32.00,134.00,0.99,3.42,0.51,10.10,7,White Wine
4492,6.90,0.20,0.34,1.90,0.04,25.00,136.00,0.99,3.31,0.60,10.10,4,White Wine
528,8.90,0.62,0.18,3.80,0.18,52.00,145.00,1.00,3.16,0.88,9.20,5,Red Wine
4597,6.40,0.26,0.26,1.10,0.05,22.00,176.00,0.99,3.09,0.54,9.30,5,White Wine
4853,7.60,0.21,0.60,2.10,0.05,47.00,165.00,0.99,3.05,0.54,10.10,7,White Wine
3671,7.20,0.17,0.41,1.60,0.05,24.00,126.00,0.99,3.19,0.49,10.80,5,White Wine
574,7.10,0.19,0.28,3.60,0.03,16.00,78.00,0.99,2.91,0.78,11.40,6,White Wine
4563,7.40,0.41,0.34,4.70,0.04,19.00,127.00,1.00,3.25,0.42,10.40,5,White Wine
6307,9.40,0.17,0.55,1.60,0.05,14.00,94.00,0.99,3.02,0.61,10.30,6,White Wine
3010,7.30,0.17,0.24,8.10,0.12,32.00,162.00,1.00,3.17,0.38,10.40,8,White Wine
3852,10.40,0.33,0.63,2.80,0.08,5.00,22.00,1.00,3.26,0.74,11.20,7,Red Wine
1283,6.90,0.30,0.33,4.10,0.04,26.00,155.00,0.99,3.25,0.79,12.30,8,White Wine
1261,8.10,0.27,0.35,1.70,0.03,38.00,103.00,0.99,3.22,0.63,10.40,8,White Wine
5619,7.00,0.29,0.26,1.60,0.04,12.00,87.00,0.99,3.08,0.46,10.50,6,White Wine
5590,7.40,0.49,0.19,3.00,0.08,16.00,37.00,1.00,3.37,0.51,10.50,5,Red Wine
6353,7.70,0.29,0.29,4.80,0.06,27.00,156.00,1.00,3.49,0.59,10.30,6,White Wine
4301,7.00,0.12,0.32,7.20,0.06,22.00,89.00,1.00,3.29,0.38,9.20,6,White Wine
1069,7.20,0.23,0.38,14.30,0.06,55.00,194.00,1.00,3.09,0.44,9.00,6,White Wine
530,6.50,0.27,0.19,6.60,0.04,98.00,175.00,0.99,3.16,0.34,10.10,6,White Wine
5838,7.20,0.25,0.28,14.40,0.06,55.00,205.00,1.00,3.12,0.38,9.00,7,White Wine
3990,5.70,0.43,0.30,5.70,0.04,24.00,98.00,0.99,3.54,0.61,12.30,7,White Wine
713,7.30,0.24,0.34,15.40,0.05,38.00,174.00,1.00,3.03,0.42,9.00,6,White Wine
3840,7.80,0.56,0.19,1.80,0.10,12.00,47.00,1.00,3.19,0.93,9.50,5,Red Wine
2457,9.60,0.32,0.47,1.40,0.06,9.00,24.00,1.00,3.22,0.82,10.30,7,Red Wine
3131,5.80,0.68,0.02,1.80,0.09,21.00,94.00,0.99,3.54,0.52,10.00,5,Red Wine
5858,7.00,0.43,0.02,1.90,0.08,15.00,28.00,0.99,3.35,0.81,10.60,6,Red Wine
2891,6.30,0.20,0.18,10.60,0.04,57.00,159.00,1.00,3.09,0.54,9.20,5,White Wine
1087,6.40,0.31,0.40,6.40,0.04,39.00,191.00,1.00,3.14,0.52,9.80,5,White Wine
1106,11.60,0.41,0.58,2.80,0.10,25.00,101.00,1.00,3.13,0.53,10.00,5,Red Wine
369,5.30,0.32,0.23,9.65,0.03,26.00,119.00,0.99,3.18,0.53,12.20,6,White Wine
6317,7.80,0.18,0.31,12.20,0.05,46.00,140.00,1.00,3.06,0.53,8.90,6,White Wine
3759,8.90,0.32,0.49,1.60,0.05,17.00,131.00,1.00,3.13,0.34,9.40,5,White Wine
3679,7.10,0.28,0.19,7.80,0.04,48.00,184.00,1.00,3.16,0.50,9.40,5,White Wine
2402,7.60,0.35,0.47,13.30,0.04,42.00,116.00,1.00,3.04,0.50,9.20,5,White Wine
5518,6.30,0.35,0.30,5.70,0.04,8.00,97.00,0.99,3.27,0.41,11.00,7,White Wine
4374,5.30,0.30,0.20,1.10,0.08,48.00,166.00,0.99,3.30,0.54,8.70,4,White Wine
5155,6.50,0.22,0.25,17.10,0.05,44.00,138.00,1.00,3.30,0.37,8.80,5,White Wine
3269,6.80,0.34,0.27,5.20,0.06,14.00,169.00,0.99,3.27,0.57,11.60,6,White Wine
3636,7.30,0.45,0.36,5.90,0.07,12.00,87.00,1.00,3.33,0.83,10.50,5,Red Wine
233,8.50,0.23,0.28,11.10,0.03,30.00,97.00,1.00,3.03,0.39,10.50,7,White Wine
949,7.10,0.63,0.06,2.00,0.08,8.00,29.00,1.00,3.67,0.73,9.60,5,Red Wine
1352,6.70,0.18,0.31,10.60,0.04,42.00,143.00,1.00,3.08,0.49,9.80,7,White Wine
2831,8.90,0.40,0.32,5.60,0.09,10.00,47.00,1.00,3.38,0.77,10.50,7,Red Wine
519,8.60,0.72,0.24,6.60,0.12,31.00,134.00,1.00,3.32,1.07,9.30,5,Red Wine
6166,6.80,0.37,0.51,11.80,0.04,62.00,163.00,1.00,3.19,0.44,8.80,5,White Wine
402,8.50,0.32,0.36,14.90,0.04,47.00,190.00,1.00,3.08,0.31,10.00,6,White Wine
2894,6.80,0.32,0.30,3.30,0.03,15.00,80.00,0.99,3.33,0.63,12.60,7,White Wine
4231,6.00,0.27,0.28,4.80,0.06,31.00,201.00,1.00,3.69,0.71,10.00,5,White Wine
3188,9.50,0.55,0.66,2.30,0.39,12.00,37.00,1.00,3.17,0.67,9.60,5,Red Wine
561,9.30,0.36,0.39,1.50,0.08,41.00,55.00,1.00,3.47,0.73,10.90,6,Red Wine
1563,6.60,0.42,0.13,12.80,0.04,26.00,158.00,1.00,3.24,0.47,9.00,5,White Wine
5235,6.90,0.30,0.21,7.20,0.04,54.00,190.00,1.00,3.22,0.48,9.40,5,White Wine
4911,6.90,0.22,0.31,6.30,0.03,41.00,131.00,0.99,3.08,0.49,10.80,6,White Wine
4500,7.50,0.51,0.02,1.70,0.08,13.00,31.00,1.00,3.36,0.54,10.50,6,Red Wine
1003,6.90,0.55,0.15,2.20,0.08,19.00,40.00,1.00,3.41,0.59,10.10,5,Red Wine
3019,10.20,0.54,0.37,15.40,0.21,55.00,95.00,1.00,3.18,0.77,9.00,6,Red Wine
3849,6.70,0.24,0.37,11.30,0.04,64.00,173.00,1.00,3.08,0.53,9.90,6,White Wine
6032,6.40,0.47,0.06,1.00,0.03,9.00,131.00,0.99,2.97,0.29,10.80,5,White Wine
3359,5.70,0.33,0.15,1.90,0.05,20.00,93.00,0.99,3.38,0.62,9.90,5,White Wine
382,7.80,0.55,0.00,1.70,0.07,7.00,17.00,1.00,3.26,0.64,9.40,6,Red Wine
4520,6.60,0.50,0.00,1.80,0.06,21.00,28.00,0.99,3.44,0.55,12.30,6,Red Wine
3192,6.60,0.37,0.07,1.40,0.05,58.00,144.00,0.99,3.17,0.38,10.00,5,White Wine
5344,8.30,0.61,0.22,2.60,0.09,6.00,19.00,1.00,3.26,0.61,9.30,5,Red Wine
320,6.60,0.13,0.30,4.90,0.06,47.00,131.00,0.99,3.51,0.45,10.30,6,White Wine
4755,11.30,0.37,0.41,2.30,0.09,6.00,16.00,1.00,3.09,0.80,9.30,5,Red Wine
5920,6.50,0.27,0.19,6.60,0.04,98.00,175.00,0.99,3.16,0.34,10.10,6,White Wine
2241,7.40,0.18,0.40,1.60,0.05,22.00,102.00,0.99,3.28,0.44,10.70,5,White Wine
2465,5.10,0.42,0.01,1.50,0.02,25.00,102.00,0.99,3.38,0.36,12.30,7,White Wine
1554,8.20,0.34,0.38,2.50,0.08,12.00,57.00,1.00,3.30,0.47,9.00,6,Red Wine
2826,12.50,0.46,0.49,4.50,0.07,26.00,49.00,1.00,3.05,0.57,9.60,4,Red Wine
5738,5.80,0.31,0.32,4.50,0.02,28.00,94.00,0.99,3.25,0.52,13.70,7,White Wine
5419,8.00,0.36,0.43,10.10,0.05,29.00,146.00,1.00,3.40,0.46,9.50,6,White Wine
4960,6.00,0.27,0.40,1.70,0.02,18.00,82.00,0.99,3.24,0.95,13.13,6,White Wine
5992,6.00,0.43,0.34,7.60,0.04,25.00,118.00,0.99,3.03,0.37,11.00,6,White Wine
4719,7.90,0.41,0.37,4.50,0.03,40.00,114.00,0.99,3.17,0.54,12.40,7,White Wine
2193,5.70,0.22,0.33,1.90,0.04,37.00,110.00,0.99,3.26,0.58,12.40,6,White Wine
6446,6.40,0.22,0.38,9.10,0.04,35.00,127.00,0.99,2.97,0.30,11.00,7,White Wine
4977,6.70,1.04,0.08,2.30,0.07,19.00,32.00,1.00,3.52,0.57,11.00,4,Red Wine
3775,10.40,0.43,0.50,2.30,0.07,13.00,19.00,1.00,3.10,0.87,11.40,6,Red Wine
3710,6.30,0.22,0.34,1.20,0.04,32.00,96.00,0.99,3.06,0.74,11.60,6,White Wine
2917,10.00,0.58,0.22,1.90,0.08,9.00,32.00,1.00,3.13,0.55,9.50,5,Red Wine
1379,8.00,0.43,0.40,12.40,0.17,29.00,190.00,1.00,3.07,0.64,9.20,5,White Wine
4872,6.50,0.29,0.52,7.90,0.05,35.00,192.00,1.00,3.16,0.51,9.50,6,White Wine
4583,9.20,0.27,0.34,10.50,0.04,49.00,228.00,1.00,3.04,0.41,10.40,6,White Wine
6249,6.50,0.24,0.36,2.20,0.03,36.00,134.00,0.99,3.28,0.36,12.50,7,White Wine
1358,9.00,0.54,0.49,2.90,0.09,41.00,110.00,1.00,3.08,0.61,9.20,5,Red Wine
6260,6.40,0.29,0.18,15.00,0.04,21.00,116.00,1.00,3.14,0.50,9.20,5,White Wine
6474,6.10,0.58,0.23,2.50,0.04,16.00,70.00,0.99,3.46,0.65,12.50,6,Red Wine
4688,8.40,0.35,0.71,12.20,0.05,22.00,160.00,1.00,2.98,0.65,9.40,5,White Wine
2663,6.60,0.23,0.30,14.90,0.05,33.00,118.00,1.00,3.04,0.54,9.00,6,White Wine
6158,7.00,0.18,0.37,1.50,0.04,16.00,104.00,0.99,3.18,0.50,10.80,5,White Wine
124,6.10,0.56,0.00,2.20,0.08,6.00,9.00,0.99,3.59,0.54,11.50,6,Red Wine
4346,6.30,0.12,0.36,2.10,0.04,47.00,146.00,0.99,3.27,0.74,11.40,7,White Wine
2397,8.80,0.61,0.14,2.40,0.07,10.00,42.00,1.00,3.19,0.59,9.50,5,Red Wine
2948,7.10,0.36,0.14,1.20,0.06,24.00,84.00,0.99,3.15,0.43,8.90,5,White Wine
4250,7.00,0.50,0.25,2.00,0.07,3.00,22.00,1.00,3.25,0.63,9.20,5,Red Wine
3460,6.30,0.27,0.46,11.10,0.05,44.00,177.00,1.00,3.18,0.67,9.40,5,White Wine
4615,5.80,0.39,0.25,3.70,0.03,38.00,122.00,0.99,3.20,0.63,11.20,6,White Wine
1035,7.00,0.16,0.30,2.60,0.04,34.00,90.00,0.99,2.88,0.47,11.20,6,White Wine
5101,6.70,0.42,0.39,12.10,0.04,61.00,248.00,1.00,3.31,0.58,9.70,5,White Wine
1457,7.70,0.24,0.29,15.30,0.04,39.00,194.00,1.00,3.06,0.47,9.60,7,White Wine
2087,8.20,0.23,0.40,1.20,0.03,36.00,121.00,0.99,3.12,0.38,10.70,6,White Wine
3373,6.60,0.22,0.29,14.40,0.05,39.00,118.00,1.00,3.05,0.50,9.10,6,White Wine
5911,7.80,0.40,0.26,9.50,0.06,32.00,178.00,1.00,3.04,0.43,10.90,6,White Wine
2749,7.40,0.32,0.55,16.60,0.06,53.00,238.00,1.00,2.96,0.58,8.70,6,White Wine
2641,7.10,0.26,0.32,5.90,0.04,39.00,97.00,0.99,3.31,0.40,11.60,6,White Wine
6058,6.30,0.32,0.17,17.75,0.06,51.00,190.00,1.00,3.13,0.48,8.80,6,White Wine
3081,6.30,0.67,0.48,12.60,0.05,57.00,222.00,1.00,3.17,0.52,9.30,6,White Wine
3480,6.50,0.41,0.22,4.80,0.05,49.00,142.00,0.99,3.14,0.62,9.20,5,White Wine
5782,7.20,0.66,0.33,2.50,0.07,34.00,102.00,0.99,3.27,0.78,12.80,6,Red Wine
2500,7.60,0.41,0.33,2.50,0.08,6.00,23.00,1.00,3.30,0.58,11.20,5,Red Wine
3908,6.50,0.52,0.11,1.80,0.07,13.00,38.00,1.00,3.34,0.52,9.30,5,Red Wine
3894,6.40,0.42,0.09,2.30,0.05,34.00,64.00,1.00,3.41,0.68,10.40,6,Red Wine
4721,6.80,0.28,0.29,11.90,0.05,51.00,149.00,1.00,3.02,0.58,10.40,6,White Wine
5283,8.70,0.15,0.30,1.60,0.05,29.00,130.00,0.99,3.22,0.38,9.80,6,White Wine
4064,7.30,0.21,0.29,1.60,0.03,29.00,118.00,0.99,3.30,0.50,11.00,8,White Wine
5957,7.30,0.26,0.53,12.70,0.05,60.50,164.50,1.00,3.06,0.45,9.10,6,White Wine
5495,11.50,0.45,0.50,3.00,0.08,19.00,47.00,1.00,3.26,1.11,11.00,6,Red Wine
1845,6.80,0.24,0.31,18.30,0.05,40.00,142.00,1.00,3.30,0.41,8.70,5,White Wine
1235,7.60,0.28,0.32,14.60,0.06,32.00,201.00,1.00,3.00,0.45,9.20,5,White Wine
2095,6.10,0.31,0.26,2.20,0.05,28.00,167.00,0.99,3.37,0.47,10.40,6,White Wine
4063,8.90,0.50,0.21,2.20,0.09,21.00,39.00,1.00,3.33,0.83,11.10,6,Red Wine
188,12.50,0.38,0.60,2.60,0.08,31.00,72.00,1.00,3.10,0.73,10.50,5,Red Wine
6298,6.40,0.27,0.17,8.40,0.04,60.00,198.00,1.00,3.21,0.47,9.40,5,White Wine
2472,7.00,0.23,0.42,18.05,0.05,35.00,144.00,1.00,3.22,0.42,8.80,5,White Wine
4700,6.70,0.36,0.26,7.90,0.03,39.00,123.00,0.99,2.99,0.30,12.20,7,White Wine
6193,6.20,0.21,0.24,1.20,0.05,31.00,95.00,0.99,3.24,0.57,11.30,6,White Wine
6215,7.10,0.33,0.30,3.30,0.03,30.00,102.00,0.99,3.08,0.31,12.30,7,White Wine
1819,6.90,0.44,0.42,8.50,0.05,10.00,147.00,1.00,3.32,0.46,9.50,6,White Wine
6046,7.30,0.41,0.24,6.80,0.06,41.00,163.00,0.99,3.20,0.41,9.90,6,White Wine
3641,6.20,0.39,0.43,2.00,0.07,14.00,24.00,0.99,3.45,0.87,11.20,7,Red Wine
4637,6.30,0.17,0.32,4.20,0.04,37.00,117.00,0.99,3.24,0.43,11.30,6,White Wine
3213,8.20,1.33,0.00,1.70,0.08,3.00,12.00,1.00,3.53,0.49,10.90,5,Red Wine
4135,6.70,0.31,0.30,2.40,0.04,30.00,83.00,0.99,3.09,0.36,12.80,7,White Wine
4255,7.20,0.34,0.30,8.40,0.05,40.00,167.00,1.00,3.48,0.62,9.70,5,White Wine
5076,6.60,0.22,0.53,15.10,0.05,22.00,136.00,1.00,2.94,0.35,9.40,5,White Wine
3657,7.30,0.39,0.37,1.10,0.04,36.00,113.00,0.99,3.39,0.48,12.70,8,White Wine
5218,7.70,0.56,0.20,2.00,0.07,9.00,39.00,1.00,3.48,0.62,9.30,5,Red Wine
4247,5.50,0.17,0.23,2.90,0.04,10.00,108.00,0.99,3.28,0.50,10.00,5,White Wine
5416,7.20,0.27,0.74,12.50,0.04,47.00,156.00,1.00,3.04,0.44,8.70,5,White Wine
5431,6.60,0.24,0.35,7.70,0.03,36.00,135.00,0.99,3.19,0.37,10.50,5,White Wine
4674,8.40,0.27,0.46,8.70,0.05,39.00,197.00,1.00,3.14,0.59,9.60,6,White Wine
4429,7.20,0.38,0.38,2.80,0.07,23.00,42.00,0.99,3.34,0.72,12.90,7,Red Wine
3595,6.40,0.36,0.20,5.70,0.12,61.00,172.00,0.99,3.24,0.43,9.50,6,White Wine
2702,6.60,0.24,0.29,2.00,0.02,19.00,86.00,0.99,3.25,0.45,12.50,6,White Wine
406,6.50,0.26,0.34,16.30,0.05,56.00,197.00,1.00,3.49,0.42,9.80,5,White Wine
159,10.20,0.67,0.39,1.90,0.05,6.00,17.00,1.00,3.17,0.47,10.00,5,Red Wine
379,8.50,0.28,0.35,1.70,0.06,6.00,15.00,1.00,3.30,0.74,11.80,7,Red Wine
1281,7.20,0.58,0.03,2.30,0.08,7.00,28.00,1.00,3.35,0.52,10.00,5,Red Wine
4439,7.50,0.38,0.56,9.70,0.06,15.00,170.00,1.00,3.13,0.65,9.90,6,White Wine
2244,6.10,0.43,0.35,9.10,0.06,83.00,249.00,1.00,3.37,0.50,8.50,5,White Wine
325,5.10,0.31,0.30,0.90,0.04,28.00,152.00,0.99,3.54,0.56,10.10,6,White Wine
2031,6.90,0.25,0.35,9.20,0.03,42.00,150.00,0.99,3.21,0.36,11.50,6,White Wine
44,7.60,0.31,0.27,5.80,0.04,23.00,109.00,0.99,3.34,0.54,11.00,6,White Wine
1096,8.30,0.20,0.49,1.70,0.04,34.00,169.00,0.99,3.05,0.37,10.10,5,White Wine
6425,6.80,0.12,0.30,12.90,0.05,32.00,88.00,1.00,3.20,0.35,9.90,6,White Wine
489,7.80,0.21,0.49,1.35,0.05,6.00,48.00,0.99,3.15,0.28,11.40,5,White Wine
3284,7.20,0.31,0.41,8.60,0.05,15.00,89.00,1.00,3.29,0.64,9.90,6,White Wine
2214,8.60,0.22,0.33,1.20,0.03,38.00,95.00,0.99,2.83,0.31,10.30,5,White Wine
548,10.30,0.25,0.48,2.20,0.04,28.00,164.00,1.00,3.19,0.59,9.70,5,White Wine
3197,7.00,0.21,0.28,8.60,0.04,37.00,221.00,1.00,3.25,0.54,10.40,6,White Wine
3639,7.10,0.24,0.41,17.80,0.05,39.00,145.00,1.00,3.32,0.39,8.70,5,White Wine
380,7.70,0.30,0.32,1.60,0.04,23.00,124.00,0.99,2.93,0.33,11.00,6,White Wine
6377,6.30,0.48,0.48,1.80,0.04,35.00,96.00,0.99,3.49,0.74,12.20,6,White Wine
3151,7.00,0.22,0.33,2.10,0.05,15.00,76.00,0.99,3.20,0.41,10.60,6,White Wine
3051,5.80,0.30,0.38,4.90,0.04,22.00,86.00,0.99,3.23,0.58,13.10,7,White Wine
5773,6.50,0.35,0.28,12.40,0.05,86.00,213.00,1.00,3.16,0.51,9.90,6,White Wine
1145,6.70,0.34,0.30,15.60,0.05,51.00,196.00,1.00,3.19,0.49,9.30,5,White Wine
5333,6.30,0.32,0.26,12.30,0.04,24.00,205.00,1.00,3.11,0.58,9.90,5,White Wine
1060,6.60,0.70,0.07,1.60,0.08,6.00,15.00,1.00,3.44,0.58,10.70,5,Red Wine
2818,10.80,0.45,0.33,2.50,0.10,20.00,38.00,1.00,3.24,0.71,10.80,5,Red Wine
578,7.10,0.36,0.37,4.80,0.02,39.00,114.00,0.99,3.08,0.49,12.70,7,White Wine
1854,5.80,0.19,0.25,10.80,0.04,33.00,124.00,1.00,3.22,0.41,9.20,6,White Wine
1826,7.40,0.38,0.34,8.30,0.05,44.00,168.00,1.00,3.11,0.52,9.20,5,White Wine
5750,6.30,0.23,0.30,1.80,0.03,16.00,91.00,0.99,3.28,0.40,11.80,6,White Wine
2569,6.30,0.17,0.32,1.00,0.04,39.00,118.00,0.99,3.31,0.40,13.10,8,White Wine
2839,5.00,0.24,0.19,5.00,0.04,17.00,101.00,0.99,3.67,0.57,10.00,5,White Wine
2759,7.20,0.32,0.30,8.25,0.02,14.00,104.00,0.99,2.99,0.44,11.40,6,White Wine
3974,7.70,0.28,0.29,6.90,0.04,29.00,163.00,1.00,3.44,0.60,10.50,6,White Wine
2384,8.10,0.73,0.00,2.50,0.08,12.00,24.00,1.00,3.38,0.46,9.60,4,Red Wine
5543,7.00,0.16,0.36,2.60,0.03,28.00,98.00,0.99,3.11,0.37,11.20,7,White Wine
3474,6.00,0.33,0.20,1.80,0.03,49.00,159.00,0.99,3.41,0.53,11.00,6,White Wine
799,5.90,0.20,0.23,1.50,0.04,38.00,93.00,0.99,3.36,0.49,12.00,6,White Wine
5988,8.70,0.46,0.31,2.50,0.13,24.00,64.00,1.00,3.10,0.74,9.60,5,Red Wine
2060,7.20,0.26,0.30,2.10,0.03,50.00,158.00,0.99,3.33,0.43,12.10,7,White Wine
4749,6.70,0.15,0.38,1.70,0.04,20.00,84.00,0.99,3.09,0.53,11.40,6,White Wine
2162,6.60,0.21,0.29,5.35,0.03,43.00,106.00,0.99,2.93,0.43,11.50,7,White Wine
6391,6.70,0.50,0.63,13.40,0.08,81.00,238.00,1.00,3.08,0.44,9.20,5,White Wine
4402,6.80,0.41,0.30,8.80,0.04,28.00,131.00,1.00,3.12,0.59,9.90,5,White Wine
1418,9.00,0.55,0.30,8.10,0.03,14.00,71.00,0.99,2.94,0.36,11.80,5,White Wine
3253,6.00,0.21,0.24,12.10,0.05,55.00,164.00,1.00,3.34,0.39,9.40,5,White Wine
1001,5.60,0.26,0.26,5.70,0.03,12.00,80.00,0.99,3.25,0.38,10.80,5,White Wine
5897,6.90,0.40,0.17,12.90,0.03,59.00,186.00,1.00,3.08,0.49,9.40,5,White Wine
4891,8.70,0.42,0.45,2.40,0.07,32.00,59.00,1.00,3.33,0.77,12.00,6,Red Wine
6381,6.70,0.37,0.25,2.50,0.03,24.00,84.00,0.99,3.14,0.36,11.70,6,White Wine
5891,7.40,0.70,0.00,1.90,0.08,11.00,34.00,1.00,3.51,0.56,9.40,5,Red Wine
2118,5.70,0.26,0.65,1.20,0.08,17.00,137.00,0.99,3.20,0.42,9.40,5,White Wine
4269,7.30,0.73,0.00,2.20,0.08,18.00,28.00,1.00,3.41,0.60,9.40,5,Red Wine
5010,10.50,0.28,0.51,1.70,0.08,10.00,24.00,1.00,3.20,0.89,9.40,6,Red Wine
6152,10.40,0.34,0.58,3.70,0.17,6.00,16.00,1.00,3.19,0.70,11.30,6,Red Wine
6263,9.40,0.40,0.46,4.60,0.09,3.00,10.00,1.00,3.27,0.64,12.20,7,Red Wine
565,9.10,0.59,0.38,1.60,0.07,34.00,182.00,1.00,3.23,0.38,8.50,3,White Wine
6289,6.20,0.36,0.22,5.25,0.04,44.00,145.00,0.99,3.22,0.40,11.20,6,White Wine
5031,5.80,0.27,0.26,3.50,0.07,26.00,69.00,0.99,3.10,0.38,11.50,6,White Wine
1480,8.90,0.43,0.45,1.90,0.05,6.00,16.00,0.99,3.35,0.70,12.50,6,Red Wine
4115,6.60,0.24,0.27,10.30,0.05,54.00,219.00,1.00,3.04,0.45,8.80,5,White Wine
1495,6.40,0.16,0.32,8.75,0.04,38.00,118.00,0.99,3.19,0.41,10.70,5,White Wine
1670,6.40,0.38,0.24,7.20,0.05,41.00,151.00,1.00,3.11,0.60,9.20,5,White Wine
167,10.70,0.46,0.39,2.00,0.06,7.00,15.00,1.00,3.18,0.62,9.50,5,Red Wine
5982,6.20,0.21,0.34,6.60,0.03,36.00,91.00,0.99,3.32,0.45,12.50,7,White Wine
5587,5.30,0.32,0.12,6.60,0.04,22.00,141.00,0.99,3.36,0.60,10.40,6,White Wine
6161,4.70,0.34,0.14,1.30,0.04,69.00,168.00,0.99,3.47,0.46,10.50,5,White Wine
1156,6.60,0.29,0.39,6.75,0.03,22.00,98.00,0.99,3.15,0.80,12.90,7,White Wine
1460,9.50,0.42,0.41,2.30,0.03,22.00,145.00,1.00,3.06,0.52,11.00,6,White Wine
3420,7.70,0.94,0.43,2.20,0.11,22.00,114.00,1.00,3.25,0.73,9.20,5,Red Wine
1972,7.50,0.23,0.35,17.80,0.06,128.00,212.00,1.00,3.44,0.43,8.90,5,White Wine
1427,7.00,0.30,0.38,14.90,0.03,60.00,181.00,1.00,3.18,0.61,9.30,7,White Wine
272,6.60,0.21,0.49,18.15,0.04,41.00,158.00,1.00,3.28,0.39,8.70,6,White Wine
1651,7.20,0.60,0.04,2.50,0.08,18.00,88.00,1.00,3.53,0.55,9.50,5,Red Wine
1817,7.20,0.25,0.28,14.40,0.06,55.00,205.00,1.00,3.12,0.38,9.00,7,White Wine
4965,6.50,0.50,0.22,4.10,0.04,35.00,131.00,0.99,3.26,0.55,13.00,7,White Wine
719,7.40,0.18,0.29,1.40,0.04,34.00,101.00,0.99,3.54,0.60,10.50,7,White Wine
6295,6.60,0.73,0.02,7.90,0.12,68.00,124.00,1.00,3.47,0.53,9.90,5,Red Wine
2980,6.10,0.17,0.42,15.10,0.03,28.00,124.00,1.00,2.87,0.47,9.50,5,White Wine
4831,7.30,0.51,0.18,2.10,0.07,12.00,28.00,1.00,3.52,0.73,9.50,6,Red Wine
5466,7.30,0.30,0.39,1.20,0.06,7.00,11.00,0.99,3.29,0.52,11.50,6,Red Wine
196,6.90,0.23,0.33,12.80,0.06,44.00,169.00,1.00,3.42,0.42,9.80,6,White Wine
2337,6.90,0.51,0.23,2.00,0.07,13.00,22.00,0.99,3.40,0.84,11.20,6,Red Wine
6078,6.70,0.24,0.32,10.30,0.08,37.00,122.00,1.00,3.02,0.45,8.80,5,White Wine
4730,7.10,0.71,0.00,2.35,0.07,21.00,47.00,1.00,3.29,0.45,9.40,5,Red Wine
930,6.40,0.24,0.25,20.20,0.08,35.00,157.00,1.00,3.17,0.50,9.10,5,White Wine
2272,6.70,0.30,0.45,10.60,0.03,56.00,212.00,1.00,3.22,0.59,9.50,6,White Wine
1002,5.30,0.40,0.07,1.30,0.04,26.00,102.00,0.99,3.50,0.35,10.60,6,White Wine
6005,6.50,0.46,0.14,2.40,0.11,9.00,37.00,1.00,3.66,0.65,9.80,5,Red Wine
1437,7.70,1.00,0.15,2.10,0.10,11.00,32.00,1.00,3.23,0.48,10.00,5,Red Wine
4617,6.40,0.35,0.51,7.80,0.06,53.00,177.00,1.00,3.12,0.45,9.60,5,White Wine
2359,7.00,0.36,0.21,2.30,0.09,20.00,65.00,1.00,3.40,0.54,10.10,6,Red Wine
4523,11.60,0.47,0.40,1.40,0.09,6.00,28.00,1.00,3.07,0.65,10.03,6,Red Wine
5168,7.40,0.25,0.37,13.50,0.06,52.00,192.00,1.00,3.00,0.44,9.10,5,White Wine
5943,6.80,0.21,0.40,6.30,0.03,40.00,121.00,0.99,3.18,0.53,12.00,7,White Wine
3079,8.70,0.22,0.42,2.30,0.05,27.00,114.00,0.99,2.99,0.43,10.00,5,White Wine
495,6.40,0.15,0.40,1.30,0.05,61.00,146.00,0.99,3.17,0.68,11.00,6,White Wine
4388,6.70,0.16,0.34,1.60,0.03,27.00,109.00,0.99,3.34,0.58,10.10,6,White Wine
1872,6.70,0.31,0.42,6.40,0.06,25.00,148.00,1.00,3.16,0.45,9.60,5,White Wine
4808,7.80,0.64,0.00,1.90,0.07,27.00,55.00,1.00,3.31,0.63,11.00,5,Red Wine
3488,6.40,0.15,0.29,1.80,0.04,21.00,115.00,0.99,3.10,0.38,10.20,5,White Wine
5962,6.20,0.33,0.41,16.80,0.04,58.00,173.00,1.00,3.25,0.57,9.40,6,White Wine
4018,8.10,0.57,0.22,2.10,0.08,12.00,65.00,1.00,3.29,0.51,9.20,5,Red Wine
4139,6.70,0.23,0.33,1.80,0.04,23.00,96.00,0.99,3.32,0.40,10.80,6,White Wine
4592,8.10,0.56,0.28,1.70,0.37,16.00,56.00,1.00,3.11,1.28,9.30,5,Red Wine
3951,11.80,0.26,0.52,1.80,0.07,6.00,10.00,1.00,3.20,0.72,10.20,7,Red Wine
643,8.20,0.44,0.24,2.30,0.06,10.00,28.00,1.00,3.25,0.53,10.20,6,Red Wine
214,7.60,0.16,0.41,1.90,0.05,27.00,151.00,0.99,3.20,0.53,10.10,6,White Wine
2670,6.60,0.28,0.42,8.20,0.04,60.00,196.00,1.00,3.14,0.48,9.40,5,White Wine
2709,6.60,0.72,0.09,5.50,0.12,9.00,17.00,1.00,3.35,0.49,10.80,6,Red Wine
5048,7.40,0.20,0.43,7.80,0.04,27.00,153.00,1.00,3.19,0.55,9.00,7,White Wine
5682,6.80,0.30,0.24,6.60,0.12,35.00,116.00,1.00,3.07,0.48,9.40,5,White Wine
467,7.10,0.25,0.28,1.20,0.04,31.00,111.00,0.99,3.18,0.53,11.10,5,White Wine
1143,7.00,0.40,0.32,3.60,0.06,9.00,29.00,0.99,3.28,0.49,11.30,7,Red Wine
989,5.30,0.47,0.10,1.30,0.04,11.00,74.00,0.99,3.48,0.54,11.20,4,White Wine
660,11.30,0.62,0.67,5.20,0.09,6.00,19.00,1.00,3.22,0.69,13.40,8,Red Wine
4794,6.80,0.19,0.33,1.30,0.03,22.00,87.00,0.99,3.08,0.62,12.30,7,White Wine
4747,6.60,0.23,0.37,8.50,0.04,46.00,153.00,1.00,3.20,0.48,9.40,6,White Wine
119,6.80,0.27,0.12,1.30,0.04,87.00,168.00,0.99,3.18,0.41,10.00,5,White Wine
1921,7.90,0.60,0.06,1.60,0.07,15.00,59.00,1.00,3.30,0.46,9.40,5,Red Wine
4311,7.30,0.25,0.39,6.40,0.03,8.00,84.00,0.99,3.18,0.46,11.50,5,White Wine
4425,7.90,0.27,0.27,1.70,0.03,25.00,122.00,0.99,2.97,0.51,11.90,6,White Wine
1424,7.10,0.85,0.49,8.70,0.03,40.00,184.00,1.00,3.22,0.36,10.70,5,White Wine
4655,9.20,0.15,0.68,1.60,0.05,22.00,130.00,0.99,3.02,0.45,10.40,6,White Wine
6292,8.10,0.82,0.00,4.10,0.10,5.00,14.00,1.00,3.36,0.53,9.60,5,Red Wine
6389,6.00,0.20,0.26,1.10,0.03,38.00,67.00,0.99,3.14,0.38,11.50,6,White Wine
1540,6.40,0.24,0.29,11.40,0.05,32.00,166.00,1.00,3.31,0.45,9.50,5,White Wine
1499,6.40,0.25,0.32,0.90,0.03,40.00,114.00,0.99,3.31,0.58,10.80,7,White Wine
768,7.90,0.17,0.32,1.60,0.05,47.00,150.00,0.99,3.29,0.76,9.60,6,White Wine
6285,7.50,0.58,0.20,2.00,0.07,34.00,44.00,0.99,3.10,0.43,9.30,5,Red Wine
393,6.30,0.27,0.51,7.60,0.05,35.00,200.00,1.00,3.16,0.54,9.40,4,White Wine
2669,6.50,0.39,0.35,1.60,0.05,10.00,164.00,1.00,3.35,0.51,9.70,5,White Wine
3719,6.60,0.80,0.03,7.80,0.08,6.00,12.00,1.00,3.52,0.50,12.20,5,Red Wine
4495,6.90,0.19,0.38,1.15,0.02,30.00,105.00,0.99,3.11,0.38,11.40,5,White Wine
1994,7.30,0.33,0.40,6.85,0.04,32.00,138.00,0.99,3.03,0.30,11.90,7,White Wine
4109,6.70,0.18,0.25,14.30,0.05,79.00,149.00,1.00,3.12,0.37,9.70,5,White Wine
6113,5.10,0.51,0.18,2.10,0.04,16.00,101.00,0.99,3.46,0.87,12.90,7,Red Wine
6456,6.40,0.32,0.26,7.90,0.05,53.00,180.00,1.00,3.14,0.50,9.60,5,White Wine
1746,5.90,0.34,0.22,2.40,0.03,19.00,135.00,0.99,3.41,0.78,13.90,7,White Wine
6321,6.80,0.23,0.32,1.60,0.03,43.00,147.00,0.99,3.29,0.54,12.50,6,White Wine
134,7.00,0.18,0.49,5.30,0.04,34.00,125.00,0.99,3.24,0.40,12.20,6,White Wine
555,5.90,0.24,0.34,2.00,0.04,40.00,108.00,0.99,3.19,0.50,12.30,6,White Wine
6192,11.70,0.49,0.49,2.20,0.08,5.00,15.00,1.00,3.19,0.43,9.20,5,Red Wine
675,6.90,0.24,0.40,15.40,0.05,81.00,198.00,1.00,3.20,0.69,9.40,5,White Wine
5318,9.10,0.25,0.34,2.00,0.07,45.00,67.00,1.00,3.44,0.86,10.20,7,Red Wine
1640,7.80,0.16,0.41,1.70,0.03,29.00,140.00,0.99,3.02,0.78,12.50,6,White Wine
760,6.70,0.30,0.35,1.40,0.18,36.00,160.00,0.99,3.11,0.54,9.40,6,White Wine
257,9.10,0.22,0.24,2.10,0.08,1.00,28.00,1.00,3.41,0.87,10.30,6,Red Wine
4608,8.00,0.28,0.30,8.40,0.03,35.00,115.00,0.99,2.93,0.42,12.30,6,White Wine
2724,5.60,0.28,0.40,6.10,0.03,36.00,118.00,0.99,3.21,0.43,12.10,7,White Wine
554,6.90,0.67,0.06,2.10,0.08,8.00,33.00,1.00,3.68,0.71,9.60,5,Red Wine
5997,6.70,0.15,0.32,7.90,0.03,17.00,81.00,1.00,3.29,0.31,10.00,6,White Wine
2043,6.10,0.28,0.23,4.20,0.04,13.00,95.00,0.99,2.97,0.70,13.10,6,White Wine
5463,6.90,0.32,0.27,16.00,0.03,58.00,185.00,1.00,3.34,0.60,9.00,6,White Wine
3147,8.50,0.24,0.39,10.40,0.04,20.00,142.00,1.00,3.20,0.53,10.00,6,White Wine
6199,6.80,0.23,0.42,7.40,0.04,56.00,189.00,1.00,3.22,0.48,9.30,6,White Wine
5625,7.20,0.27,0.74,12.50,0.04,47.00,156.00,1.00,3.04,0.44,8.70,5,White Wine
4309,6.70,0.23,0.26,1.40,0.06,33.00,154.00,0.99,3.24,0.56,9.50,6,White Wine
33,7.60,0.79,0.21,2.30,0.09,21.00,68.00,1.00,3.12,0.44,9.20,5,Red Wine
1334,5.50,0.32,0.45,4.90,0.03,25.00,191.00,0.99,3.51,0.49,11.50,7,White Wine
3618,8.20,0.36,0.29,7.60,0.04,37.00,122.00,0.99,3.16,0.34,12.00,5,White Wine
1569,8.20,0.32,0.26,2.10,0.06,26.00,87.00,0.99,3.10,0.47,12.80,6,White Wine
5753,9.00,0.55,0.30,8.10,0.03,14.00,71.00,0.99,2.94,0.36,11.80,5,White Wine
841,8.60,0.42,0.39,1.80,0.07,6.00,12.00,1.00,3.35,0.69,11.70,8,Red Wine
5136,8.00,0.45,0.36,8.80,0.03,50.00,151.00,0.99,3.07,0.25,12.70,8,White Wine
651,5.70,0.69,0.06,6.80,0.04,9.00,84.00,0.99,3.44,0.44,10.20,5,White Wine
4166,6.50,0.19,0.32,1.40,0.04,31.00,132.00,0.99,3.36,0.54,10.80,7,White Wine
5105,9.40,0.16,0.30,1.40,0.04,26.00,176.00,1.00,3.15,0.46,9.10,5,White Wine
5063,7.60,0.29,0.49,9.60,0.03,45.00,197.00,0.99,3.13,0.38,12.30,7,White Wine
2092,7.10,0.14,0.35,1.40,0.04,24.00,128.00,0.99,2.97,0.68,10.40,5,White Wine
3873,6.80,0.22,0.30,10.60,0.07,67.00,194.00,1.00,2.89,0.42,9.00,6,White Wine
1150,7.20,0.25,0.32,1.50,0.05,24.00,105.00,0.99,3.17,0.48,11.10,6,White Wine
4136,6.90,0.20,0.40,7.70,0.03,51.00,176.00,0.99,3.22,0.27,11.40,5,White Wine
3864,6.60,0.16,0.25,9.80,0.05,59.50,137.00,0.99,3.16,0.38,10.00,6,White Wine
321,7.20,0.58,0.20,10.40,0.09,17.00,94.00,1.00,3.13,0.40,9.40,5,White Wine
5739,6.10,0.34,0.24,18.35,0.05,33.00,184.00,1.00,3.12,0.61,9.30,5,White Wine
3856,7.60,0.27,0.29,2.50,0.06,37.00,115.00,0.99,3.09,0.37,9.80,5,White Wine
1103,7.00,0.28,0.33,14.60,0.04,47.00,168.00,1.00,3.34,0.67,8.80,6,White Wine
624,6.70,0.27,0.26,2.30,0.04,61.00,181.00,0.99,3.45,0.63,10.60,6,White Wine
4595,6.90,0.61,0.42,12.00,0.07,24.00,131.00,1.00,3.19,0.34,9.30,5,White Wine
6455,6.80,0.14,0.35,1.50,0.05,40.00,117.00,0.99,3.07,0.72,11.10,6,White Wine
641,5.80,0.28,0.66,9.10,0.04,26.00,159.00,1.00,3.66,0.55,10.80,5,White Wine
3634,6.70,0.34,0.30,8.50,0.06,24.00,152.00,1.00,3.46,0.64,11.00,7,White Wine
6323,6.50,0.44,0.47,5.45,0.01,44.00,137.00,0.99,3.13,0.32,13.00,8,White Wine
221,6.20,0.32,0.50,6.50,0.05,61.00,186.00,0.99,3.19,0.45,9.60,5,White Wine
3239,7.60,0.35,0.60,2.60,0.07,23.00,44.00,1.00,3.38,0.79,11.10,6,Red Wine
6146,6.20,0.16,0.34,1.70,0.04,85.00,153.00,0.99,3.33,0.86,12.00,7,White Wine
3645,7.20,0.40,0.49,1.10,0.05,11.00,138.00,0.99,3.01,0.42,9.30,5,White Wine
787,6.50,0.19,0.30,0.80,0.04,33.00,144.00,0.99,3.42,0.39,9.10,6,White Wine
3681,7.60,0.34,0.26,1.90,0.04,15.00,134.00,0.99,3.08,0.38,9.50,5,White Wine
4202,8.20,0.24,0.34,5.10,0.06,8.00,22.00,1.00,3.22,0.94,10.90,6,Red Wine
4707,6.20,0.27,0.18,1.50,0.03,20.00,111.00,0.99,3.41,0.50,10.00,5,White Wine
6459,6.80,0.16,0.36,1.30,0.03,32.00,98.00,0.99,3.02,0.58,11.30,6,White Wine
1373,6.40,0.26,0.21,8.20,0.05,51.00,182.00,1.00,3.23,0.48,9.50,5,White Wine
2984,9.10,0.37,0.32,2.10,0.06,4.00,15.00,1.00,3.30,0.80,11.20,6,Red Wine
1985,6.10,0.18,0.36,2.00,0.04,20.00,249.50,0.99,3.37,0.79,11.30,6,White Wine
2585,7.40,0.64,0.10,2.40,0.08,16.00,33.00,1.00,3.58,0.69,10.80,7,Red Wine
1785,6.50,0.33,0.72,1.10,0.06,7.00,151.00,0.99,3.09,0.57,9.50,4,White Wine
1748,6.60,0.38,0.28,2.80,0.04,17.00,67.00,0.99,3.21,0.47,13.20,6,White Wine
2841,6.50,0.25,0.27,15.20,0.05,75.00,217.00,1.00,3.19,0.39,9.90,5,White Wine
6126,6.80,0.25,0.18,1.40,0.06,13.00,137.00,0.99,3.11,0.42,9.50,5,White Wine
6409,7.20,0.20,0.34,2.70,0.03,49.00,151.00,0.99,3.16,0.39,12.70,7,White Wine
3382,6.30,0.20,0.58,1.40,0.20,15.00,97.00,0.99,3.16,0.43,10.00,6,White Wine
5933,7.00,0.21,0.28,8.70,0.04,37.00,222.00,1.00,3.25,0.54,10.40,6,White Wine
3998,6.60,0.28,0.30,7.80,0.05,57.00,202.00,1.00,3.24,0.39,9.50,5,White Wine
579,11.10,0.18,0.48,1.50,0.07,7.00,15.00,1.00,3.22,0.64,10.10,6,Red Wine
2090,8.00,0.23,0.46,1.50,0.03,30.00,125.00,0.99,3.23,0.47,12.50,6,White Wine
6259,6.40,0.24,0.26,8.20,0.05,47.00,182.00,1.00,3.12,0.50,9.50,5,White Wine
4168,7.70,0.62,0.04,3.80,0.08,25.00,45.00,1.00,3.34,0.53,9.50,5,Red Wine
220,8.10,0.29,0.49,7.10,0.04,22.00,124.00,0.99,3.14,0.41,10.80,6,White Wine
4254,8.20,0.24,0.49,9.30,0.04,52.00,163.00,1.00,3.02,0.33,10.60,6,White Wine
4840,7.70,0.26,0.32,1.20,0.04,26.00,117.00,0.99,3.21,0.56,10.80,5,White Wine
2676,6.60,0.31,0.38,16.05,0.06,16.00,165.00,1.00,3.38,0.60,9.20,5,White Wine
3861,8.00,0.34,0.25,6.40,0.04,38.00,103.00,0.99,2.91,0.23,12.20,6,White Wine
1180,6.00,0.49,0.27,5.00,0.16,17.00,129.00,0.99,3.03,0.36,9.30,5,White Wine
3629,7.90,0.21,0.39,2.00,0.06,21.00,138.00,0.99,3.05,0.52,10.90,5,White Wine
5002,6.80,0.27,0.30,13.00,0.05,69.00,160.00,1.00,3.16,0.50,9.60,6,White Wine
536,7.20,0.46,0.65,10.40,0.05,76.00,192.00,1.00,3.16,0.42,8.70,5,White Wine
4890,8.40,0.29,0.40,1.70,0.07,8.00,20.00,1.00,3.39,0.60,10.50,5,Red Wine
2817,9.10,0.30,0.41,2.00,0.07,10.00,24.00,1.00,3.27,0.85,11.70,7,Red Wine
6156,7.80,0.29,0.36,7.00,0.04,38.00,161.00,0.99,3.26,0.37,11.20,8,White Wine
2625,7.20,0.30,0.30,8.10,0.05,40.00,188.00,1.00,3.15,0.49,9.10,6,White Wine
2600,6.20,0.24,0.27,2.90,0.04,30.00,123.00,0.99,3.12,0.37,12.80,6,White Wine
2509,6.30,0.40,0.32,10.60,0.05,38.00,209.00,1.00,3.47,0.59,9.30,6,White Wine
6418,6.40,0.38,0.20,5.30,0.12,57.00,181.00,0.99,3.24,0.43,9.50,6,White Wine
4804,8.20,0.32,0.42,2.30,0.10,3.00,9.00,1.00,3.27,0.55,12.30,6,Red Wine
1172,8.00,0.25,0.49,1.20,0.06,27.00,117.00,0.99,3.08,0.34,9.40,5,White Wine
4816,7.20,0.17,0.34,6.40,0.04,16.00,111.00,0.99,2.99,0.40,10.80,6,White Wine
4672,6.60,0.55,0.04,2.50,0.03,48.00,111.00,0.99,3.14,0.32,11.90,5,White Wine
6256,10.20,0.29,0.49,2.60,0.06,5.00,13.00,1.00,3.05,0.74,10.50,7,Red Wine
1136,8.60,0.23,0.25,11.30,0.03,13.00,96.00,1.00,3.11,0.40,10.80,5,White Wine
5488,9.00,0.53,0.49,1.90,0.17,6.00,25.00,1.00,3.27,0.61,9.40,6,Red Wine
5806,6.80,0.26,0.43,11.75,0.04,53.00,198.00,1.00,3.26,0.55,9.50,5,White Wine
3318,5.80,0.40,0.42,4.40,0.05,38.50,245.00,0.99,3.25,0.57,9.60,6,White Wine
992,6.70,0.64,0.23,2.10,0.08,11.00,119.00,1.00,3.36,0.70,10.90,5,Red Wine
3515,6.70,0.24,0.31,2.30,0.04,37.00,113.00,0.99,3.29,0.46,12.90,6,White Wine
5981,7.40,0.33,0.26,15.60,0.05,67.00,210.00,1.00,3.06,0.68,9.50,5,White Wine
2535,7.20,0.67,0.00,2.20,0.07,10.00,24.00,1.00,3.42,0.72,11.10,6,Red Wine
2049,7.00,0.15,0.28,14.70,0.05,29.00,149.00,1.00,2.96,0.39,9.00,7,White Wine
1328,6.60,0.30,0.25,8.00,0.04,21.00,124.00,0.99,3.06,0.38,10.80,6,White Wine
3374,9.80,0.88,0.25,2.50,0.10,35.00,155.00,1.00,3.41,0.67,11.20,5,Red Wine
308,6.30,0.38,0.17,8.80,0.08,50.00,212.00,1.00,3.47,0.66,9.40,4,White Wine
1194,9.90,0.54,0.45,2.30,0.07,16.00,40.00,1.00,3.39,0.62,9.40,5,Red Wine
5078,5.60,0.19,0.26,1.40,0.03,12.00,76.00,0.99,3.25,0.37,10.90,7,White Wine
6224,6.10,1.10,0.16,4.40,0.03,8.00,109.00,0.99,3.35,0.47,12.40,4,White Wine
4391,5.60,0.20,0.16,12.55,0.05,31.00,115.00,1.00,3.40,0.38,10.80,6,White Wine
1624,6.90,0.69,0.00,2.50,0.10,22.00,37.00,1.00,3.46,0.57,10.60,6,Red Wine
499,7.40,0.19,0.31,14.50,0.04,39.00,193.00,1.00,3.10,0.50,9.20,6,White Wine
1425,6.40,0.16,0.42,1.00,0.04,29.00,113.00,0.99,3.18,0.52,11.00,6,White Wine
1514,5.80,0.25,0.26,13.10,0.05,44.00,148.00,1.00,3.29,0.38,9.30,5,White Wine
2606,9.90,0.25,0.46,1.70,0.06,26.00,42.00,1.00,3.18,0.83,10.60,6,Red Wine
1861,6.60,0.54,0.21,16.30,0.06,41.00,182.00,1.00,3.35,0.54,10.40,6,White Wine
